Kode,Close,Skor,N_Bukti,N_RedFlag,Nego_5d_M,Foreign_5d_M,Vol_5d,Ret_5d,Ret_20d
BINA,4060.0,49,6,0,173.75,7.31e-05,3.8111865014892308,0.007444168734491274,-0.02168674698795181
SMAR,8500.0,43,7,1,0.00304,-1.35e-05,3.6210038883520377,0.37096774193548376,0.26865671641791056
UNSP,358.0,42,6,1,943.841027808,0.0081416,1.0333929244637747,0.06547619047619047,0.8358974358974358
PTBA,3180.0,42,8,0,10.35263206,-0.0192269,0.8157741153313722,0.029126213592232997,0.10416666666666674
MKAP,1135.0,41,7,0,0.0,0.0004884,1.3261065651097521,0.008888888888888946,0.008888888888888946
MTLA,690.0,39,5,1,166.036042,-8.4e-06,6.4319715957473615,0.19999999999999996,0.2897196261682242
APIC,400.0,39,5,1,55.507840506,-0.0022256,0.2615767763704394,0.0,-0.21568627450980393
SEMA,470.0,38,6,1,0.0,-0.0034319,2.004158091274894,0.7803030303030303,3.15929203539823
PEGE,137.0,38,5,0,49.64000002,0.0052143,0.9423440086301271,-0.028368794326241176,0.09600000000000009
VKTR,835.0,37,5,0,30.10840186,0.0497253,0.9236312362581088,0.07051282051282048,-0.034682080924855474
KETR,935.0,36,3,0,524.119056,-0.0093129,0.8799709450624619,-0.04102564102564099,0.0935672514619883
DAAZ,1985.0,35,7,1,88.0065,-4.8e-06,1.219514446648026,0.1089385474860336,0.18862275449101795
TLKM,2250.0,35,3,1,817.14951271,-0.2001094,1.6628182474367157,-0.06639004149377592,-0.13793103448275867
SAMF,360.0,33,6,1,0.0,0.0033899,3.188644912462175,0.139240506329114,0.139240506329114
LPPF,1585.0,33,5,0,0.0,0.001456,0.7247782025038637,0.0,-0.012461059190031154
ENRG,1440.0,33,6,0,20.572802415,0.048194,1.050707831252894,0.08679245283018866,0.07462686567164178
ROCK,2960.0,33,6,1,0.0,2.04e-05,2.5159945946913957,0.40284360189573465,0.39622641509433953
ADMF,8300.0,32,3,1,480.410112,-0.0001938,2.957857598668981,-0.040462427745664775,-0.04871060171919772
ALII,700.0,32,4,0,0.0,0.0009813,2.0330787320429797,0.021897810218978186,-0.11392405063291144
GEMS,8425.0,31,5,0,0.0,-0.0002599,2.4731760272029653,0.16608996539792398,0.1308724832214765
GOTO,30.0,31,5,5,120.06695873,-36.764332,12.699122387094347,-0.4,-0.4
MBSS,3630.0,31,5,0,0.0,-0.0010584,2.369661140308248,0.25605536332179923,0.278169014084507
SMLE,302.0,31,7,1,1.5889,-0.0099411,1.3901498970658976,0.07092198581560294,0.5894736842105264
INDF,6825.0,31,5,1,63.496558423,-0.0017778,0.8997808497875208,0.011111111111111072,-0.05536332179930792
RSCH,560.0,30,6,1,0.0,0.0092007,1.2245099067521596,0.25,0.3999999999999999
BBCA,6100.0,30,3,1,1877.168522173,-0.0481229,1.196132870000503,-0.02400000000000002,-0.08955223880597019
MPXL,260.0,30,6,1,0.0,0.0021087,1.236216681417306,0.19266055045871555,0.5853658536585367
BUVA,590.0,30,4,2,167.9357,0.0043721,1.0043314624001933,-0.048387096774193505,-0.23376623376623373
UVCR,266.0,30,7,2,21.028,0.0193966,1.1687788810831554,0.33000000000000007,0.821917808219178
BNBR,72.0,29,4,1,80.522178651,-0.0894511,0.906923629941622,-0.040000000000000036,-0.28
MAPI,1485.0,29,5,0,0.0001581,0.0088188,1.1509070560260883,-0.01655629139072845,0.042105263157894646
BIPI,126.0,28,5,1,47.5931148,0.0006866,0.4867237931621017,-0.08029197080291972,-0.136986301369863
GGRP,370.0,28,5,0,0.0,0.0001288,2.3704199878410717,0.10119047619047628,0.14906832298136652
MGRO,720.0,28,5,0,0.0,0.0014578,1.0780232642448857,0.03597122302158273,0.04347826086956519
UNIQ,138.0,28,5,1,0.0,-5.34e-05,4.768918598951062,0.2660550458715596,0.12195121951219523
SPTO,600.0,28,4,0,0.0,0.0007054,0.9602959354086489,0.0,-0.032258064516129004
PTRO,5125.0,27,4,0,39.38330506,-0.0045761,0.9031242369512974,-0.03301886792452835,-0.046511627906976716
AIMS,710.0,27,6,2,5.5391,-2.91e-05,2.6692847195979903,0.5042372881355932,0.3271028037383177
BDKR,170.0,27,5,0,0.0,0.0076616,1.7608793761286985,0.0691823899371069,0.08974358974358965
SNLK,236.0,27,4,1,0.456,0.0003502,0.6986129218498649,-0.01666666666666672,0.01724137931034475
BBRI,3080.0,27,3,2,401.635315717,-0.0601245,0.8511306331149626,-0.022222222222222254,-0.09144542772861353
DSSA,1140.0,27,6,0,17.473539,0.0481593,0.7266271231622868,0.08056872037914697,-0.03389830508474578
BMRI,4030.0,27,3,2,381.59710133,-0.2128654,0.9616654658709656,-0.01225490196078427,-0.08823529411764708
KSIX,418.0,27,5,0,0.0,-0.0001505,1.8640221034772282,0.05555555555555558,0.009661835748792313
MMIX,920.0,27,6,1,7.37349534,0.0053488,0.7783983348514208,0.03370786516853941,0.1499999999999999
GDYR,1125.0,26,4,0,0.0,0.000158,4.365836333161608,0.013513513513513598,0.013513513513513598
MOLI,420.0,26,5,0,0.0,0.0055782,1.0572657130811494,0.1351351351351351,0.33757961783439483
CSMI,332.0,25,6,1,0.0,0.0039453,1.220698928041653,0.6435643564356435,1.6774193548387095
BDMN,4650.0,25,6,0,0.00022,-0.0005597,1.267409281162284,0.05681818181818188,0.04260089686098656
ASGR,2520.0,25,4,0,0.0,-0.0024687,3.4057858634144806,0.19999999999999996,0.16666666666666674
MEJA,133.0,24,4,1,0.075397014,-0.0383659,2.9938163832785127,-0.0699300699300699,0.209090909090909
ARGO,1185.0,24,4,0,0.0,2.93e-05,1.2961228249955246,-0.07058823529411762,0.008510638297872353
ARNA,515.0,24,5,0,10.37,-0.0114275,0.992191641406114,-0.028301886792452824,0.009803921568627416
JRPT,1160.0,23,4,0,0.0,-0.0015829,0.7229678902710119,0.008695652173912993,0.06422018348623859
EURO,1395.0,23,4,0,0.0,2.22e-05,1.9181855504914593,-0.0035714285714285587,-0.09999999999999998
EMAS,7700.0,23,5,1,0.1545375,0.014041,0.5410026276991948,0.009836065573770592,-0.11239193083573484
SINI,15850.0,23,4,1,1.41195375,-0.0033366,0.783429748417673,-0.05654761904761907,0.8647058823529412
NSSS,715.0,23,4,1,36.979292,0.000517,0.640046738220609,-0.00694444444444442,-0.18285714285714283
URBN,290.0,23,4,1,0.0,0.0001344,2.625239331861975,0.03571428571428581,0.2831858407079646
PANS,1645.0,23,4,0,0.0,8.91e-05,0.7066275877173427,-0.009036144578313254,0.024922118380062308
CASA,1865.0,23,4,2,76.128214,-1e-05,0.09911935782479049,0.036111111111111205,0.036111111111111205
ASII,4630.0,23,5,1,6.313413331,-0.0099745,1.2901929779066688,-0.01279317697228144,-0.055102040816326525
ALDO,1270.0,23,4,1,0.0,9e-07,4.279211156392179,0.32291666666666674,0.34391534391534395
CMNP,1460.0,23,4,0,0.0,-0.0002416,2.5477891312877063,0.06181818181818177,0.024561403508772006
NOBU,510.0,22,3,0,0.0,0.0032059,1.606650156901766,-0.04672897196261683,-0.05555555555555558
SMIL,446.0,22,4,0,44.5504916,0.0033766,1.09725510934236,0.05188679245283012,0.0420560747663552
SATU,242.0,22,4,0,0.0,-0.0013574,1.8406748399502066,0.01680672268907557,-0.024193548387096753
CNMA,89.0,21,3,1,4.806e-06,0.0181709,0.691556897587769,-0.011111111111111072,-0.03260869565217395
TPIA,1700.0,21,3,2,21.134024041,-0.0055235,0.8067648854047867,-0.05555555555555558,-0.1478696741854637
BUMI,175.0,21,4,2,29.75479255,-0.1102581,0.6129274443184765,-0.038461538461538436,-0.16666666666666663
AMMN,4240.0,21,4,3,21.9001544,-0.0029632,0.7145749871408418,-0.10169491525423724,-0.034168564920273314
MDLA,206.0,21,3,1,0.0,0.0018195,0.414790137496541,0.0,-0.01904761904761909
CUAN,845.0,21,4,1,19.708245211,-0.0490212,0.9318804823704993,-0.09625668449197866,-0.10106382978723405
MDIY,945.0,21,3,1,0.0,0.0003342,0.3575995890960303,-0.010471204188481686,-0.015625
TBIG,1445.0,21,4,1,0.0,0.000247,0.3491505529669302,-0.013651877133105783,-0.04620462046204621
ISAT,2250.0,20,4,1,7.315999304,-0.0340319,0.5660480244076719,-0.04255319148936165,-0.05857740585774063
PSKT,234.0,20,3,1,0.145,0.003045,0.5650173398728041,-0.056451612903225756,-0.03305785123966942
SUPA,490.0,20,3,0,0.0,0.0010294,0.7836039124629357,-0.020000000000000018,-0.04854368932038833
VICI,1015.0,20,3,2,1.53,-0.0022438,0.36840736255562223,0.051813471502590636,0.1404494382022472
NEST,765.0,19,4,0,0.0,0.0023131,0.7367073104417414,0.0,0.03378378378378377
HBAT,394.0,19,4,0,0.0,0.000289,0.7905205237108742,0.09444444444444455,0.43795620437956195
MLIA,212.0,18,2,1,0.0,7.98e-05,2.1967470493064036,0.00952380952380949,-0.07017543859649122
DOSS,158.0,18,3,1,0.232,0.0008854,0.5790818960041555,-0.07602339181286555,-0.07602339181286555
AYAM,505.0,18,4,0,0.0,-0.0014498,0.9087199870403199,0.010000000000000009,0.0348360655737705
BSSR,5250.0,18,3,0,0.0,-0.0013616,1.5350572110878107,-0.023255813953488413,0.06490872210953347
RALS,376.0,18,2,0,0.0500409,-0.0027636,0.8153731563400914,-0.015706806282722474,-0.02083333333333337
AMAR,226.0,18,2,0,0.0,8.65e-05,2.4550574169252437,-0.00877192982456143,-0.0423728813559322
UNTR,26000.0,18,4,0,9.704001237,0.0028466,1.123172026727208,0.0732714138286894,0.04208416833667328
SRSN,132.0,18,4,0,0.4063875,0.093001,0.9369080164203121,0.07317073170731714,0.24528301886792447
PEVE,324.0,18,4,0,0.0,0.0001838,1.1574472740996125,0.04516129032258065,0.012499999999999956
KOTA,154.0,17,3,3,68.304063,0.006835,0.5819506750730798,-0.09411764705882353,-0.2735849056603774
MRAT,390.0,17,4,1,0.0,-9e-07,0.468264339278959,0.06557377049180335,-0.0625
BRPT,1420.0,17,3,2,7.838187628,-0.0198698,0.9007828340427986,-0.05960264900662249,-0.2067039106145251
CAKK,155.0,17,3,1,0.0,1.12e-05,0.4596812133405412,-0.03125,-0.037267080745341574
PART,121.0,17,4,0,0.1727355,0.0039507,1.2475260861522202,0.0803571428571428,0.0803571428571428
FMII,244.0,17,3,0,0.0,5.3e-06,1.817758128811645,0.03389830508474567,-0.046875
DEWA,338.0,17,3,1,3.84175,0.091651,0.8855773680058048,-0.050561797752809,-0.23873873873873874
GPRA,98.0,16,4,1,0.0,0.0034874,0.3591900842350484,-0.010101010101010055,-0.07547169811320753
GMFI,51.0,16,3,0,0.55,0.0461846,1.0924769429727312,-0.05555555555555558,-0.15000000000000002
TIFA,356.0,16,4,1,0.0,-5.7e-05,0.5988785182733457,0.2108843537414966,0.07878787878787885
FLMC,145.0,16,4,1,1.88183286,0.0006715,0.753841988910188,0.050724637681159424,0.34259259259259256
CYBR,505.0,16,2,0,1.976e-05,0.005865,1.0272568185783506,-0.028846153846153855,-0.05607476635514019
KDTN,426.0,16,3,0,0.0,-0.0025939,1.9396141739981503,0.13297872340425543,0.014285714285714235
PRIM,123.0,16,4,1,0.0,0.0018724,0.5417266906394184,0.016528925619834656,0.05128205128205132
PGLI,266.0,16,4,1,0.0,0.0005223,0.7820768484097174,0.2314814814814814,0.2429906542056075
DGNS,284.0,16,4,0,0.0,3.17e-05,0.9705615532874688,0.12698412698412698,0.07575757575757569
SSIA,1660.0,16,4,2,6.2110904,-0.0008333,0.4562188517584712,-0.011904761904761862,-0.08287292817679559
FORE,790.0,15,3,1,11.9925,-0.0009274,0.5709290029227094,0.012820512820512775,-0.03658536585365857
ASPR,141.0,15,3,0,0.0,0.0014149,1.829973128127568,0.14634146341463405,-0.04081632653061229
PKPK,5850.0,15,3,1,0.0,0.0015941,1.1037928295205535,0.049327354260089606,0.3356164383561644
CCSI,400.0,15,2,2,0.0,-0.0006865,2.0933006986672877,0.16959064327485374,0.4184397163120568
SILO,2000.0,15,3,0,0.0,-0.0020618,0.8002125721809499,0.028277634961439535,-0.06542056074766356
EAST,89.0,15,3,1,0.0,-0.0001973,0.6451431146573446,0.0,-0.011111111111111072
INTD,388.0,14,3,2,0.111,4.6e-06,0.27162267612138613,-0.058252427184465994,0.49230769230769234
KBLI,356.0,14,4,1,6.000012,0.0002765,0.2271149052315807,0.011363636363636465,0.053254437869822535
AVIA,330.0,14,3,0,5.102226,-0.0050639,0.7684902364203803,-0.04069767441860461,-0.11290322580645162
TOTO,240.0,14,2,0,0.0,7.91e-05,0.9656383596058788,-0.008264462809917328,0.008403361344537785
AKRA,1460.0,14,2,0,4.02383906,-0.0283793,0.7439734797868323,-0.0034129692832765013,0.054151624548736566
UNTD,74.0,14,2,0,0.0,0.0087653,1.0786898265988314,-0.013333333333333308,-0.09756097560975607
NATO,995.0,14,5,3,0.9858,-8.7e-06,0.29361597060516365,-0.056872037914691975,-0.019704433497536922
PBID,520.0,14,2,0,0.0,-8.62e-05,0.9453534057940463,-0.00952380952380949,-0.018867924528301883
BOGA,1550.0,14,3,2,4.2315,0.0,0.1930448796522855,0.0,-0.04024767801857587
BSBK,39.0,14,3,3,0.002245,0.0090412,5.276011147721993,-0.21999999999999997,-0.21999999999999997
BPTR,71.0,14,3,2,0.0,0.0001716,0.2733340454376477,0.0,-0.053333333333333344
DOOH,366.0,14,3,1,0.89972,-0.00049,1.2762408961223248,0.005494505494505475,0.36567164179104483
LPIN,428.0,14,2,0,0.0,0.0,1.0044173781765728,-0.0046511627906976605,-0.0092592592592593
SGER,740.0,14,3,0,2.044e-05,-0.0178024,0.9321104308389405,0.006802721088435382,0.1472868217054264
AWAN,151.0,14,3,0,0.0,-9.95e-05,1.4365525533656163,-0.02580645161290318,-0.10650887573964496
STAA,1215.0,14,3,1,0.0,0.0033785,1.0254018481341685,0.025316455696202445,-0.0725190839694656
MARK,1155.0,14,3,1,0.0,0.0022415,0.8491502405688681,-0.021186440677966156,0.07441860465116279
EMMI,440.0,14,3,2,0.0,0.0009538,0.602444922120245,-0.009009009009009028,0.32530120481927716
BNBA,810.0,14,3,1,0.0,-0.0001647,0.2589757064510626,-0.04705882352941182,0.03846153846153855
BMHS,200.0,14,3,0,0.0,0.000489,0.7304182369302847,0.0,0.02564102564102555
ULTJ,2060.0,13,3,0,0.0,0.0167085,0.979674578590461,0.0,0.3733333333333333
IFSH,1325.0,13,2,1,0.0,-2.06e-05,6.1325794561911025,0.32499999999999996,0.244131455399061
IATA,90.0,13,3,4,1.99568,0.026654,0.3312629934306857,-0.01098901098901095,-0.3129770992366412
BATR,90.0,13,2,0,0.0,-0.0001007,1.779113038050617,0.0,-0.04255319148936165
ERAA,600.0,13,4,2,11.593136298,0.0175304,0.5603902310573184,0.0,0.016949152542372836
BBSS,90.0,13,3,2,0.891,0.0024709,0.6185657343712304,-0.021739130434782594,-0.1089108910891089
KING,388.0,13,2,1,0.0,0.0003676,2.0391159873589673,0.043010752688172005,0.14117647058823524
BBHI,800.0,13,3,2,4.82331,-0.0001782,0.029670598091104734,-0.024390243902439046,-0.11111111111111116
RATU,4080.0,13,3,2,7.66132606,-0.0012576,0.4994871029304301,0.022556390977443552,-0.09131403118040093
SAPX,398.0,13,4,1,0.0,-0.0007635,0.872895445477422,0.1179775280898876,0.39160839160839167
MKTR,119.0,13,2,1,0.0,6.2e-05,0.3801284442636971,-0.03252032520325199,-0.03252032520325199
BVIC,86.0,13,2,1,0.0,0.0006241,0.41225651648970574,-0.0444444444444444,-0.09473684210526312
CARE,372.0,13,3,1,12.2214374,-0.0009695,0.00857940366449945,-0.015873015873015928,-0.1842105263157895
PPRE,89.0,13,3,2,13.9553522,0.0006702,0.6526096463463786,-0.011111111111111072,-0.17592592592592593
MSJA,840.0,13,3,0,0.0,0.0011025,1.280845171300116,-0.028901734104046284,0.8666666666666667
VTNY,59.0,13,4,2,6.39933,0.0065286,0.9174876666498333,-0.10606060606060608,-0.25316455696202533
WGSH,106.0,12,2,1,0.55935,0.0012824,1.1015024876809638,-0.06194690265486724,-0.3375
ZYRX,125.0,12,3,1,0.0,1.9e-06,0.30117140550068233,-0.0234375,-0.06015037593984962
BSML,545.0,12,3,0,0.0,-0.0021015,0.9177975026478584,0.0092592592592593,0.04807692307692313
PWON,256.0,12,2,1,0.0,-0.0044398,1.0757594294324817,-0.03759398496240607,-0.07246376811594202
BJBR,750.0,12,3,1,0.00013096,-0.0024945,0.5064593869853129,-0.0066225165562914245,-0.06832298136645965
SMGA,86.0,12,3,0,0.0,-0.0013096,0.9021508405268979,0.06172839506172845,-0.0337078651685393
SMDM,494.0,12,2,1,0.0,-2.11e-05,2.1210853306416237,-0.0040322580645161255,-0.12566371681415933
IGAR,470.0,12,3,1,0.0,1.92e-05,0.4524521831963608,-0.004237288135593209,-0.012605042016806678
TOTL,1555.0,12,3,1,0.0,0.0016183,0.5815896534503963,-0.012698412698412653,0.061433447098976135
ELIT,250.0,12,3,2,0.8475,0.0016688,0.276855474238779,0.016260162601626105,-0.1071428571428571
MLBI,6850.0,11,2,2,0.4725,0.0001127,0.5846483668746226,0.00366300366300365,-0.017921146953404965
PNBN,830.0,11,3,0,1.081e-05,-0.0018121,0.7916417651655808,-0.02352941176470591,-0.10270270270270265
ZATA,50.0,11,3,4,0.5120044,0.0511156,0.3402238513248106,-0.09090909090909094,-0.24242424242424243
RLCO,4120.0,11,3,1,4.796563,-1.36e-05,0.69264814191358,0.030000000000000027,-0.11965811965811968
MEGA,1945.0,11,3,1,0.0,-7.8e-06,0.4578967629885769,0.002577319587628857,-0.02015113350125941
DEWI,246.0,11,3,1,0.9645,-0.0028106,0.8581920490668542,0.08849557522123885,0.5668789808917198
BAYU,1320.0,11,3,1,0.0,0.0,0.2376008395780079,0.0,-0.02583025830258301
TRUS,452.0,11,3,1,0.0,3.14e-05,0.279424941196175,0.004444444444444473,0.027272727272727337
BKSL,56.0,11,3,3,0.09246,0.0598775,1.5230066446819328,-0.125,-0.26315789473684215
UFOE,138.0,11,2,1,0.0,0.0001628,0.35149484040833623,0.007299270072992803,-0.0738255033557047
GDST,106.0,11,3,3,0.0,0.0006604,0.2052384814743366,-0.02752293577981646,-0.06194690265486724
JSMR,2540.0,11,2,2,54.91629657,-0.0042588,0.989627484267374,-0.06617647058823528,-0.1505016722408027
SDRA,208.0,11,3,1,0.0,0.0001107,0.4894271722413851,0.009708737864077666,-0.0714285714285714
RAJA,640.0,11,2,1,0.41262,0.0010784,0.7718393141203407,-0.03759398496240607,-0.2098765432098766
CLAY,2770.0,11,3,1,0.0,0.0,0.6836975555400985,0.0072727272727273196,0.022140221402213944
POLA,83.0,11,3,1,0.0,-0.0015626,0.21694198523080083,0.16901408450704225,0.5660377358490567
CLPI,1590.0,11,2,1,0.0,-1.2e-06,0.6872017224690609,-0.0031347962382445305,-0.01851851851851849
ALKA,4570.0,11,3,1,1.51842,1.07e-05,1.380792478616134,-0.08232931726907633,1.1455399061032865
CARS,107.0,11,3,2,0.76,-0.0011971,0.906637545449712,-0.14400000000000002,-0.044642857142857095
SMDR,392.0,10,2,1,6.591e-05,0.0208707,0.6534478609166264,0.0,0.13294797687861282
TINS,4630.0,10,2,1,2.71156097,-0.0027958,0.7284458660114822,-0.01906779661016944,0.04751131221719462
SKRN,414.0,10,3,1,0.0,-6.4e-06,0.18497029149361982,0.009756097560975618,0.050761421319796884
DIVA,129.0,10,2,2,0.0,-0.0011292,2.4138104160895146,-0.03007518796992481,-0.058394160583941646
BUAH,484.0,10,2,0,0.0,8.61e-05,1.1859844952467287,0.0,-0.04158415841584162
DGIK,138.0,10,2,0,0.0,-0.0009963,0.858959468347655,0.078125,-0.034965034965035
CSAP,282.0,10,1,0,0.0,2.95e-05,1.1907112488582379,-0.02083333333333337,-0.03424657534246578
PTPS,149.0,10,2,1,0.0,0.0007957,0.5070059651606912,-0.03246753246753242,-0.10778443113772451
GULA,770.0,10,2,0,0.0,-0.0087654,0.7556739175721894,-0.05521472392638038,-0.012820512820512775
HELI,272.0,10,3,1,0.0,0.0003532,0.9072619646668374,0.1333333333333333,0.3465346534653466
HATM,530.0,10,2,0,0.0,-0.0021949,0.8573824008064858,-0.036363636363636376,-0.1382113821138211
UNVR,1580.0,10,3,1,10.10963044,0.0055159,1.0919932705870914,-0.030674846625766916,-0.06231454005934722
MORA,4460.0,10,3,3,10.7625,-2.07e-05,0.5805951927821607,-0.06889352818371608,-0.17407407407407405
MCAS,230.0,10,3,2,0.47398,-0.001011,1.8903561871289596,-0.04958677685950408,-0.19580419580419584
KKGI,286.0,10,2,1,0.0,0.0011863,0.5701287349701196,-0.046666666666666634,-0.052980132450331174
TRIM,765.0,10,2,3,0.871288,4e-07,0.4279981357720894,-0.0496894409937888,0.09285714285714275
HAIS,175.0,9,3,1,0.0,0.0002468,0.5865125049474036,-0.022346368715083775,-0.07407407407407407
RODA,37.0,9,3,4,0.1810008,0.014321,1.455496862011451,-0.28846153846153844,-0.4126984126984127
DLTA,1770.0,9,2,1,0.0,-1.2e-05,0.9037818020741003,-0.005617977528089901,-0.01666666666666672
PSGO,193.0,9,2,1,0.0,-5.58e-05,0.25356766632278455,-0.005154639175257714,-0.02030456852791873
PURI,140.0,9,3,3,0.00143,-0.0002468,0.09062145164302145,-0.02777777777777779,-0.07284768211920534
OBMD,178.0,9,3,3,17.976075,-1.3e-06,0.5616328248553926,-0.07291666666666663,-0.043010752688172005
MSIN,181.0,9,3,3,32.1106776,-0.008212,0.9747452675258895,-0.09499999999999997,-0.42721518987341767
COCO,115.0,9,2,2,0.102288484,-0.07967,0.4532691601942148,0.12745098039215685,-0.12878787878787878
NAYZ,73.0,9,2,1,0.0,-0.0103684,1.6569541691221787,0.05797101449275366,-0.013513513513513487
HOPE,252.0,9,3,1,0.0,-0.0132434,0.9855157455399208,-0.09999999999999998,-0.07352941176470584
BANK,240.0,9,2,1,1.25504,-0.0038541,0.5677134103649373,0.02564102564102555,-0.12408759124087587
SOCI,650.0,9,2,0,0.0,0.0169916,0.8446141845963971,0.0,0.015625
IPCM,280.0,9,3,2,0.0,0.001477,0.6048830364519591,-0.014084507042253502,-0.04109589041095896
FUTR,250.0,9,3,1,0.0,0.0049097,0.45626355496466314,-0.06716417910447758,-0.21383647798742134
AMAG,388.0,9,2,1,0.0,-1.2e-06,0.9005379679004852,0.005181347150259086,-0.00512820512820511
COIN,730.0,9,3,2,0.07752,-0.0014524,0.36400533519825523,-0.09876543209876543,-0.13609467455621305
SICO,111.0,9,3,1,0.0,8.5e-06,1.2455357677832148,0.009090909090909038,-0.017699115044247815
LUCY,256.0,9,3,5,60.3049036,0.003365,0.6707314182976963,-0.1048951048951049,-0.5623931623931624
TOWR,416.0,9,2,0,0.0,-0.0502078,0.8536132383920995,0.06666666666666665,-0.06726457399103136
MBMA,470.0,8,3,2,5.588548075,-0.1296858,0.7535460011325279,-0.06000000000000005,-0.09615384615384615
PDES,370.0,8,3,2,0.0,2.3e-05,0.09640353999035531,-0.010695187165775444,-0.03645833333333337
PRDA,2820.0,8,2,1,0.0,0.0002236,0.5517852417183573,-0.0035335689045936647,0.0
AKPI,505.0,8,2,2,0.0,6.88e-05,0.489099202096849,-0.009803921568627416,-0.06481481481481477
MPMX,1015.0,8,1,0,0.0,-0.0010986,0.7786556363948571,-0.004901960784313708,-0.014563106796116498
ARII,320.0,8,3,1,13.2934434,4.07e-05,0.5216971674469244,-0.018404907975460127,0.032258064516129004
MCOR,66.0,8,1,0,0.0,-0.0011614,0.7995615877152049,0.0,-0.05714285714285716
EPAC,45.0,8,2,2,0.0838868,-0.0143505,3.302366110139605,-0.09999999999999998,-0.18181818181818177
BLUE,3350.0,8,2,0,0.0,7.69e-05,0.7120924885109586,0.1394557823129252,0.024464831804281273
INET,262.0,8,2,2,0.72,-0.0594543,0.8026522262213561,-0.096551724137931,-0.28415300546448086
AUTO,3370.0,8,2,0,0.0002823,-0.0038631,1.0157810102652367,-0.00295857988165682,0.012012012012011963
HMSP,615.0,7,2,2,1.2065e-05,0.0121213,0.6671576082048112,-0.03149606299212604,-0.16891891891891897
BRIS,1415.0,7,2,2,0.22178173,-0.0064616,1.355085423330793,-0.0629139072847682,-0.2094972067039106
CFIN,350.0,7,2,1,0.0,-0.0008503,0.5979501088147907,-0.022346368715083775,-0.048913043478260865
IKPM,175.0,7,2,1,0.0,1.34e-05,0.3106842367772496,-0.02777777777777779,-0.09326424870466321
HRTA,2190.0,7,2,0,0.000347952,-0.0061967,1.0729072986418298,-0.04366812227074235,-0.03947368421052633
INCI,815.0,7,2,0,0.00026394,2.94e-05,0.8143603290402893,0.03164556962025311,0.03164556962025311
IRRA,360.0,7,2,1,0.0,-8.25e-05,0.5440202544820127,0.022727272727272707,-0.03743315508021394
KLBF,725.0,7,3,2,19.227437,-0.0249339,0.6450586794418476,-0.013605442176870763,-0.06451612903225812
KEEN,840.0,7,2,0,0.0,0.0002218,0.988909627199518,0.0059880239520957446,-0.1063829787234043
KIOS,77.0,7,2,2,0.0,-0.0033562,0.9394432157837688,-0.03749999999999998,-0.2376237623762376
PGJO,860.0,7,2,1,0.0,0.0002611,0.5946348164833666,0.08860759493670889,-0.0802139037433155
VICO,153.0,7,2,1,0.0,5.98e-05,0.6145642144740242,-0.0892857142857143,-0.00649350649350644
CPRO,39.0,7,2,2,0.00075256,-0.0142372,7.871109585281769,-0.21999999999999997,-0.21999999999999997
WINE,128.0,7,2,2,0.0,5.96e-05,0.2522740986697771,0.007874015748031482,-0.04477611940298509
OMED,214.0,7,2,1,0.0,-0.0013824,0.41609860917684616,0.028846153846153744,-0.13709677419354838
PUDP,258.0,7,2,1,0.0,-6.1e-06,0.21118450715059014,-0.03007518796992481,-0.06521739130434778
MGLV,14850.0,7,2,1,0.0,-0.0005037,0.659868878636519,-0.008347245409014992,0.32885906040268464
LOPI,60.0,7,2,1,0.0,-1.17e-05,0.42804212148307536,0.034482758620689724,-0.09090909090909094
DYAN,85.0,7,2,2,0.0,-0.0005331,0.8639051932244314,0.03658536585365857,-0.0449438202247191
LAPD,72.0,7,2,2,0.0,0.0083413,0.15812231309297867,-0.052631578947368474,0.014084507042253502
RIGS,640.0,7,2,1,0.0,4.44e-05,0.12513508547774038,0.02400000000000002,-0.1048951048951049
LUCK,109.0,7,2,2,0.0374832,0.0002128,0.5714674355858893,0.03809523809523818,-0.06837606837606836
KBLV,101.0,7,1,1,0.0,-0.0022876,1.1468148620496328,-0.01941747572815533,-0.24626865671641796
UCID,480.0,7,1,1,0.0,0.001054,0.5746909384553263,-0.020408163265306145,-0.07692307692307687
ITIC,198.0,7,2,2,0.0,1.76e-05,0.6221260125105255,-0.01980198019801982,-0.12389380530973448
JARR,3420.0,7,2,2,3.34886,0.0013468,0.5422833132160819,-0.06043956043956045,0.0332326283987916
ROTI,560.0,6,3,2,0.0,-0.0003148,1.3719617739247063,-0.03448275862068961,-0.042735042735042694
BRNA,650.0,6,2,2,0.0,-0.0001912,1.8007201219969111,0.007751937984496138,0.048387096774193505
MITI,280.0,6,2,1,0.0288,0.0010098,0.5274750068577927,0.06060606060606055,0.23893805309734506
MLPL,74.0,6,1,1,0.0,0.013496,0.7722458424534405,-0.013333333333333308,-0.19565217391304346
BUDI,220.0,6,2,1,0.0,6.2e-06,0.36625476029956233,-0.009009009009009028,-0.04347826086956519
WOOD,176.0,6,2,2,0.0,0.0020387,1.5439843803141855,-0.0736842105263158,-0.15384615384615385
PBSA,740.0,6,3,2,0.0,0.0007453,0.6753487882583143,-0.0864197530864198,-0.09202453987730064
CMRY,4380.0,6,3,2,0.04405506,0.0010433,0.5796018832056019,0.0022883295194509046,-0.04157549234135671
TALF,665.0,6,1,0,0.0,2.73e-05,0.7642791971971576,-0.022058823529411797,-0.06338028169014087
BCAP,29.0,6,3,4,5.3236252,-0.0133508,5.952901834815217,-0.42000000000000004,-0.42000000000000004
SMKM,90.0,6,1,0,0.0,0.0,1.1257323026443227,0.011235955056179803,-0.1964285714285714
SIMP,575.0,6,2,1,0.0452,0.0059597,0.8035572027330004,0.0,-0.10852713178294571
MBAP,1640.0,6,2,1,0.0,-7.8e-06,0.44381856172728573,-0.03529411764705881,-0.06017191977077363
ISSP,396.0,6,2,1,0.0,-0.0003532,0.31189394862724346,-0.005025125628140725,-0.12389380530973448
STRK,52.0,6,3,2,0.0,0.0016162,1.474850099197011,-0.018867924528301883,-0.21212121212121215
SWID,110.0,6,3,2,0.0,-0.0022741,1.2772292237398317,0.06796116504854366,-0.08333333333333337
FOLK,173.0,6,2,3,0.789,-0.0010424,0.26089007122364977,-0.09895833333333337,-0.07486631016042777
SULI,75.0,6,1,1,0.0,0.0043053,0.7683919560995216,-0.038461538461538436,-0.16666666666666663
JKON,79.0,6,2,1,0.0,0.0041433,0.313835935861909,0.0,-0.10227272727272729
TOSK,76.0,6,2,1,0.0,0.0088006,0.45607397353626994,-0.050000000000000044,-0.050000000000000044
IMPC,1340.0,6,2,3,2.625,-0.0083098,0.5149827453462523,-0.05300353356890464,-0.10666666666666669
GGRM,16900.0,6,1,1,0.6473466,0.0010742,1.0066821144609102,-0.014577259475218707,-0.15815691158156908
WIIM,1460.0,6,2,1,0.0,-0.0001774,0.46386520031203543,-0.055016181229773475,-0.11246200607902734
AALI,8250.0,6,1,1,0.5140044,-0.000918,1.0584229337998057,0.05095541401273884,-0.03508771929824561
WBSA,600.0,5,2,1,0.0,-0.0035587,0.7060758941760797,-0.040000000000000036,-0.13669064748201443
GTRA,262.0,5,2,1,0.0,-3.19e-05,0.8116156084948057,0.0234375,-0.03676470588235292
POWR,950.0,5,2,1,0.0,-0.0036654,0.6448498838171951,0.005291005291005346,0.05555555555555558
IKBI,560.0,5,2,1,0.0,-0.0001191,0.6006353507002192,0.04672897196261672,0.07692307692307687
ASRI,115.0,5,2,1,0.0054888,-0.0069305,0.8840513994268526,-0.03361344537815125,-0.10852713178294571
GOOD,308.0,5,1,1,0.0,-0.0001474,0.5067943235995367,0.019867549668874274,-0.04347826086956519
BAPA,101.0,5,2,3,0.0,0.0027936,0.2648080317920887,-0.06481481481481477,-0.26277372262773724
TAPG,1935.0,5,2,3,1.00253686,0.0070772,0.49639330765353823,-0.046798029556650245,-0.13228699551569512
LIVE,164.0,5,2,1,2.4999864,0.0004883,0.4402374118505241,0.01863354037267073,-0.12765957446808507
MTDL,498.0,5,2,2,0.0,0.0002534,0.5752219035624085,0.0,-0.04230769230769227
CLEO,416.0,5,2,1,0.0,0.0025337,0.673772020531359,0.019607843137254832,-0.023474178403755874
MICE,472.0,5,1,2,0.0,0.0,2.4746189714662075,-0.048387096774193505,-0.14954954954954958
MDKI,194.0,5,2,1,0.0,1.57e-05,0.8259115711960803,0.015706806282722585,-0.015228426395939132
CMNT,750.0,5,1,1,0.0,0.0008477,0.4522852386793206,0.0,0.027397260273972712
BESS,830.0,5,2,2,0.0,-1.37e-05,1.6320155532609995,0.0,-0.08791208791208793
LPLI,206.0,5,2,1,0.031244,-2.73e-05,0.7461005467526466,-0.0803571428571429,-0.14166666666666672
DOID,208.0,5,2,2,6.8602e-05,-0.0054877,1.5687638570976365,-0.028037383177570097,-0.11864406779661019
OASA,240.0,5,2,2,2.5705575,0.0024029,0.5385643711581732,-0.07692307692307687,-0.25
OILS,288.0,5,2,1,0.0,0.0012263,0.1892921775312636,-0.020408163265306145,0.014084507042253502
ADRO,2500.0,4,1,0,7.0285702,-0.0236699,1.0071641474477933,-0.038461538461538436,-0.08088235294117652
TSPC,2640.0,4,1,0,0.0,-0.0003422,0.9855666745264781,-0.0037735849056603765,-0.03649635036496346
HGII,140.0,4,2,1,0.0,-1.16e-05,0.5387934236072979,0.007194244604316502,0.021897810218978186
JECX,1305.0,4,2,2,0.0,-0.000909,0.18570736612172806,-0.07446808510638303,-0.13
DGWG,324.0,4,1,0,0.0,-0.0009272,0.8581043067071544,0.018867924528301883,-0.06896551724137934
VISI,1050.0,4,3,4,0.4325,-0.0007071,0.8306307724534632,-0.24460431654676262,0.08808290155440424
BKDP,179.0,4,2,1,0.0,-0.0024867,0.16447713138344514,-0.04278074866310155,0.11874999999999991
BNII,188.0,4,1,0,0.0,-0.0044218,1.1076063650990666,-0.005291005291005346,-0.03589743589743588
MGNA,196.0,4,2,3,0.0,-0.0001432,0.5255586503975429,0.00512820512820511,1.0416666666666665
NINE,74.0,4,2,2,0.164,0.0008586,1.07798782610903,-0.038961038961038974,-0.21276595744680848
PALM,274.0,4,1,0,0.0,-0.0001951,1.1787408661427061,-0.04195804195804198,-0.0680272108843537
MTWI,262.0,4,2,1,0.0,-3.1e-06,0.11007232865830932,0.0,-0.029629629629629672
ATIC,440.0,4,2,1,0.0,-4e-05,0.9420349498169726,0.00917431192660545,-0.04347826086956519
ATAP,555.0,4,2,1,0.0,5.6e-06,0.5632973253408101,0.0183486238532109,-0.008928571428571397
BJTM,510.0,4,1,1,0.0,-0.0032147,1.1042677212743748,0.0,-0.037735849056603765
BUKK,960.0,4,2,2,0.2481675,-1.68e-05,0.29388218418422607,-0.010309278350515427,-0.035175879396984966
BRRC,48.0,4,3,4,0.58,-0.0007888,1.399851535391336,-0.1724137931034483,-0.36
SCNP,162.0,4,2,3,0.0,0.0015774,1.0028201373850336,-0.012195121951219523,0.03846153846153855
APLI,270.0,4,2,2,0.0,6.4e-06,0.4414818603499489,0.00746268656716409,-0.02877697841726623
AXIO,111.0,4,2,1,0.0,0.0001844,0.6599147056424604,-0.034782608695652195,-0.02631578947368418
STAR,386.0,4,2,2,0.0,-1.08e-05,0.5059691187659145,0.03208556149732611,-0.02030456852791873
NAIK,81.0,4,2,3,0.0,0.0012574,0.5230245456430203,-0.05813953488372092,-0.1473684210526316
ITMG,25200.0,4,2,1,16.48089,-0.0021484,0.9074275892580875,-0.0117647058823529,-0.03448275862068961
JTPE,585.0,4,1,0,0.0,-0.0007921,0.7796637729535212,-0.01680672268907568,-0.040983606557377095
CBPE,494.0,4,2,2,0.0,-3.7e-06,0.2009021498856367,-0.03137254901960784,-0.059047619047619015
KMDS,510.0,4,1,0,0.0,-0.000227,0.8676819757788399,-0.019230769230769273,-0.02857142857142858
ARKO,2660.0,3,2,4,0.739925,0.0001118,1.5370458723147737,-0.27322404371584696,-0.4340425531914893
ZONE,620.0,3,1,1,0.0,0.0,0.6109934528069585,-0.0948905109489051,-0.13888888888888884
TYRE,108.0,3,1,1,0.0,-9.63e-05,0.2810707534533262,-0.00917431192660545,-0.052631578947368474
AREA,308.0,3,1,2,0.0,0.000305,0.6821925886791712,-0.019108280254777066,-0.08333333333333337
SUNI,620.0,3,1,1,0.0,0.0008615,1.0677430932329481,-0.08148148148148149,-0.11428571428571432
SOLA,72.0,3,1,2,0.0,0.0007197,0.7819470858974424,-0.013698630136986356,-0.22580645161290325
SURI,80.0,3,1,1,0.0,0.0009457,0.2521441425229496,-0.012345679012345734,0.0
BCIC,129.0,3,1,0,0.0,-0.0001106,0.9521508573497164,-0.022727272727272707,-0.03731343283582089
HOMI,250.0,3,1,1,0.0,0.0002652,0.6540026364868108,0.06837606837606836,0.12612612612612617
ARCI,1240.0,3,1,2,0.2232645,0.0147255,0.6025785419070758,-0.0461538461538461,-0.07462686567164178
SGRO,4300.0,3,1,1,0.0,8e-06,0.2983598133751223,-0.02714932126696834,-0.14
PGEO,940.0,3,1,2,0.0,0.0017847,0.8772026399509636,-0.07843137254901966,-0.09178743961352653
GRPM,129.0,3,1,2,0.0,0.0041493,0.908553605649151,-0.05147058823529416,-0.24117647058823533
PTPP,161.0,3,2,3,0.012288,0.0032498,1.0698732776165185,-0.14814814814814814,-0.24056603773584906
INDR,2900.0,3,1,1,0.0,-3.5e-06,0.3354747519197044,-0.013605442176870763,0.08614232209737827
RUNS,65.0,3,1,1,0.0,0.0,0.23789595244263556,0.015625,-0.1333333333333333
BIPP,65.0,3,2,3,0.0,0.0097134,1.430466894332938,-0.1333333333333333,-0.05797101449275366
BLES,192.0,3,1,0,0.0,0.0020814,0.7899068956143438,0.02673796791443861,0.005235602094240788
NIRO,161.0,3,2,2,0.0,-5.37e-05,0.23377810640476965,-0.012269938650306789,-0.0359281437125748
GEMA,78.0,3,1,2,0.0,0.0002531,0.20216735079800136,-0.03703703703703709,-0.15217391304347827
MPOW,98.0,3,1,2,0.0,-0.0002785,0.1974241570113105,-0.020000000000000018,-0.14782608695652177
DILD,107.0,3,1,0,0.0,-0.0062079,0.9273219525727626,-0.036036036036036,-0.11570247933884292
EKAD,370.0,3,1,2,0.0,0.0025726,0.32916138800896877,-0.056122448979591844,-0.010695187165775444
KLIN,117.0,3,1,1,0.0,1e-07,0.763308458892736,0.0,0.03539823008849563
KAEF,412.0,3,1,2,0.0,0.0002436,0.19749579893574318,-0.023696682464455,-0.0636363636363636
AGII,3290.0,3,1,1,0.0,-0.0001673,0.4594892038508359,-0.04637681159420293,0.10033444816053505
WIFI,1435.0,3,3,4,0.14630725,0.0035713,1.8812095375779472,-0.1681159420289855,-0.3133971291866029
TRIS,170.0,2,2,2,0.134997,8.48e-05,0.4147895376721067,-0.017341040462427793,-0.039548022598870025
TLDN,595.0,2,1,1,0.0,1.44e-05,0.6878526998056774,0.017094017094017033,-0.09160305343511455
TMPO,164.0,2,2,2,0.0,-1.52e-05,1.027313662410329,-0.08379888268156421,-0.03529411764705881
AMIN,256.0,2,2,2,0.0,2.23e-05,0.25714016908638004,-0.01538461538461533,0.06666666666666665
AMOR,362.0,2,2,2,0.0,8.77e-05,0.5653717194550266,0.005555555555555536,0.0
SIDO,346.0,2,2,3,7.958e-06,-0.0171992,0.6175766857693432,-0.011428571428571455,-0.028089887640449396
BBKP,39.0,2,2,4,1.344e-06,-0.0285789,2.2261470844053703,-0.21999999999999997,-0.2777777777777778
BMSR,324.0,2,2,2,0.0,1.26e-05,0.7029134999350588,-0.04705882352941182,0.018867924528301883
RISE,610.0,2,3,4,19.80063,0.0010982,1.7276076502023365,-0.12857142857142856,-0.3146067415730337
GTBO,159.0,2,2,2,0.0,0.0,1.009956150978557,0.19548872180451138,0.06000000000000005
BULL,346.0,2,1,1,0.7872196,0.0118032,0.8009351335438588,-0.028089887640449396,-0.20642201834862384
BWPT,103.0,2,2,4,1.403,0.0575269,0.3139343215925937,-0.0803571428571429,-0.20769230769230773
PMJS,139.0,2,1,1,0.0,7.74e-05,0.5008692226780236,0.014598540145985384,-0.06711409395973156
NIKL,188.0,2,1,1,0.0,0.0013379,0.1921545984862915,-0.03589743589743588,-0.18260869565217386
NRCA,525.0,2,1,1,0.0,0.0016034,0.5325729666176124,-0.009433962264150941,-0.08695652173913049
FUJI,296.0,2,2,2,0.0,0.0001952,0.3952310755815277,0.034965034965035,0.21311475409836067
INKP,8050.0,2,2,2,0.346990288,-0.0003971,0.7841694061573334,-0.021276595744680882,-0.08522727272727271
INPC,139.0,2,1,1,0.0,0.0013106,0.16235837654381607,-0.060810810810810856,-0.2191011235955056
JAYA,149.0,2,1,1,0.0,0.0010884,0.053287772893517604,-0.019736842105263164,-0.12352941176470589
MINA,206.0,2,1,1,0.1369515,0.002314,0.9766742954114372,-0.01904761904761909,-0.25899280575539574
CHIP,650.0,2,1,1,0.0,1.3e-05,0.7288019669683843,-0.051094890510948954,-0.21212121212121215
DKHH,69.0,2,2,2,6.5e-06,0.0018986,0.31441449000090194,-0.028169014084507005,0.014705882352941124
DMAS,180.0,2,1,1,0.0,0.0213528,0.4273600009297014,-0.027027027027026973,-0.08163265306122447
CSIS,180.0,2,2,2,0.0,0.0002493,1.3537194697088692,-0.09547738693467334,-0.15094339622641506
CSRA,665.0,2,1,1,0.0,-0.0001836,0.7578365387707688,-0.050000000000000044,-0.14193548387096777
DSNG,1575.0,2,1,1,1.55008635,-0.0031344,0.7399653494988543,0.0,-0.03963414634146345
DWGL,212.0,2,1,1,0.0,0.0007884,0.2882904851593902,-0.01851851851851849,-0.14516129032258063
MBTO,144.0,2,2,4,0.0,-0.0003787,2.015635810533088,-0.30097087378640774,0.1428571428571428
KJEN,145.0,2,1,3,0.0,-0.0013505,2.000903453574306,-0.08227848101265822,-0.11042944785276076
WIRG,56.0,2,2,4,0.094,0.0565037,0.37282392252635155,-0.08196721311475408,-0.26315789473684215
ADMG,228.0,2,1,1,0.0,0.0001197,0.3801108925162061,-0.04201680672268904,-0.17985611510791366
ADMR,1465.0,1,1,1,0.2452,-0.0208665,0.7833321519973745,-0.03934426229508192,-0.11480362537764355
JAST,82.0,1,1,2,0.0,-0.0015309,1.910324265300202,0.0,-0.12765957446808507
PDPP,322.0,1,1,1,0.0,9.49e-05,0.8195151537873823,0.0,0.0
DEPO,228.0,1,1,1,0.0,-1.96e-05,1.1268572799718346,0.027027027027026973,-0.10236220472440949
JIHD,396.0,1,1,1,0.0,0.0001999,1.1246951393292837,-0.024630541871921152,-0.14655172413793105
NISP,1230.0,1,1,2,0.0,-0.0108632,0.8490830178352381,-0.019920318725099584,-0.016000000000000014
MEDC,1375.0,1,2,3,3.240014782,-0.0016581,0.5992975013298738,-0.051724137931034475,-0.08026755852842804
CBRE,715.0,1,1,1,0.0,-0.0114586,1.0062490753954862,-0.027210884353741527,-0.0714285714285714
CRAB,216.0,1,1,1,0.0,0.0,0.40608385691024385,-0.027027027027026973,-0.027027027027026973
DRMA,935.0,1,1,1,4.0,-0.0004474,0.5906086353518716,0.0108108108108107,-0.07425742574257421
PJAA,442.0,1,2,2,0.0,-1e-06,1.224429728505178,-0.03493449781659386,-0.05555555555555558
FISH,605.0,1,2,2,0.0,-2e-06,0.17644014025760824,-0.03200000000000003,-0.016260162601625994
IMAS,840.0,1,2,2,0.0,-4e-06,0.13885950629853488,-0.028901734104046284,-0.09677419354838712
BPFI,238.0,1,1,1,0.0,-1.07e-05,0.473265301679936,0.0,-0.040322580645161255
RANC,545.0,1,1,1,0.0,-2.8e-06,0.18887738676708782,-0.018018018018018056,0.0
BIRD,1540.0,1,2,2,0.0,-0.0011288,1.2002468374685127,-0.019108280254777066,-0.05521472392638038
BFIN,910.0,1,1,1,2.9212918,-0.008604,1.1023234616470348,-0.061855670103092786,-0.04210526315789476
BELL,92.0,1,2,4,0.0,0.0049191,0.12954010682056943,-0.021276595744680882,-0.19999999999999996
SAME,294.0,1,2,2,0.0,-3.5e-05,0.3827113628492868,0.006849315068493178,-0.05161290322580647
APLN,102.0,1,2,3,0.0,0.0319861,1.7644935944146067,-0.1282051282051282,-0.25
BBNI,3420.0,1,2,2,7.16849132,-0.028327,1.1037957082109353,-0.02285714285714291,-0.13197969543147203
HUMI,120.0,1,2,2,0.001725,0.0042145,0.6274466515866473,0.0,-0.16666666666666663
BACH,344.0,1,1,1,0.0,0.0124796,0.7535185875460676,0.005847953216374213,-0.24890829694323147
AGRO,135.0,1,1,1,0.0,0.0019199,1.0152664308317476,-0.0357142857142857,-0.11764705882352944
AMRT,1265.0,1,1,1,1.87827657,0.0135439,1.090767791824518,-0.03065134099616862,-0.03435114503816794
WOWS,50.0,1,2,2,0.0,-0.0004849,0.5152525580771199,0.0,-0.15254237288135597
HDIT,35.0,1,2,4,0.0,0.00347,2.4749000339512497,-0.30000000000000004,-0.30000000000000004
ESSA,590.0,0,0,1,0.001504575,-0.0098243,0.5754322412957324,0.01724137931034475,-0.16312056737588654
APII,190.0,0,1,3,0.0,-3.6e-06,0.40287686428676706,-0.005235602094240788,-0.01041666666666663
TPMA,444.0,0,1,2,0.0,-9.79e-05,0.7710349877199493,-0.03056768558951961,-0.09756097560975607
TOOL,53.0,0,0,5,0.0,-0.0007947,0.24371064781874555,-0.1311475409836066,-0.2535211267605634
TOBA,462.0,0,2,3,5.0021552,-0.0013874,0.6634453316094793,-0.06854838709677424,-0.22352941176470587
TNCA,174.0,0,1,2,0.0,-3e-05,0.290275328390249,0.04819277108433728,-0.022471910112359605
TMAS,118.0,0,1,4,0.0,0.0073822,1.0415622554895048,-0.11940298507462688,-0.18055555555555558
TKIM,7050.0,0,1,2,0.0,0.0003148,0.5211646889332101,-0.010526315789473717,-0.13496932515337423
TIRA,338.0,0,1,1,0.0,0.0,0.8912411916398885,-0.09139784946236562,-0.1875
TFAS,177.0,0,1,3,0.0,2.6e-06,0.20932655321847263,-0.027472527472527486,-0.03804347826086951
TCPI,1365.0,0,1,3,0.0,-0.0014491,0.8826372283636349,-0.11363636363636365,-0.39601769911504425
WOMF,270.0,0,0,1,0.0,-4.2e-06,0.10905178197186464,-0.021739130434782594,-0.02877697841726623
KOBX,170.0,0,0,2,0.0,0.0006155,0.3266668933236889,0.011904761904761862,-0.039548022598870025
KMTR,238.0,0,0,1,0.0,-7.3e-06,0.7459630048051786,-0.04800000000000004,-0.06299212598425197
KLAS,72.0,0,1,3,0.0,0.0036634,0.5164146511751937,-0.052631578947368474,-0.1724137931034483
KIJA,151.0,0,2,4,17.075775961,0.0030177,0.5981385698071445,-0.11176470588235299,-0.22959183673469385
KICI,270.0,0,1,4,0.0,0.0003077,0.22384303650683357,-0.08163265306122447,-0.02877697841726623
KEJU,580.0,0,1,2,0.0,-5.6e-06,0.6629545352045897,-0.025210084033613467,-0.06451612903225812
KBLM,354.0,0,1,1,0.0,-1.71e-05,0.29467076916251944,0.047337278106508895,0.0535714285714286
KAQI,78.0,0,1,3,0.0,0.0022005,0.47758465969876596,-0.11363636363636365,-0.23529411764705888
FILM,590.0,0,0,3,0.000238,-0.0017708,0.31951340171535725,-0.0992366412213741,-0.37234042553191493
FAST,394.0,0,0,2,0.0,0.0015158,0.41156021169654905,-0.07511737089201875,-0.13973799126637554
EXCL,2380.0,0,0,0,0.0,-0.0137335,1.1859520053431805,0.02145922746781115,-0.12177121771217714
DPUM,106.0,0,1,4,0.0,0.0186619,0.3242593069287613,-0.17829457364341084,0.06000000000000005
LPPS,61.0,0,1,2,0.0,-0.0003955,1.3698752205191704,-0.08955223880597019,-0.25609756097560976
LPKR,47.0,0,0,2,0.0,-0.1067707,1.1948398517890653,-0.06000000000000005,-0.24193548387096775
LPCK,510.0,0,1,3,0.0,0.0001279,0.4691321636992348,-0.019230769230769273,-0.15000000000000002
LMPI,157.0,0,0,3,0.0,0.0,0.20989536150719484,-0.018750000000000044,-0.024844720496894457
LMAX,105.0,0,1,2,0.0,0.0,0.4652089897773262,0.01941747572815533,-0.09482758620689657
LION,272.0,0,1,4,0.0,-5.13e-05,4.031915204718294,-0.2568306010928961,-0.2953367875647669
LEAD,92.0,0,0,3,0.0,0.0044131,0.32693866567762586,-0.07999999999999996,-0.1785714285714286
LAND,53.0,0,3,4,0.0,0.0063563,0.664745202355796,-0.18461538461538463,-0.273972602739726
LAJU,54.0,0,1,4,0.0,-0.000856,0.38626162172636985,-0.1428571428571429,-0.28
LABS,146.0,0,0,3,0.0,-1.76e-05,0.11446941650209994,-0.0331125827814569,-0.11515151515151512
LABA,108.0,0,2,3,0.0,-0.0005041,0.48187840806704046,0.009345794392523255,-0.1428571428571429
KUAS,86.0,0,1,3,0.0,-0.0002053,0.3879057971294596,-0.022727272727272707,-0.20370370370370372
KRYA,47.0,0,1,3,0.0,0.0024886,0.9108056152523687,-0.1132075471698113,-0.29850746268656714
KRAS,216.0,0,0,2,0.2376,0.0005566,0.6615573540782388,-0.0357142857142857,-0.14960629921259838
MAYA,197.0,0,1,1,0.0,9.95e-05,0.90428968152954,-0.05288461538461542,-0.015000000000000013
MAXI,26.0,0,1,5,0.0315419,0.0030818,7.795784308350695,-0.48,-0.48
MAPA,650.0,0,1,1,0.0,-0.0345091,1.2515427596060937,0.0,-0.0714285714285714
MAIN,630.0,0,1,3,5.056e-05,-0.000552,0.36197594534762356,-0.015625,-0.08695652173913049
MAHA,136.0,0,0,3,0.0,0.0015608,0.2970469279124668,-0.02857142857142858,-0.09333333333333338
LTLS,900.0,0,0,2,0.0,-9.86e-05,0.3451125177608767,-0.0625,0.0
LSIP,1455.0,0,1,3,0.245759012,-7.3e-06,0.6637236271109497,-0.0490196078431373,-0.13649851632047483
LRNA,212.0,0,1,2,0.0,0.0,0.3410360971126448,-0.02752293577981646,0.07614213197969533
EMDE,64.0,0,1,3,0.0,0.003181,0.2931827355723011,-0.07246376811594202,-0.189873417721519
ELSA,630.0,0,0,2,0.003986,0.0151487,1.0502672632102068,-0.052631578947368474,-0.136986301369863
ELPI,560.0,0,0,3,0.0,-0.0003118,0.2989434244244862,-0.07438016528925617,-0.16417910447761197
ECII,150.0,0,2,3,0.0,6.37e-05,0.09240153495743385,0.0,-0.1477272727272727
DSFI,82.0,0,2,3,0.0,-0.0017861,0.6171738185291095,-0.09890109890109888,-0.06818181818181823
CTRA,535.0,0,0,1,2.43987995,-0.008024,1.1199486510956431,-0.06140350877192979,-0.15748031496062997
CRSN,139.0,0,2,3,0.0,2.16e-05,0.30097192728652183,0.12096774193548376,0.022058823529411686
MERI,104.0,0,0,2,0.0,-0.000149,0.39498081950696384,-0.028037383177570097,-0.14754098360655743
MEDS,74.0,0,1,3,0.0,0.0077802,0.15417390110442172,0.0,0.02777777777777768
MDLN,38.0,0,1,3,0.0,0.0010883,7.180195620573029,-0.24,-0.24
MDKA,2850.0,0,0,1,0.052135689,-0.0406144,0.8897662433005159,-0.07166123778501632,-0.017241379310344862
MDIA,155.0,0,1,3,0.0,0.0367816,0.5088138824509165,-0.06060606060606055,-0.28240740740740744
DNAR,120.0,0,0,3,0.0,0.0004128,0.5394706663704619,-0.024390243902439046,-0.12408759124087587
DMMX,172.0,0,1,3,2.350095,1.08e-05,0.6835406274416347,-0.03910614525139666,-0.10416666666666663
DKFT,650.0,0,0,2,0.0,-0.0015355,0.5069301713087646,0.0,-0.08450704225352113
DFAM,66.0,0,1,5,0.000138,-0.0040475,0.5030429715735184,-0.2584269662921348,-0.20481927710843373
FITT,404.0,0,2,4,0.0,0.0002158,0.430018429246784,-0.06046511627906981,-0.03349282296650713
MNCN,119.0,0,0,4,4.864e-06,-0.0236837,1.1665956611404558,-0.125,-0.405
MMLP,292.0,0,0,3,0.0,-0.0003279,0.4092043873243698,-0.013513513513513487,-0.04575163398692805
MLPT,945.0,0,1,4,0.0,-0.0003132,0.5887484015389359,-0.05970149253731338,-0.2157676348547718
MINE,272.0,0,0,2,0.0,0.0001793,0.20070789245397655,-0.007299270072992692,-0.04225352112676062
MIKA,1670.0,0,1,3,0.085,-0.0005344,0.3066549045052473,-0.029069767441860517,-0.12335958005249348
MIDI,250.0,0,1,3,0.0,0.001094,0.41699321643133924,-0.038461538461538436,-0.1007194244604317
MHKI,119.0,0,1,2,0.0,0.0005074,0.4915887048167257,-0.016528925619834656,-0.17361111111111116
DEFI,89.0,0,1,3,0.0,-0.0013248,0.6427385850689743,0.0,-0.16822429906542058
DATA,1525.0,0,0,2,0.0,-0.0003792,0.6568591181587028,-0.046875,-0.2139175257731959
DART,152.0,0,0,1,0.0,2.22e-05,0.1660296480389799,0.027027027027026973,-0.06172839506172845
DADA,24.0,0,1,4,0.3289944,-0.0022359,10.609558937256118,-0.52,-0.52
CTTH,92.0,0,1,4,0.0011288,0.0038877,0.5532596431688599,-0.14814814814814814,-0.29230769230769227
CITA,3350.0,0,1,1,0.0,-3.44e-05,0.7273216346692185,-0.023323615160349864,-0.023323615160349864
CINT,188.0,0,1,3,0.0,0.0002777,0.23213925756584283,-0.03589743589743588,0.005347593582887722
ITMA,1310.0,0,0,2,0.0,-2.6e-06,0.27505832896845395,-0.03321033210332103,-0.14098360655737707
ESIP,94.0,0,1,3,0.0,0.0020108,0.19130625172233864,-0.030927835051546393,-0.21666666666666667
ERTX,165.0,0,1,3,0.0,-0.000159,0.491687949444185,-0.023668639053254448,-0.10810810810810811
ERAL,300.0,0,1,2,0.0,0.002863,0.5572072237873221,-0.038461538461538436,-0.07975460122699385
ENZO,59.0,0,1,3,0.0,0.0017708,0.36439625966080724,-0.13235294117647056,-0.21333333333333337
ENAK,182.0,0,1,4,0.0,-5.18e-05,0.5662614279495602,-0.06666666666666665,-0.22881355932203384
EMTK,382.0,0,0,2,4.0392e-05,-0.0203091,1.0293734859311259,-0.09047619047619049,-0.25825242718446606
JPFA,1995.0,0,1,2,4.8198719,-0.0122781,0.9416934753894569,-0.06338028169014087,-0.13636363636363635
JGLE,46.0,0,1,4,0.0,0.1399969,0.730882532506977,-0.14814814814814814,-0.45238095238095233
JELI,394.0,0,1,5,0.138795,0.0042199,0.6882242294854727,-0.1004566210045662,-0.3378151260504202
JECC,725.0,0,0,1,0.0,6.7e-06,0.27892447773133744,-0.02684563758389258,0.12403100775193798
JAWA,176.0,0,1,2,0.0,-0.010111,1.2098054903297688,-0.053763440860215006,0.3037037037037038
KPIG,43.0,0,0,5,0.0,-0.1155457,0.6594344673139243,-0.14,-0.3484848484848485
KOPI,194.0,0,0,3,0.0,0.0,0.1447239035356503,-0.015228426395939132,-0.06730769230769229
KOKA,146.0,0,1,4,0.0,0.0049326,0.37073078641232776,-0.0641025641025641,-0.1933701657458563
ISEA,77.0,0,1,3,0.0,0.0001386,0.18110699599985855,0.0,-0.10465116279069764
IRSX,316.0,0,2,4,0.62006,0.0038361,0.8812903283873397,-0.15508021390374327,-0.2547169811320755
IPOL,111.0,0,2,3,0.0,-2.56e-05,0.37307505306442745,-0.008928571428571397,-0.0672268907563025
IPCC,1030.0,0,1,2,0.0,-0.0011667,1.117319256389596,-0.04629629629629628,-0.10434782608695647
IOTF,46.0,0,1,3,0.0,0.0117738,0.8030912660490687,-0.1636363636363637,-0.29230769230769227
INTP,4880.0,0,0,1,0.30618,0.0003186,0.8892182221611445,-0.03842364532019704,-0.1045871559633027
INOV,139.0,0,0,2,0.0,-0.0004963,0.3939920986648353,0.06106870229007644,-0.014184397163120588
FWCT,78.0,0,1,3,0.0,4e-07,0.6292215176190001,0.01298701298701288,-0.1333333333333333
FPNI,486.0,0,1,4,0.0,-0.000493,0.1754325866368513,-0.028000000000000025,-0.20975609756097557
FORU,163.0,0,1,5,2.921005794,0.0001986,0.5395952758584777,-0.5472222222222223,-0.9524781341107872
NICE,324.0,0,1,3,0.0,0.0003628,0.28671869993631177,-0.04705882352941182,-0.1428571428571429
NETV,33.0,0,1,5,0.0059382,-0.0160168,6.494044516705526,-0.33999999999999997,-0.33999999999999997
NELY,190.0,0,0,2,0.0,0.0,0.9521166445230111,-0.02564102564102566,-0.11214953271028039
NCKL,845.0,0,1,3,5.564563925,-0.0431737,0.6391718686916602,-0.06629834254143652,-0.11518324607329844
NASI,186.0,0,1,3,0.0,0.0031035,0.7394906290481869,-0.0653266331658291,0.24
MYOR,1370.0,0,0,3,0.000127877,-0.006739,0.6109544723347133,-0.04529616724738672,-0.1217948717948718
MYOH,990.0,0,1,2,0.0,5.93e-05,0.44057234163499925,-0.034146341463414664,-0.14655172413793105
MUTU,119.0,0,1,2,0.0,-0.0013145,0.25729144695827155,-0.008333333333333304,-0.024590163934426257
MTEL,446.0,0,0,3,0.021913282,-0.0068743,0.3635328737094041,-0.0429184549356223,-0.0897959183673469
MSTI,1320.0,0,1,2,0.0,-8.35e-05,0.4310731987578487,-0.018587360594795488,-0.022222222222222254
MSKY,44.0,0,0,5,0.0,0.0022907,0.3580388297112677,-0.16981132075471694,-0.32307692307692304
MSIE,116.0,0,1,5,0.0,-0.0018772,0.5237599052762978,-0.18881118881118886,-0.05691056910569103
MPIX,192.0,0,1,3,0.0,-0.0006685,0.3220943793509904,0.05494505494505497,0.641025641025641
CPIN,2910.0,0,0,3,0.01835619,-0.0274836,0.5485331085700829,-0.03322259136212624,-0.09345794392523366
CITY,158.0,0,1,4,0.0,-6.7e-05,0.37948352784096795,-0.1123595505617978,-0.1270718232044199
CBDK,3300.0,0,0,3,0.1665,-0.0004054,0.6068512908753061,-0.07042253521126762,-0.18518518518518523
CASS,1820.0,0,1,1,0.0,-0.0007229,1.173979663283579,-0.002739726027397249,-0.010869565217391353
CASH,244.0,0,0,1,0.0,-3.11e-05,0.48496269615726806,-0.008130081300813052,0.12962962962962954
PACK,428.0,0,2,4,19.9925946,-0.1481835,1.0121811160121774,-0.33643410852713174,0.44594594594594605
OPMS,89.0,0,1,3,0.0,-0.0004452,1.384235268537812,-0.043010752688172005,-0.2704918032786885
OLIV,48.0,0,1,4,0.0,0.0104914,0.2931229870320774,-0.09433962264150941,-0.09433962264150941
OKAS,98.0,0,0,4,0.0,0.0002687,0.6972583138832221,-0.1009174311926605,-0.1900826446280992
OBAT,218.0,0,0,3,0.0,-4.3e-06,0.17466923259503025,-0.04385964912280704,-0.05217391304347829
NZIA,144.0,0,1,3,0.0,0.0032723,0.08812748333114868,-0.03355704697986572,-0.1724137931034483
NTBK,62.0,0,2,3,0.1363185,0.0031934,0.6158158195553131,-0.08823529411764708,-0.2954545454545454
NPGF,44.0,0,1,3,0.0,-0.0121438,1.604797043035338,-0.15384615384615385,-0.24137931034482762
NICL,358.0,0,1,5,0.0,0.0043419,0.6190134917870054,-0.13942307692307687,-0.2753036437246964
BTPS,930.0,0,0,3,0.0,-0.0092597,0.5293496740744895,-0.03125,-0.08374384236453203
BSIM,920.0,0,0,1,0.0,3.04e-05,0.11864198194627526,-0.021276595744680882,-0.2236286919831224
PGAS,1375.0,0,1,2,9.34420854,0.00248,0.7812442189224053,-0.038461538461538436,-0.09539473684210531
PEHA,280.0,0,1,3,0.0,0.0001162,0.25149961420408073,-0.02777777777777779,-0.09090909090909094
PANR,402.0,0,1,1,0.0,-7.29e-05,1.1729261712039272,-0.019512195121951237,-0.06511627906976747
PANI,4300.0,0,1,4,0.04420003,0.0040421,0.9039501881586812,-0.11157024793388426,-0.2863070539419087
PAMG,46.0,0,1,3,0.0,3.99e-05,0.5285238538363598,-0.07999999999999996,-0.1785714285714286
PADI,40.0,0,1,5,0.00072666,0.2050196,1.1608720326216884,-0.19999999999999996,-0.4444444444444444
PADA,163.0,0,1,3,0.0,-0.0024304,0.6663050648768483,0.03164556962025311,-0.2657657657657657
CHEM,54.0,0,2,3,0.0,3.55e-05,0.3985216529846157,-0.052631578947368474,-0.22857142857142854
CHEK,118.0,0,1,2,0.0,0.0001145,0.40839611962552336,-0.078125,-0.11940298507462688
CGAS,146.0,0,1,2,0.0,-0.0004345,0.5576781671597001,0.006896551724137945,-0.04575163398692805
CENT,91.0,0,2,4,0.0,0.0025331,0.09886284610206589,-0.010869565217391353,-0.08080808080808077
CDIA,555.0,0,1,3,1.17883,-0.0076941,0.6960810587485129,-0.0826446280991735,-0.21830985915492962
CBUT,915.0,0,0,3,0.0,-1.56e-05,0.2115594714352424,0.011049723756906049,0.016666666666666607
GRPH,99.0,0,0,5,0.0,-0.0009919,0.20582818283584303,-0.20799999999999996,0.26923076923076916
PPRI,138.0,0,2,4,0.0,-0.0011588,0.40651498604984326,-0.061224489795918324,-0.15337423312883436
PNLF,194.0,0,0,3,1.6102e-05,-0.0233975,0.6792757775543755,-0.03960396039603964,-0.14912280701754388
PNIN,660.0,0,0,1,0.0,-0.0005828,0.7863534276519385,-0.04347826086956519,-0.09589041095890416
PNBS,40.0,0,1,4,0.0,-0.0004654,6.272216554316005,-0.19999999999999996,-0.19999999999999996
PMUI,97.0,0,2,4,0.0,0.001663,0.6745661413799233,-0.058252427184465994,-0.08490566037735847
PJHB,151.0,0,0,3,4.16e-05,0.0004034,0.5858498372377605,-0.0679012345679012,-0.1925133689839572
JATI,104.0,0,2,3,1.198557,0.0033615,0.5234471200591996,-0.0714285714285714,-0.054545454545454564
PIPA,137.0,0,1,4,0.0,0.0117943,0.2294440053020684,-0.028368794326241176,-0.30456852791878175
PICO,154.0,0,1,2,0.0,-0.0006302,0.6230164592222671,-0.06666666666666665,-0.1630434782608695
CAMP,160.0,0,1,4,0.0,-2.89e-05,0.25049856656173863,-0.053254437869822535,-0.07514450867052025
BYAN,11750.0,0,0,3,0.0,-0.0001125,0.368368649541114,-0.02892561983471076,-0.14855072463768115
BUKA,105.0,0,1,1,8.549e-06,-0.0279849,0.7403543296058608,0.009615384615384581,-0.08695652173913049
PSDN,117.0,0,2,3,0.0,-0.0012001,0.34427879976356535,-0.056451612903225756,-0.14598540145985406
PSAT,810.0,0,0,2,0.0,3e-06,0.9972089043475988,-0.04705882352941182,-0.10497237569060769
PSAB,515.0,0,0,0,0.01325,-0.0116671,1.0485798235374628,-0.03738317757009346,-0.0964912280701754
PRDL,173.0,0,1,5,0.0,0.0102067,0.4271583733967776,-0.135,-0.30800000000000005
AISA,113.0,0,1,4,0.0,0.0004094,0.2090530231044602,-0.025862068965517238,-0.0423728813559322
FIRE,103.0,0,0,3,0.0,-0.0006458,0.2017335531977297,-0.04629629629629628,-0.16935483870967738
INDY,2540.0,0,0,2,0.0,-0.0143245,0.5765638744067328,-0.055762081784386575,-0.08960573476702505
INDS,238.0,0,0,1,0.0,-0.0001085,0.8758167490455577,-0.008333333333333304,-0.11851851851851847
INDO,165.0,0,0,1,0.0,-0.0033307,0.7957203419852994,-0.02941176470588236,-0.10810810810810811
INCO,4170.0,0,2,3,10.39705922,-0.0022525,0.8450455840095985,-0.10897435897435892,-0.15927419354838712
INAI,152.0,0,1,3,0.0,0.0,0.23121844584952558,-0.03797468354430378,-0.13142857142857145
IMJS,161.0,0,1,3,2.07e-06,0.0008544,0.2821121449541929,-0.07999999999999996,-0.1436170212765957
HEXA,3520.0,0,0,3,0.0,-0.0006312,0.8519393765655705,-0.11335012594458438,-0.2142857142857143
IKAN,77.0,0,1,3,0.0,0.0010676,0.15194547320749865,-0.04938271604938271,-0.1444444444444445
GSMF,89.0,0,0,3,0.0,-0.0026572,0.07846046098466516,-0.011111111111111072,-0.08247422680412375
RAAM,149.0,0,2,3,0.0,-0.0006235,0.4615224571214213,-0.11834319526627224,-0.1945945945945946
PZZA,172.0,0,0,3,0.0,0.0012226,0.23833999383672025,-0.03910614525139666,-0.11340206185567014
PYFA,198.0,0,1,3,0.0,0.0045926,0.5290004268902938,-0.05714285714285716,-0.28260869565217395
PTSN,380.0,0,1,3,0.0,9.24e-05,0.1792892836484153,-0.050000000000000044,0.2582781456953642
PTPW,1095.0,0,1,3,0.0,-2.5e-06,0.6711981857255693,-0.03524229074889873,-0.07594936708860756
BSDE,535.0,0,0,2,6.8234e-05,0.0026584,1.0211032593521874,-0.044642857142857095,-0.20149253731343286
BRMS,570.0,0,1,4,0.03708151,-0.12379,0.9201432012497408,-0.13636363636363635,-0.2027972027972028
BREN,2830.0,0,1,3,0.00014775,-0.0003111,0.5335200463638324,-0.0721311475409836,-0.15773809523809523
AMAN,195.0,0,0,0,0.0,-2.12e-05,0.875087225382664,-0.05339805825242716,-0.16666666666666663
BOLA,154.0,0,2,3,0.0,0.0001556,0.31548832148955,-0.10465116279069764,-0.09941520467836262
BOBA,192.0,0,1,2,0.0,0.0002394,0.2369981275254925,-0.01538461538461533,-0.1351351351351351
BOAT,122.0,0,1,3,0.0,0.0007671,0.6716883288616952,-0.1159420289855072,-0.12230215827338131
BNGA,1695.0,0,2,3,0.189381205,-4.39e-05,0.6813766959615,-0.025862068965517238,-0.00877192982456143
PTMP,49.0,0,1,2,0.0,2.69e-05,0.7854327066119046,-0.05769230769230771,-0.24615384615384617
PTIS,194.0,0,1,4,0.0,3e-06,2.046674712797039,-0.24806201550387597,-0.2362204724409449
PSSI,360.0,0,1,3,0.0,-0.0001123,0.5528290114388363,0.016949152542372836,0.04651162790697683
RUIS,195.0,0,1,2,0.0,7e-06,0.3879555540107068,-0.005102040816326481,-0.08018867924528306
RMKO,270.0,0,0,2,0.0,0.000734,0.5614103937806506,-0.02877697841726623,-0.18674698795180722
RMKE,328.0,0,0,2,0.0,-0.008261,0.8733123914955307,-0.13684210526315788,-0.22274881516587675
RICY,63.0,0,0,4,0.0,0.0,0.713927117417064,-0.125,-0.20253164556962022
RGAS,90.0,0,1,2,0.0,0.0203588,0.470195374106855,-0.052631578947368474,-0.25
BMTR,77.0,0,1,4,7.22e-06,0.0155307,1.7134091627416788,-0.10465116279069764,-0.3418803418803419
BMAS,474.0,0,1,2,0.0,1.35e-05,0.14601026676863646,-0.03265306122448974,-0.06138613861386144
BLOG,354.0,0,0,0,0.0,0.0001911,0.748640210383727,-0.011173184357541888,-0.0732984293193717
BKSW,49.0,0,0,0,0.0,-0.0004023,0.8232250373353812,-0.020000000000000018,-0.10909090909090913
BISI,680.0,0,0,3,0.0,6.74e-05,0.5571479400489086,-0.03546099290780147,-0.08108108108108103
REAL,38.0,0,1,4,0.0091814,0.0033639,6.48898563481319,-0.24,-0.24
RCCC,105.0,0,0,2,0.0,0.0,0.6468768616528375,-0.01869158878504673,-0.11016949152542377
RBMS,44.0,0,2,4,0.0,0.0009024,1.2805123168768038,-0.12,-0.29032258064516125
KOCI,97.0,0,1,3,0.0,0.0080321,0.18053050405475474,-0.0490196078431373,-0.10185185185185186
SDPC,191.0,0,0,2,0.0,-5.7e-06,0.6227015304388552,0.0,-0.02051282051282055
SDMU,64.0,0,1,4,0.0,-0.0002765,0.6478986514065991,-0.05882352941176472,-0.30434782608695654
SCMA,172.0,0,1,2,0.123791475,-0.0211411,0.6809640017162557,0.005847953216374213,-0.1568627450980392
SBMA,110.0,0,0,2,0.0,0.0,0.31841431887096844,0.0,0.0
VAST,103.0,0,2,3,0.0,0.0003274,0.5036730410696073,-0.10434782608695647,-0.08849557522123896
BINO,108.0,0,0,2,0.0,0.0001939,0.6134241548268207,-0.018181818181818188,-0.09999999999999998
BGTG,103.0,0,1,3,0.0,0.003948,0.7776515489114704,-0.10434782608695647,-0.16935483870967738
TBLA,605.0,0,1,2,0.0,3.4e-05,0.6493985675430449,-0.008196721311475419,-0.0546875
BEST,120.0,0,1,2,0.0,0.016541,0.597877747657031,-0.008264462809917328,-0.11764705882352944
HERO,328.0,0,1,2,5e-06,1.37e-05,0.4877238887073828,0.01863354037267073,-0.012048192771084376
BELI,258.0,0,0,3,0.0,-0.0002694,0.3377304208986717,-0.0444444444444444,-0.2586206896551724
BEER,57.0,0,1,5,0.0,0.0026385,0.48936705851974577,-0.12307692307692308,-0.2875
BEEF,396.0,0,1,2,0.429236648,-0.001752,0.5534472223037554,-0.08333333333333337,-0.12
BCIP,53.0,0,0,0,0.0,-0.0008117,0.7063173969222977,-0.0535714285714286,-0.15873015873015872
TRGU,162.0,0,1,2,0.0,9.3e-05,0.4190305081790024,-0.04705882352941182,-0.052631578947368474
SAFE,670.0,0,0,2,0.0,5.8e-05,0.9528995878528577,0.07200000000000006,0.7091836734693877
HRUM,820.0,0,1,2,0.0,-0.0036962,0.7290980350159224,-0.06285714285714283,-0.13684210526315788
SMRA,234.0,0,0,3,4.255e-05,-0.0366592,0.4270238151132091,-0.07874015748031493,-0.29518072289156627
SMMT,3010.0,0,1,2,12.5,-0.0004089,1.1353023699292992,-0.050473186119873836,0.4401913875598087
SMKL,146.0,0,0,2,0.0,-5e-06,0.07164966267163239,-0.020134228187919434,-0.07594936708860756
SMGR,1505.0,0,1,1,4.784601188,-0.007142,0.837030111114499,-0.04746835443037978,-0.1615598885793872
SMBR,147.0,0,1,3,0.0,0.0013435,0.22284790703881954,-0.045454545454545414,-0.18333333333333335
SLIS,71.0,0,1,4,0.0,-0.0075322,0.3543009235542674,-0.01388888888888884,-0.202247191011236
ACES,322.0,0,0,2,0.0,-0.0176281,1.1738298881663372,-0.05847953216374269,-0.1005586592178771
SKBM,488.0,0,0,2,0.0,-1.56e-05,0.5055834043691532,-0.02008032128514059,-0.14385964912280702
BBYB,196.0,0,0,2,1.8228e-05,-0.0504493,0.7358409410722679,-0.04854368932038833,-0.274074074074074
BBTN,1065.0,0,0,2,0.000202726,-0.0182397,0.7512213564366681,-0.03619909502262442,-0.1411290322580645
BBRM,108.0,0,1,3,0.0,-0.0002397,0.2770235211964123,0.009345794392523255,-0.09999999999999998
ACRO,51.0,0,1,3,0.0,-0.0018127,0.560213983853768,-0.07272727272727275,-0.2153846153846154
BAJA,294.0,0,2,4,0.00156,-0.0038707,0.3719674948836551,-0.11976047904191611,0.042553191489361764
SOHO,1275.0,0,1,4,0.0,-1.6e-06,0.06248281788826994,-0.07942238267148016,0.05809128630705396
SOFA,262.0,0,1,4,0.0,0.0013851,1.0222224240731939,-0.13815789473684215,-0.1708860759493671
SMSM,1675.0,0,1,3,0.0,-0.0056359,0.5831585411555846,-0.005934718100890191,-0.026162790697674465
GRIA,161.0,0,1,2,0.0,-0.0005857,0.3663857771476262,0.03870967741935494,-0.04166666666666663
GPSO,226.0,0,1,4,0.0115938,-7.8e-06,0.6837079319448994,0.0,-0.23129251700680276
GOLF,155.0,0,1,2,0.0,0.000851,0.33514690884955345,-0.09883720930232553,-0.03125
GOLD,264.0,0,1,3,0.0,2.39e-05,0.17279484422320293,-0.04347826086956519,-0.05035971223021585
GJTL,1245.0,0,0,1,0.456990755,-0.0016862,0.7686922409642707,-0.0040000000000000036,-0.10431654676258995
GIAA,50.0,0,1,3,8.912e-06,0.0412651,0.9533227731221828,-0.1071428571428571,-0.25373134328358204
IFII,208.0,0,1,3,0.0,-4.72e-05,0.15137486720240395,-0.03703703703703709,0.019607843137254832
IDPR,236.0,0,1,2,0.0,9.5e-06,0.13397396325835503,-0.078125,-0.12592592592592589
ICON,125.0,0,0,5,0.0,0.0040196,0.1665995103191878,-0.12587412587412583,-0.038461538461538436
ICBP,6750.0,0,1,1,0.445083575,-0.0018036,0.7003335714873302,0.015037593984962516,-0.07216494845360821
IBOS,84.0,0,0,3,0.0009156,-0.0014973,0.20476274723965981,-0.06666666666666665,-0.06666666666666665
HYGN,184.0,0,1,2,0.0,-0.000355,0.3652449663724034,0.022222222222222143,-0.021276595744680882
ACST,90.0,0,0,4,0.0,-0.0001751,0.3936925018417548,-0.09090909090909094,-0.032258064516129004
TAMA,190.0,0,0,2,0.0,0.0,0.5062885234643592,-0.02564102564102566,-0.07766990291262132
BAIK,224.0,0,2,5,0.0,0.0060775,0.3886400919555544,-0.10399999999999998,-0.1578947368421053
WINS,585.0,0,0,2,0.0,-0.0009266,0.5706031359495213,0.03539823008849563,0.026315789473684292
BACA,109.0,0,0,3,0.0,6.47e-05,0.6587068346730721,-0.03539823008849563,-0.09166666666666667
BABY,187.0,0,1,2,0.0,0.0008826,0.5334423203116876,0.0108108108108107,-0.10952380952380958
BABP,28.0,0,1,4,0.0,-0.0025646,6.095128453205334,-0.43999999999999995,-0.43999999999999995
AYLS,180.0,0,2,5,0.0,0.0001754,0.6097887287283071,-0.12621359223300976,0.16129032258064524
ATLA,32.0,0,1,5,0.100212,-0.0001441,7.944934263447396,-0.36,-0.36
ASSA,570.0,0,0,2,0.0,-0.0103316,0.6407388911179399,-0.03389830508474578,-0.109375
SSTM,410.0,0,1,2,0.0,1.88e-05,0.18513884321943297,-0.09292035398230092,-0.18811881188118806
SSMS,1065.0,0,0,0,0.0,-0.0032564,0.835594389835723,-0.009302325581395321,-0.10126582278481011
SRTG,1710.0,0,1,2,0.0,-0.0026772,0.9517978174693198,-0.031161473087818692,-0.0473537604456824
SQMI,92.0,0,1,3,0.7665,-0.0026058,0.45373991666523866,0.06976744186046502,-0.10679611650485432
SPRE,92.0,0,1,1,0.0,1.75e-05,0.5242552542967626,0.022222222222222143,0.0
SPMA,160.0,0,2,3,0.0,6.55e-05,0.5523305685496072,-0.030303030303030276,-0.05882352941176472
SOTS,505.0,0,0,3,0.0,-4.43e-05,0.7873889220443164,-0.10619469026548678,-0.17886178861788615
ASHA,42.0,0,1,3,0.0,0.0230947,0.7397198487409011,-0.16000000000000003,-0.27586206896551724
ARTO,755.0,0,0,3,0.0,-0.0060403,0.8223141340009915,-0.11176470588235299,-0.28095238095238095
SKLT,194.0,0,0,2,0.0,6.7e-06,0.23796089930211672,-0.015228426395939132,-0.11818181818181817
AHAP,92.0,0,1,2,0.0,-0.0077655,0.8123473732551615,0.09523809523809534,-0.10679611650485432
AGRS,57.0,0,0,0,0.0,0.0007307,0.941704386369231,0.0,-0.109375
YELO,76.0,0,1,3,0.0,-0.008738,0.5991658900696027,0.027027027027026973,-0.2692307692307693
AGAR,1550.0,0,3,4,4.941,4.57e-05,0.4644388513841092,-0.2364532019704434,0.054421768707483054
APEX,172.0,0,0,2,0.0,-0.0002806,0.39550436816557166,0.0,-0.14851485148514854
ANTM,3140.0,0,1,2,2.4461474,-0.0018052,0.6063574607416806,-0.02786377708978327,0.0064102564102563875
ANJT,1500.0,0,1,3,0.0,4e-06,0.4619458914608063,-0.05660377358490565,-0.059561128526645746
VERN,175.0,0,1,3,0.0,-0.0007009,1.304690259648308,-0.23913043478260865,-0.27083333333333337
AMMS,208.0,0,0,2,0.0,0.0,0.3795775915221122,0.009708737864077666,0.009708737864077666
WMUU,28.0,0,1,4,0.008313,-0.0014167,6.4541768940541235,-0.43999999999999995,-0.43999999999999995
ASJT,162.0,0,1,2,0.0,-1.32e-05,0.32465788212874946,0.0,0.0
HOKI,39.0,0,2,5,0.0,0.0151916,0.634156412570651,-0.21999999999999997,-0.3035714285714286
ABMM,2610.0,0,0,1,0.0,0.0002691,1.1929985199909583,-0.0076045627376425395,-0.09059233449477355
AADI,11550.0,0,0,0,0.11683359,-0.0069106,0.9520656469990172,0.026666666666666616,0.026666666666666616
YPAS,1225.0,0,1,3,0.0,-6.1e-06,0.3731898163274149,0.17788461538461542,-0.1778523489932886
YOII,75.0,0,1,2,0.0,0.0011168,0.2959732942632942,0.013513513513513598,-0.07407407407407407
UDNG,376.0,0,2,5,7.738668,-0.000649,0.5152673518887602,-0.248,-0.6518518518518519
UANG,3570.0,0,2,3,1.98504,9.4e-06,0.15444763538956374,-0.06052631578947365,0.11214953271028039
TUGU,1410.0,0,0,1,0.0,-0.0008365,0.6385519006214446,-0.09615384615384615,0.040590405904058935
TRUE,45.0,0,1,5,0.0,0.0277152,0.5805249413046196,-0.25,-0.3571428571428571
TRON,76.0,0,0,4,0.0,-0.0045704,0.6781673669375142,-0.13636363636363635,-0.2692307692307693
TRJA,120.0,0,2,3,0.0,0.0001431,0.1296564593890369,-0.040000000000000036,-0.09090909090909094
ASLC,57.0,0,1,3,0.0,0.0028493,0.5809149258397249,-0.06557377049180324,-0.16176470588235292
TRIN,260.0,0,2,3,8.831232,0.0071547,0.6230106447392965,-0.06474820143884896,-0.375
WTON,68.0,0,0,2,0.0,-1.58e-05,0.6860458044951123,-0.05555555555555558,-0.16049382716049387
ESTI,149.0,0,2,3,0.0,0.0029155,0.17589582186556657,0.02758620689655178,-0.09696969696969693
HEAL,600.0,0,0,2,6.0894e-05,-0.0062502,0.5983967945122728,-0.032258064516129004,-0.12408759124087587
ESTA,160.0,0,2,3,0.0,0.0002068,0.44038380086553824,0.03896103896103886,-0.101123595505618
HDFA,94.0,0,1,3,0.0,-0.0001247,0.3889434048072794,0.04444444444444451,-0.07843137254901966
HALO,60.0,0,1,3,0.0,0.0010277,0.10735007609540877,-0.032258064516129004,-0.13043478260869568
HAJJ,106.0,0,0,1,0.0,-0.0014421,0.5746508623718116,-0.009345794392523366,-0.01851851851851849
GZCO,161.0,0,1,3,0.0,0.0054412,0.28784702228875714,-0.07471264367816088,-0.19095477386934678
GWSA,145.0,0,2,3,0.0,0.0002228,0.23563529429025723,-0.08227848101265822,-0.16666666666666663
GUNA,218.0,0,0,1,0.0,3.46e-05,0.8505673040863122,-0.009090909090909038,-0.018018018018018056
GTSI,130.0,0,0,4,0.002054,0.0065355,0.6547749776646427,-0.11564625850340138,-0.23976608187134507
VRNA,73.0,0,0,3,0.0,8.53e-05,0.1436380324334155,-0.026666666666666616,-0.28431372549019607
VOKS,262.0,0,2,3,0.0,6.9e-05,0.5355118040084389,0.015503875968992276,0.09166666666666656
VINS,140.0,0,1,3,0.0,0.000192,0.1351810669618262,-0.014084507042253502,-0.007092198581560294
WEHA,105.0,0,0,2,0.0,0.0,0.304442578562814,-0.009433962264150941,-0.05405405405405406
WEGE,37.0,0,1,3,0.0,0.0096818,1.741961795490472,-0.26,-0.31481481481481477
AKSI,342.0,0,1,4,0.0,9.5e-05,0.2397732221468519,-0.08064516129032262,0.05555555555555558
