Kode,Close,Nego (M),Premium %,Ratio vs Avg,Confidence,Tipe
UDNG,376.0,7.738668,-4.255319148936165,493.3120278784144,95,🔴 SANGAT ANOMALI - Kemungkinan besar ada event besar
APIC,400.0,2.47810577,77.64499600136605,0.08372247941417213,60,🟠 ANOMALI - Kemungkinan ada news/corporate action
RISE,610.0,19.8,-1.6393442622950838,11.843256061204992,55,🟠 ANOMALI - Kemungkinan ada news/corporate action
JELI,394.0,0.068685,205.83756345177667,0.1062080821424677,45,🟡 ADA SINYAL - Perlu dipantau
MSIN,181.0,30.4805856,5.204679589582195,3.635197383190563,45,🟡 ADA SINYAL - Perlu dipantau
NSSS,715.0,13.239562,13.129864307175865,0.31966589155581515,45,🟡 ADA SINYAL - Perlu dipantau
DEWA,338.0,0.164,21.301775147928993,0.023706645326581625,30,🟡 ADA SINYAL - Perlu dipantau
BNBR,72.0,2.695014549,20.743592654654307,0.05497946280072707,30,🟡 ADA SINYAL - Perlu dipantau
TPIA,1700.0,4.2375,20.127569099929143,1.0952658455103974,30,🟡 ADA SINYAL - Perlu dipantau
MBMA,470.0,1.375,17.021276595744684,0.01893905219947023,30,🟡 ADA SINYAL - Perlu dipantau
TRIM,765.0,0.871288,15.032679738562083,0.1994046856242509,28,⚪ NORMAL
BBHI,800.0,1.1524,-16.249999999999996,0.3427183685224742,27,⚪ NORMAL
BOGA,1550.0,2.6815,0.0,0.22866259671689765,25,⚪ NORMAL
CASA,1865.0,14.928214,0.21539825651337718,0.7900892358601789,25,⚪ NORMAL
BRPT,1420.0,2.462890235,7.322795304816299,1.5355971998220868,20,⚪ NORMAL
ENRG,1440.0,5.5131726,10.924169597725463,0.29691902787281954,20,⚪ NORMAL
AMMN,4240.0,5.16312996,20.94395073215558,1.1501439202522103,20,⚪ NORMAL
KOTA,154.0,0.4,29.87012987012987,0.08224145266177275,20,⚪ NORMAL
TLKM,2250.0,274.451055499,-0.010817243595984127,4.7242819841109,20,⚪ NORMAL
PTRO,5125.0,0.756695,21.8216211865089,0.14809902165975816,20,⚪ NORMAL
GIAA,50.0,3.816e-06,6.000000000000005,8.845462285593451e-06,20,⚪ NORMAL
UNSP,358.0,39.056299908,-22.9050279329609,1.9828564561489967,17,⚪ NORMAL
FORU,163.0,0.432144798,-32.739276693334695,1.533297594633196,15,⚪ NORMAL
TRIS,170.0,0.134997,0.0,0.0011020163265306122,15,⚪ NORMAL
PANI,4300.0,0.041,-53.48837209302326,0.005045431807838789,15,⚪ NORMAL
MTLA,690.0,10.460422,-0.11904069641146542,0.43069515741113734,15,⚪ NORMAL
SMIL,446.0,24.5504916,-0.4484304932735439,3.2456374198620903,13,⚪ NORMAL
GOTO,30.0,59.670885528,-15.314445262641597,0.7970053488687596,12,⚪ NORMAL
DADA,24.0,0.0004515,-12.5,0.02460195188718105,12,⚪ NORMAL
KIJA,151.0,0.138375,-10.596026490066224,0.035957280216478656,12,⚪ NORMAL
DMMX,172.0,0.048,-12.790697674418606,0.007683612527265819,12,⚪ NORMAL
BBCA,6100.0,34.6721833,-0.3598309575764791,0.2166531550074485,10,⚪ NORMAL
ASII,4630.0,4.00482892,-0.5614883334871812,0.47450664377447177,10,⚪ NORMAL
BMRI,4030.0,30.09844829,-0.12310312840924098,0.7632895077206434,10,⚪ NORMAL
UNVR,1580.0,0.00013904,0.0,8.335942369885665e-05,10,⚪ NORMAL
PURI,140.0,0.00143,2.1428571428571352,0.9407894736842105,10,⚪ NORMAL
SSIA,1660.0,1.533652,9.751336064142514,0.15607044115075028,10,⚪ NORMAL
AMRT,1265.0,5.957e-05,2.371541501976293,1.1222537834330264e-05,10,⚪ NORMAL
CNMA,89.0,4.806e-06,0.0,0.7678877494698312,10,⚪ NORMAL
BULL,346.0,0.0329902,-9.537572254335258,0.01172565295493796,10,⚪ NORMAL
BIPI,126.0,5.6986249,3.4118709181016227,1.4374474299694548,10,⚪ NORMAL
SMGR,1505.0,0.00013965,-2.3255813953488413,6.510340454188877e-05,10,⚪ NORMAL
PNLF,194.0,1.6102e-05,0.0,1.131944126515248e-05,10,⚪ NORMAL
BUVA,590.0,0.4956,0.0,0.04691931074615559,10,⚪ NORMAL
CDIA,555.0,0.00333,0.0,0.008844454709885619,10,⚪ NORMAL
PJHB,151.0,7.5e-06,-0.6622516556291425,0.15824926548454135,10,⚪ NORMAL
NCKL,845.0,0.4225,0.0,0.00916404922468118,10,⚪ NORMAL
ISAT,2250.0,1.235,9.777777777777775,0.12169441186996775,10,⚪ NORMAL
GGRM,16900.0,0.6473466,0.011834319526626835,0.674276523248271,10,⚪ NORMAL
FOLK,173.0,0.504,4.046242774566466,0.22394091609222685,10,⚪ NORMAL
CPIN,2910.0,0.00012196,-0.21273114056619136,3.1614976276300076e-05,10,⚪ NORMAL
HUMI,120.0,0.001725,-4.1666666666666625,0.022461867253825474,10,⚪ NORMAL
GTSI,130.0,0.002054,0.0,0.053725823052667786,10,⚪ NORMAL
CTRA,535.0,7.95e-06,-0.9345794392523366,1.0717730178056217e-05,10,⚪ NORMAL
ELSA,630.0,0.00256,1.5873015873015817,0.007507391343862677,10,⚪ NORMAL
TOBA,462.0,5.0021552,0.8661638275396122,0.0,8,⚪ NORMAL
SINI,15850.0,0.00085,7.2555205047318605,3.193667270291072e-05,5,⚪ NORMAL
IMJS,161.0,2.07e-06,-14.28571428571429,0.0002279979029149408,2,⚪ NORMAL
DSSA,1140.0,15.549984,-10.39770322859016,0.15969848900149067,2,⚪ NORMAL
ADRO,2500.0,0.0001612,-0.8000000000000007,0.00030402387736444954,0,⚪ NORMAL
AADI,11550.0,0.0051801,-5.181076851267119,0.00201227493459348,0,⚪ NORMAL
ARCI,1240.0,0.2232645,1.2096774193548487,0.11033673788133108,0,⚪ NORMAL
ANTM,3140.0,0.0002355,0.0,5.863889401663991e-05,0,⚪ NORMAL
BBRI,3080.0,51.9973612,-0.2401471977608538,1.8839957560036813,0,⚪ NORMAL
CUAN,845.0,0.62716,4.241739246060772,0.2012635913932205,0,⚪ NORMAL
VKTR,835.0,7.7555,-5.22424538677746,0.3746741341126984,0,⚪ NORMAL
INKP,8050.0,0.29055,-7.453416149068326,0.06950562051144535,0,⚪ NORMAL
BRMS,570.0,0.00114025,-2.6550561318137156,4.401265167340895e-05,0,⚪ NORMAL
PACK,428.0,0.0465004,-1.4997330983469004,0.0020185232007012706,0,⚪ NORMAL
UNTR,26000.0,0.00101985,0.5769230769230749,7.671498764050392e-05,0,⚪ NORMAL
DEWI,246.0,0.3045,-14.634146341463417,0.3702778382716609,-3,⚪ NORMAL
PART,121.0,0.0056805,-13.223140495867769,0.03400377121307354,-3,⚪ NORMAL
UVCR,266.0,3.568,-16.16541353383458,0.4314774517827441,-3,⚪ NORMAL
