fitur,event_med,nonev_med,diff,effect_d,abs_d
obv_above_ma10,1.0,0.0,1.0,2.0401049619075815,2.0401049619075815
mfe_3d,0.18324607329842935,0.022070421228428283,0.16117565207000106,1.3667779900691612,1.3667779900691612
mfe_5d,0.19354838709677424,0.02684563758389258,0.16670274951288166,1.1274009033118046,1.1274009033118046
fwd_ret_1d,0.06481481481481488,-0.0050000000000000044,0.06981481481481489,0.982976652855625,0.982976652855625
bb_width_pct_rank_60,0.6833333333333333,0.43333333333333335,0.25,0.7770635077557972,0.7770635077557972
mfe_10d,0.20967741935483875,0.03125,0.17842741935483875,0.7644543578250991,0.7644543578250991
mfe_20d,0.21212121212121215,0.03333333333333344,0.17878787878787872,0.6979589058735586,0.6979589058735586
plus_di_14,30.82191780821918,21.568627450980394,9.253290357238786,0.6769395824262459,0.6769395824262459
range,0.07936507936507936,0.0392156862745098,0.04014939309056956,0.659647136572818,0.659647136572818
mfi_14,73.4485906714691,60.43979698666813,13.008793684800978,0.586067155053635,0.586067155053635
bb_pos,0.6638504406701448,0.4329213421725955,0.23092909849754928,0.5741750949221676,0.5741750949221676
hv_10,0.7344457996429746,0.35680827484223393,0.3776375248007407,0.5159281537138093,0.5159281537138093
atr_pct_rank_60,0.6,0.43333333333333335,0.16666666666666663,0.5129323869322965,0.5129323869322965
hv_20,0.6749159964455956,0.38875191372172707,0.28616408272386856,0.5108767015732926,0.5108767015732926
bb_width,0.27168821289988426,0.14679595056969036,0.1248922623301939,0.49032165816717616,0.49032165816717616
range_L1,0.0696969696969697,0.0390625,0.0306344696969697,0.49025380967589727,0.49025380967589727
stoch_d,47.11111111111111,35.00388500388501,12.107226107226097,0.4683175625388627,0.4683175625388627
rsi_14,57.40740740740741,48.38709677419355,9.02031063321386,0.4477537617656119,0.4477537617656119
rsi_7,54.16988416988417,42.857142857142854,11.312741312741316,0.4395276639195468,0.4395276639195468
range_L2,0.06474820143884892,0.03825136612021858,0.02649683531863034,0.4386476012686349,0.4386476012686349
stoch_k,45.45454545454545,33.333333333333336,12.121212121212118,0.4262162120747676,0.4262162120747676
fwd_ret_3d,0.0398412698412699,-0.010869565217391353,0.05071083505866125,0.42118331670968767,0.42118331670968767
close_to_high_ratio,0.9637681159420289,0.9795918367346939,-0.01582372079266492,-0.4055391851500386,0.4055391851500386
rsi_14_L2,57.088122605363985,50.0,7.088122605363985,0.37951835375630144,0.37951835375630144
donchian_pos,0.4588235294117647,0.35294117647058826,0.10588235294117643,0.37181021646347356,0.37181021646347356
dist_high_10,-0.115,-0.07734806629834254,-0.03765193370165747,-0.37004439173105025,0.37004439173105025
rsi_14_L3,56.66032953105196,50.0,6.660329531051957,0.3695796380104156,0.3695796380104156
range_L3,0.05789473684210526,0.038461538461538464,0.0194331983805668,0.3438784541243727,0.3438784541243727
rsi_21,57.14285714285714,51.5625,5.580357142857139,0.33679159492708677,0.33679159492708677
body,0.02857142857142857,0.014218009478672985,0.014353419092755585,0.33208092787877813,0.33208092787877813
fwd_ret_5d,0.030418690724034247,-0.019607843137254943,0.05002653386128919,0.3267688704937159,0.3267688704937159
rsi_14_L1,56.38297872340426,50.0,6.382978723404257,0.3249692883811713,0.3249692883811713
dist_low_10,0.10062893081761007,0.044444444444444446,0.05618448637316562,0.28788179578325546,0.28788179578325546
dist_high_20,-0.13716814159292035,-0.10619469026548672,-0.03097345132743362,-0.2746599188086933,0.2746599188086933
dist_high_50,-0.1721311475409836,-0.13414634146341464,-0.03798480607756896,-0.271596320525259,0.271596320525259
dist_low_20,0.14516129032258066,0.06722689075630252,0.07793439956627814,0.2696251080667555,0.2696251080667555
mae_3d,-0.018018018018018056,-0.03472222222222221,0.016704204204204154,0.2595945756406355,0.2595945756406355
px_vs_sma50,0.088688263409453,0.023017902813299258,0.06567036059615375,0.2501309042940878,0.2501309042940878
minus_di_14,13.333333333333332,16.262611421294935,-2.9292780879616025,-0.24334909548082148,0.24334909548082148
mae_5d,-0.02777777777777779,-0.046666666666666634,0.018888888888888844,0.23977504135530325,0.23977504135530325
atr_5_pct,0.08034188034188035,0.04431137724550899,0.03603050309637136,0.21460877457870037,0.21460877457870037
adx_14,43.84523168019044,40.09372933419381,3.7515023459966272,0.20528167383567295,0.20528167383567295
px_vs_sma20,0.027667984189723292,-0.00641025641025635,0.034078240599979645,0.2041656030808044,0.2041656030808044
dist_low_50,0.3274336283185841,0.16766467065868262,0.15976895765990146,0.1990901868022553,0.1990901868022553
fwd_ret_20d,-0.0431744059636589,-0.08301886792452828,0.03984446196086938,0.19907820980153415,0.19907820980153415
ret_to_high,0.02857142857142847,0.015075376884422065,0.013496051687006405,0.1894163091934,0.1894163091934
roc_20,0.06451612903225801,0.005347593582887722,0.059168535449370285,0.18463495643705072,0.18463495643705072
ret_20d,0.06451612903225801,0.005347593582887722,0.059168535449370285,0.18463495643705072,0.18463495643705072
atr_10_pct,0.0735632183908046,0.04533333333333333,0.028229885057471267,0.17787509626406614,0.17787509626406614
lower_wick,0.23076923076923078,0.2727272727272727,-0.041958041958041925,-0.16903432952498182,0.16903432952498182
roc_10,0.028169014084507005,-0.009615384615384581,0.037784398699891586,0.1674099066287182,0.1674099066287182
ret_10d,0.028169014084507005,-0.009615384615384581,0.037784398699891586,0.1674099066287182,0.1674099066287182
mae_10d,-0.05339805825242716,-0.07023411371237454,0.016836055459947374,0.16608603454364912,0.16608603454364912
clv_L1,0.37797619047619047,0.42857142857142855,-0.05059523809523808,-0.16520214362689023,0.16520214362689023
fwd_ret_10d,0.0,-0.03888888888888886,0.03888888888888886,0.16026630770591158,0.16026630770591158
vol_z_20,-0.14883698066919632,-0.34122018633333034,0.19238320566413403,0.1591263856338408,0.1591263856338408
atr_14_pct,0.06923076923076923,0.04568527918781726,0.023545490042951978,0.1557653650474875,0.1557653650474875
atr_20_pct,0.06441717791411043,0.04594594594594594,0.01847123196816449,0.1463199241148732,0.1463199241148732
px_vs_sma200,0.004181774193327986,-0.04748821950845905,0.051669993701787036,0.12079286548859566,0.12079286548859566
mae_20d,-0.08695652173913049,-0.10080776496645166,0.013851243227321175,0.11376047468101505,0.11376047468101505
avg_trade_size,1312705.2631578948,1711757.867360208,-399052.6042023131,-0.10146565297149543,0.10146565297149543
vol_ratio_5_L3,0.7315683723043205,0.8184849576842835,-0.08691658537996305,-0.09992873293163927,0.09992873293163927
clv_L3,0.4258241758241758,0.45454545454545453,-0.02872127872127872,-0.09382342207895088,0.09382342207895088
ret_3d,0.0052631578947368585,-0.007194244604316502,0.01245740249905336,0.09365505933735561,0.09365505933735561
vol_ratio_50,0.965839591184358,0.6715868120978205,0.2942527790865376,0.09262028827505,0.09262028827505
clv_L2,0.4,0.42857142857142855,-0.028571428571428525,-0.09239826553450356,0.09239826553450356
vol_ratio_20,0.8408291949748554,0.6441820858914574,0.196647109083398,0.08821335412396808,0.08821335412396808
value_ratio_20,0.8195019436269123,0.6228874952103175,0.1966144484165948,0.08284231747549256,0.08284231747549256
vol_ratio_5,0.8758414411008109,0.799682245465378,0.07615919563543283,0.08238167600358715,0.08238167600358715
vol_ratio_10,0.8233243686803499,0.703613330213591,0.1197110384667589,0.0816166663460412,0.0816166663460412
ret_1d_rank_pct,0.4691444600280505,0.4936797752808989,-0.02453531525284841,-0.07501079905263021,0.07501079905263021
freq_ratio_20,0.8352996131319543,0.7042494859492803,0.13105012718267406,0.0688060655737881,0.0688060655737881
tradeable_shares,2328153048.0,5000000000.0,-2671846952.0,-0.06244249385750807,0.06244249385750807
listed_shares,2616500000.0,5284811100.0,-2668311100.0,-0.06236525922135331,0.06236525922135331
ret_5d,0.0,-0.009615384615384581,0.009615384615384581,0.05883725419772473,0.05883725419772473
roc_5,0.0,-0.009615384615384581,0.009615384615384581,0.05883725419772473,0.05883725419772473
donchian_low_20,156.0,250.0,-94.0,-0.0585938798914193,0.0585938798914193
bb_lower,154.00232229866538,246.82262571346305,-92.82030341479768,-0.05845430889350533,0.05845430889350533
ema_100,178.67671396720152,284.93991755423025,-106.26320358702873,-0.057720403736350644,0.057720403736350644
ema_50,176.62047983589437,278.37479923917596,-101.75431940328158,-0.05771239128900589,0.05771239128900589
Offer,177.0,280.0,-103.0,-0.05540433649816297,0.05540433649816297
sma_50,177.52,272.44,-94.91999999999999,-0.05481980901323528,0.05481980901323528
sma_100,175.17000000000002,271.6,-96.43,-0.05391046884918631,0.05391046884918631
ema_20,184.6432253169353,278.6828168387825,-94.03959152184723,-0.05187542240522952,0.05187542240522952
sma_20,185.85,280.0,-94.15,-0.051784737338724046,0.051784737338724046
sma_200,190.63879513699874,303.33948077210835,-112.70068563510961,-0.05114624383227201,0.05114624383227201
ema_200,192.56636557526076,306.13284087371096,-113.5664752984502,-0.050621579234849313,0.050621579234849313
sma_10,189.0,280.6,-91.60000000000002,-0.04939756545539307,0.04939756545539307
supertrend_lower,150.3,229.8,-79.5,-0.04912661641178118,0.04912661641178118
ema_10,189.32219029047468,279.9593307722532,-90.63714048177854,-0.04911827218793068,0.04911827218793068
body_L1,0.0273972602739726,0.015873015873015872,0.011524244400956729,0.04722666814316139,0.04722666814316139
ret_2d,0.0,-0.00520833333333337,0.00520833333333337,0.04718227615642045,0.04718227615642045
sma_5,191.8,279.2,-87.39999999999998,-0.04701741701364713,0.04701741701364713
open,197.0,284.0,-87.0,-0.04665373100028046,0.04665373100028046
ema_5,193.05970046196268,279.3990967149872,-86.33939625302452,-0.04645494253504622,0.04645494253504622
vol_ratio_5_L1,0.8587690991103425,0.8164539910357834,0.04231510807455907,0.04643240856821697,0.04643240856821697
low,188.0,272.0,-84.0,-0.046119090263434574,0.046119090263434574
prev_close,195.0,280.0,-85.0,-0.04557191393183459,0.04557191393183459
vol_ratio_20_L2,0.7571099218525865,0.6637238365029852,0.09338608534960136,0.044511317903539245,0.044511317903539245
frequency,1136.0,840.0,296.0,0.04367309669280711,0.04367309669280711
close,200.0,280.0,-80.0,-0.042812679505125954,0.042812679505125954
bb_upper,219.54530090841405,309.15438174143134,-89.60908083301729,-0.042801679888333506,0.042801679888333506
high,210.0,292.0,-82.0,-0.042783946657301945,0.042783946657301945
Bid,199.0,278.0,-79.0,-0.042361375030902475,0.042361375030902475
body_L2,0.026490066225165563,0.015625,0.010865066225165563,0.042147653291994165,0.042147653291994165
vol_ratio_20_L1,0.7577855797673385,0.6662426356277859,0.09154294413955266,0.04098119688412283,0.04098119688412283
donchian_high_20,242.0,326.0,-84.0,-0.039733628693610495,0.039733628693610495
supertrend_upper,253.8,337.0,-83.19999999999999,-0.03878151132095913,0.03878151132095913
vol_ratio_5_L2,0.8391167393577678,0.809505405233001,0.029611334124766797,0.03286608452508968,0.03286608452508968
cmf_20,-0.09069402452157313,-0.09859159927787792,0.007897574756304787,0.030862902895151853,0.030862902895151853
vol_ratio_20_L3,0.6213744846190443,0.6771652191942564,-0.05579073457521211,-0.02934153738667764,0.02934153738667764
tr,18.0,14.0,4.0,0.026360842629387694,0.026360842629387694
clv,0.4166666666666667,0.4090909090909091,0.007575757575757569,0.024363820199490356,0.024363820199490356
upper_wick,0.24390243902439024,0.25,-0.0060975609756097615,-0.023443619858491145,0.023443619858491145
atr_5,16.8,14.0,2.8000000000000007,0.022250366303156837,0.022250366303156837
body_L3,0.021505376344086023,0.015873015873015872,0.005632360471070151,0.02205751104800823,0.02205751104800823
WeightForIndex,530209995.0,1042831004.0,-512621009.0,-0.020610118526578937,0.020610118526578937
obv,131976700.0,57844200.0,74132500.0,0.02058204297955979,0.02058204297955979
macd,3.819202512411721,1.5292263090989735,2.2899762033127473,0.018837740611941118,0.018837740611941118
vol_ma10,10299800.0,7691990.0,2607810.0,0.016672756030813553,0.016672756030813553
macd_hist,0.11314811091550259,-0.5261270197861743,0.6392751307016769,0.015857420928126663,0.015857420928126663
vol_ma5,9060500.0,6670100.0,2390400.0,0.012213871271697504,0.012213871271697504
macd_signal,3.509787256281292,2.181434668136023,1.3283525881452691,0.011712914394378495,0.011712914394378495
atr_10,15.0,14.2,0.8000000000000007,0.00693069231591808,0.00693069231591808
vol_accel_5,-0.016683267096752774,-0.022673291143161522,0.005990024046408748,0.005039467428534131,0.005039467428534131
vol_ma20,9611595.0,8860675.0,750920.0,0.005010241863101932,0.005010241863101932
volume,7836500.0,5094400.0,2742100.0,0.004466943001427599,0.004466943001427599
atr_20,13.4,13.8,-0.40000000000000036,-0.004006382764857291,0.004006382764857291
macd_hist_accel,-0.034983992136011555,-0.07343658691619837,0.03845259478018681,0.003661838064795127,0.003661838064795127
value,1702868600.0,1498427500.0,204441100.0,0.0033350882066004693,0.0033350882066004693
vol_ma50,8927874.0,8481402.0,446472.0,0.0031771707594467455,0.0031771707594467455
foreign_net_pct,1.6310221174274522e-06,-6.346322442137405e-07,2.2656543616411926e-06,0.002261635505574072,0.002261635505574072
ad_slope_10,-2795521.4285714254,-3534185.7142857127,738664.2857142873,0.0021836134697302933,0.0021836134697302933
BidVolume,92900.0,76300.0,16600.0,0.0015529007874731287,0.0015529007874731287
ad_line,-62878145.701681726,-56082060.925432906,-6796084.77624882,-0.0015342974842581588,0.0015342974842581588
atr_14,14.142857142857142,14.0,0.14285714285714235,0.0012976624694812455,0.0012976624694812455
foreign_buy,469300.0,383400.0,85900.0,0.0005016474019060846,0.0005016474019060846
foreign_sell,335400.0,474200.0,-138800.0,-0.00036558248551936206,0.00036558248551936206
FirstTrade,196.0,284.0,-88.0,-0.00014609377728652987,0.00014609377728652987
OfferVolume,46300.0,82200.0,-35900.0,-5.137232062741865e-05,5.137232062741865e-05
foreign_net,1300.0,-100.0,1400.0,6.634228692118441e-06,6.634228692118441e-06
lower_high_3,0.0,0.0,0.0,0.0,0.0
higher_low_3,0.0,0.0,0.0,0.0,0.0
ret_1d,0.0,0.0,0.0,0.0,0.0
NonRegularFrequency,0.0,0.0,0.0,0.0,0.0
NonRegularValue,0.0,0.0,0.0,0.0,0.0
gap,0.0,0.0,0.0,0.0,0.0
Change,0.0,0.0,0.0,0.0,0.0
NonRegularVolume,0.0,0.0,0.0,0.0,0.0
consec_red,1.0,1.0,0.0,0.0,0.0
consec_green,0.0,0.0,0.0,0.0,0.0
log_ret,0.0,0.0,0.0,0.0,0.0
vol_high_close_high,0.0,0.0,0.0,0.0,0.0
nr7,0.0,0.0,0.0,0.0,0.0
nr4,0.0,0.0,0.0,0.0,0.0
ma50_gt_ma200,0.0,0.0,0.0,0.0,0.0
ma20_gt_ma50,1.0,1.0,0.0,0.0,0.0
vol_up_price_down,0.0,0.0,0.0,0.0,0.0
vol_high_price_flat,0.0,0.0,0.0,0.0,0.0
is_fwd_up_30pct_20d,0.0,0.0,0.0,0.0,0.0
is_fwd_up_30pct_10d,0.0,0.0,0.0,0.0,0.0
is_fwd_up_10pct_20d,0.0,0.0,0.0,0.0,0.0
is_fwd_up_20pct_10d,0.0,0.0,0.0,0.0,0.0
is_fwd_up_30pct_3d,0.0,0.0,0.0,0.0,0.0
is_fwd_up_10pct_5d,0.0,0.0,0.0,0.0,0.0
cmf_pos_while_flat,0.0,0.0,0.0,0.0,0.0
is_fwd_up_10pct_1d,0.0,0.0,0.0,0.0,0.0
is_fwd_up_20pct_1d,0.0,0.0,0.0,0.0,0.0
is_fwd_up_30pct_1d,0.0,0.0,0.0,0.0,0.0
is_fwd_up_10pct_3d,0.0,0.0,0.0,0.0,0.0
is_fwd_up_20pct_3d,0.0,0.0,0.0,0.0,0.0
foreign_buy_streak_5,2.0,2.0,0.0,0.0,0.0
ret_to_open,0.0,0.0,0.0,0.0,0.0
is_top_3pct,0.0,0.0,0.0,0.0,0.0
is_fwd_up_20pct_20d,0.0,0.0,0.0,0.0,0.0
is_fwd_up_20pct_5d,0.0,0.0,0.0,0.0,0.0
is_fwd_up_30pct_5d,0.0,0.0,0.0,0.0,0.0
is_fwd_up_10pct_10d,0.0,0.0,0.0,0.0,0.0
gap_L1,0.0,0.0,0.0,0.0,0.0
gap_L2,0.0,0.0,0.0,0.0,0.0
ret_1d_L2,0.0,0.0,0.0,0.0,0.0
ret_1d_L1,0.0,0.0,0.0,0.0,0.0
ret_1d_L3,0.0,0.0,0.0,0.0,0.0
gap_L3,0.0,0.0,0.0,0.0,0.0
pat_turun_naik_gap,0.0,0.0,0.0,0.0,0.0
pat_naik2_gap,0.0,0.0,0.0,0.0,0.0
pat_green3,0.0,0.0,0.0,0.0,0.0
