date,kode,close,gap,green_streak,clv,value,event_next,pl,status
2026-01-05,PJHB,386.0,0.16774193548387098,2.0,1.0,64292259600.0,1,0.15801036269430058,trail_T2
2026-01-05,GTSI,400.0,0.2375,2.0,1.0,342301527000.0,1,0.06869999999999998,trail_T2
2026-01-05,TRUE,326.0,0.11450381679389313,2.0,1.0,79682123000.0,1,0.42617177914110416,trail_T3
2026-01-05,VICI,1060.0,0.17647058823529413,2.0,1.0,13973718500.0,1,0.17704716981132052,trail_T2
2026-01-06,INPC,246.0,0.3442622950819672,2.0,1.0,76589361400.0,1,0.1985853658536585,trail_T2
2026-01-06,ECII,256.0,0.10526315789473684,3.0,1.0,13982347000.0,0,-0.00010937500000007122,trail_T2
2026-01-06,TRUE,400.0,0.1165644171779141,3.0,0.9210526315789473,176649996200.0,1,0.16084999999999994,trail_T2
2026-01-07,INPC,306.0,0.21951219512195122,2.0,1.0,66243913600.0,0,3.9215686274525485e-05,trail_T2
2026-01-07,IFSH,1160.0,0.10752688172043011,3.0,1.0,1228457500.0,1,0.2044999999999999,trail_T2
2026-01-07,BSIM,1410.0,0.17699115044247787,3.0,1.0,1646155500.0,1,0.20278014184397164,trail_T2
2026-01-08,RLCO,3210.0,0.17120622568093385,3.0,1.0,177304998000.0,1,0.20374454828660427,trail_T2
2026-01-09,MKAP,590.0,0.13924050632911392,3.0,1.0,6982292500.0,1,0.16750847457627116,trail_T2
2026-01-09,SOHO,1650.0,0.17424242424242425,2.0,1.0,2023083000.0,1,0.9374545454545455,close_T3
2026-01-09,RLCO,4010.0,0.24922118380062305,2.0,1.0,59266998000.0,1,0.20147630922693271,trail_T2
2026-01-09,INDS,286.0,0.2,2.0,1.0,4170665600.0,1,0.9325594405594406,close_T3
2026-01-12,INDS,356.0,0.21678321678321677,3.0,1.0,4576587600.0,1,0.5042191011235955,trail_T3
2026-01-12,SOHO,2060.0,0.24848484848484848,2.0,1.0,2751483500.0,1,0.6327766990291261,close_T3
2026-01-12,RMKE,7875.0,0.10037174721189591,2.0,0.875,603293030000.0,0,-1.008,gap_down_cut
2026-01-13,INDS,444.0,0.24719101123595505,2.0,1.0,13016469800.0,1,0.20450000000000013,trail_T2
2026-01-14,SOHO,3210.0,0.17120622568093385,2.0,1.0,1218989000.0,1,0.20374454828660427,trail_T2
2026-01-14,KOCI,260.0,0.29292929292929293,2.0,0.8571428571428571,76984989400.0,0,-1.008,gap_down_cut
2026-01-15,NATO,535.0,0.16279069767441862,2.0,1.0,3609210800.0,1,0.19770093457943916,trail_T2
2026-01-19,ESTI,256.0,0.11578947368421053,3.0,1.0,21593071800.0,1,0.2044999999999999,trail_T2
2026-01-19,BELL,148.0,0.2545454545454545,3.0,1.0,48849869700.0,1,0.29625675675675667,trail_T2
2026-01-20,ELIT,366.0,0.1292517006802721,3.0,1.0,34087583800.0,1,0.1687213114754098,trail_T2
2026-01-20,RLCO,8700.0,0.1793103448275862,3.0,1.0,90491710000.0,0,-1.008,gap_down_cut
2026-01-21,NATO,950.0,0.17419354838709677,3.0,0.9411764705882353,21299363500.0,1,0.11515789473684213,trail_T2
2026-01-21,AIMS,655.0,0.2,2.0,1.0,5505400000.0,1,-0.11487022900763355,gap_down_cut
2026-01-21,RMKO,1110.0,0.24157303370786518,3.0,1.0,76069936000.0,1,0.20231531531531544,trail_T2
2026-01-22,PUDP,685.0,0.10909090909090909,3.0,1.0,10895350000.0,0,-0.06639416058394165,gap_down_cut
2026-01-22,UANG,7500.0,0.132,3.0,1.0,87351185000.0,0,-0.1213333333333333,gap_down_cut
2026-01-22,VISI,575.0,0.1038961038961039,3.0,1.0,3835892300.0,0,-1.008,gap_down_cut
2026-01-23,RMKO,1730.0,0.19133574007220217,2.0,1.0,572872660000.0,1,0.19188439306358362,trail_T2
2026-01-27,ALKA,785.0,0.10317460317460317,2.0,1.0,3700197000.0,0,-0.014369426751592355,gap_down_cut
2026-01-28,WAPO,252.0,0.20212765957446807,3.0,1.0,32517503800.0,1,0.17755555555555547,trail_T2
2026-02-03,SOHO,2800.0,0.16071428571428573,2.0,1.0,2465394000.0,1,0.2044999999999999,trail_T2
2026-02-05,KOCI,206.0,0.13636363636363635,3.0,1.0,26513091700.0,0,-0.008,trail_T2
2026-02-05,BUKK,1650.0,0.25,2.0,1.0,1548723500.0,1,0.20303030303030312,trail_T2
2026-02-05,NZIA,184.0,0.25547445255474455,2.0,1.0,18162385400.0,1,0.6262391304347825,trail_T3
2026-02-05,FITT,665.0,0.24299065420560748,2.0,1.0,13015191000.0,1,0.19538345864661655,trail_T2
2026-02-06,NZIA,248.0,0.13043478260869565,3.0,1.0,48768095000.0,1,0.2044999999999999,trail_T2
2026-02-06,LION,605.0,0.1111111111111111,2.0,1.0,6729025500.0,1,0.17844628099173554,trail_T2
2026-02-10,IFSH,1580.0,0.2490118577075099,2.0,1.0,1157774000.0,1,0.2044999999999999,trail_T2
2026-02-10,NZIA,310.0,0.1532258064516129,3.0,1.0,42658021600.0,0,-1.008,gap_down_cut
2026-02-11,IFSH,1975.0,0.17721518987341772,2.0,1.0,778772000.0,1,0.20020253164556956,trail_T2
2026-02-12,ROCK,2420.0,0.24742268041237114,2.0,1.0,1572527000.0,1,0.5031157024793389,trail_T3
2026-02-13,BAIK,515.0,0.18357487922705315,3.0,1.0,16505111700.0,1,0.19743689320388347,trail_T2
2026-02-18,INDS,2760.0,0.22171945701357465,3.0,1.0,249521645500.0,1,0.1904420289855071,trail_T2
2026-02-19,RMKO,1010.0,0.2345679012345679,3.0,1.0,26130362500.0,1,0.12526732673267316,trail_T2
2026-02-23,DIVA,194.0,0.3263888888888889,2.0,1.0,18841530600.0,1,0.262,trail_T2
2026-02-23,SKBM,1065.0,0.24561403508771928,2.0,1.0,4383864500.0,1,0.2033615023474178,trail_T2
2026-02-26,JAYA,218.0,0.13580246913580246,2.0,1.0,110891111000.0,1,0.14888073394495405,trail_T2
2026-03-02,RUIS,310.0,0.10483870967741936,2.0,1.0,17882097400.0,0,-0.008,trail_T2
2026-03-03,RMKO,725.0,0.13793103448275862,2.0,1.0,44264145000.0,1,0.1493103448275861,trail_T2
2026-03-06,ALKA,660.0,0.16981132075471697,2.0,1.0,3099647500.0,0,-0.14436363636363636,gap_down_cut
2026-03-12,KUAS,113.0,0.10344827586206896,2.0,1.0,72154924200.0,1,0.16801769911504416,trail_T2
2026-03-16,PSDN,187.0,0.1366906474820144,3.0,1.0,52552070000.0,1,-0.15773262032085567,gap_down_cut
2026-03-16,ROCK,2820.0,0.1504424778761062,2.0,1.0,1648085000.0,1,0.20278014184397164,trail_T2
2026-03-17,ROCK,3520.0,0.11702127659574468,3.0,1.0,4845474000.0,1,0.17694318181818192,trail_T2
2026-03-26,TALF,750.0,0.19166666666666668,3.0,1.0,1747888000.0,1,-0.10133333333333339,gap_down_cut
2026-03-26,SOTS,1090.0,0.15428571428571428,3.0,1.0,9584725000.0,1,0.19337614678899073,trail_T2
2026-03-30,NZIA,260.0,0.1134020618556701,3.0,1.0,50252672500.0,1,0.17092307692307696,trail_T2
2026-03-30,RGAS,110.0,0.11764705882352941,3.0,0.9130434782608695,30170356700.0,0,-0.008,trail_T2
2026-04-01,YPAS,1155.0,0.2,3.0,1.0,192003500.0,1,0.2013506493506494,trail_T2
2026-04-02,ALKA,905.0,0.18620689655172415,2.0,1.0,6019270500.0,0,-0.008,trail_T2
2026-04-07,IFSH,2800.0,0.15178571428571427,3.0,1.0,971086000.0,1,0.2044999999999999,trail_T2
2026-04-07,PMJS,151.0,0.25,2.0,1.0,9070292300.0,1,0.23822516556291395,trail_T2
2026-04-08,KUAS,147.0,0.10909090909090909,3.0,1.0,93052652800.0,1,0.21934693877551004,trail_T2
2026-04-10,ASPI,474.0,0.18421052631578946,3.0,1.0,1927757800.0,1,0.19938396624472565,trail_T2
2026-04-13,CITY,260.0,0.1134020618556701,2.0,1.0,7754419800.0,1,0.17838461538461536,trail_T2
2026-04-13,BAPA,114.0,0.21176470588235294,2.0,1.0,36833393000.0,1,0.2853333333333332,trail_T2
2026-04-14,RICY,116.0,0.23255813953488372,3.0,1.0,2059723300.0,1,0.10415517241379302,trail_T2
2026-04-14,BAPA,152.0,0.10526315789473684,3.0,1.0,101952794000.0,1,0.2683157894736843,trail_T2
2026-04-15,DEFI,90.0,0.1044776119402985,2.0,1.0,15267476300.0,1,1.4364444444444446,close_T3
2026-04-16,DEFI,121.0,0.17777777777777778,3.0,1.0,9352884100.0,1,0.7556363636363637,trail_T3
2026-04-16,MLPT,29150.0,0.1111111111111111,3.0,1.0,2603752500.0,1,0.15583361921097771,trail_T2
2026-04-17,DEFI,163.0,0.19834710743801653,3.0,1.0,68884479400.0,1,0.30120245398773005,trail_T2
2026-04-20,DEFI,220.0,0.17177914110429449,3.0,1.0,36439059400.0,1,0.20009090909090888,trail_T2
2026-04-21,LCKM,156.0,0.19827586206896552,2.0,1.0,18696644500.0,1,0.2977692307692308,trail_T2
2026-04-21,BABY,326.0,0.24427480916030533,2.0,1.0,11920235600.0,1,0.20003680981595084,trail_T2
2026-04-21,DEFI,274.0,0.20909090909090908,3.0,1.0,57934841200.0,0,-0.06639416058394165,gap_down_cut
2026-04-22,BOBA,284.0,0.16666666666666666,3.0,1.0,5164310200.0,0,-0.008,trail_T2
2026-04-23,KOBX,246.0,0.16939890710382513,3.0,1.0,47818176600.0,1,-0.12182113821138207,gap_down_cut
2026-04-24,BRNA,790.0,0.18110236220472442,2.0,1.0,1161889500.0,1,0.15845569620253164,trail_T2
2026-04-28,ESIP,159.0,0.1016949152542373,2.0,1.0,252179864500.0,1,0.27313207547169793,trail_T2
2026-04-28,LUCK,141.0,0.19047619047619047,2.0,1.0,18679874300.0,0,-0.10019858156028372,gap_down_cut
2026-05-04,HERO,590.0,0.13924050632911392,3.0,1.0,2943571500.0,1,0.19216949152542373,trail_T2
2026-05-13,KOPI,284.0,0.24561403508771928,2.0,1.0,549967800.0,1,0.12594366197183082,trail_T2
2026-05-19,LCKM,150.0,0.13392857142857142,2.0,1.0,58540491800.0,1,0.2788666666666666,trail_T2
2026-05-21,SOTS,875.0,0.2357142857142857,2.0,1.0,994078000.0,1,0.0839428571428571,trail_T2
2026-05-25,TALF,975.0,0.10256410256410256,2.0,1.0,1051438500.0,0,-0.008,trail_T2
2026-06-02,CUAN,785.0,0.19047619047619047,2.0,1.0,398429114500.0,0,0.04849681528662431,trail_T2
2026-06-02,DSSA,615.0,0.1483739837398374,2.0,1.0,264134992000.0,1,0.1985853658536585,trail_T2
2026-06-09,FORU,2460.0,0.23267326732673269,2.0,0.875,6801389000.0,1,0.5022032520325204,trail_T3
2026-06-09,STAR,364.0,0.22602739726027396,2.0,1.0,935913200.0,0,0.03661538461538472,trail_T2
2026-06-09,BABY,140.0,0.34615384615384615,2.0,1.0,63664000.0,1,0.7518571428571428,trail_T3
2026-06-10,BABY,189.0,0.22142857142857142,2.0,1.0,1008285500.0,1,0.29559788359788364,trail_T2
2026-06-10,ATAP,342.0,0.10948905109489052,2.0,1.0,407516800.0,1,0.17755555555555547,trail_T2
2026-06-11,RISE,1300.0,0.25,2.0,1.0,1576406000.0,1,0.2007692307692306,trail_T2
2026-06-11,KOPI,202.0,0.11333333333333333,2.0,1.0,1570737400.0,1,0.14447524752475238,trail_T2
2026-06-15,BUKK,1255.0,0.16417910447761194,2.0,1.0,500831000.0,1,0.201601593625498,trail_T2
2026-06-15,DATA,1810.0,0.15172413793103448,2.0,1.0,4396751000.0,1,0.20316022099447495,trail_T2
2026-06-19,SDMU,94.0,0.21428571428571427,2.0,1.0,21421739800.0,1,0.14774468085106385,trail_T2
2026-06-22,ZONE,680.0,0.11009174311926606,3.0,1.0,2880838100.0,1,0.2044999999999999,trail_T2
2026-07-03,COCO,290.0,0.15517241379310345,2.0,1.0,103884713800.0,1,0.13593103448275867,trail_T2
2026-07-13,BKDP,135.0,0.2621359223300971,2.0,0.8823529411764706,15334545700.0,1,0.22785185185185197,trail_T2
2026-07-27,MCAS,266.0,0.22429906542056074,3.0,1.0,5287248400.0,1,0.20267669172932323,trail_T2
2026-08-06,PDES,474.0,0.18947368421052632,3.0,1.0,482942600.0,1,0.19938396624472565,trail_T2
2026-08-10,SULI,115.0,0.18888888888888888,2.0,0.8888888888888888,24219070000.0,1,0.1644347826086956,trail_T2
2026-08-11,STAR,414.0,0.24096385542168675,3.0,1.0,1319703200.0,1,0.19864251207729477,trail_T2
2026-08-13,EKAD,300.0,0.25,2.0,1.0,12970104200.0,1,0.18186666666666662,trail_T2
2026-08-14,AGAR,1605.0,0.1245136186770428,2.0,1.0,4446203500.0,1,0.2007227414330217,trail_T2
2026-08-14,YPAS,1200.0,0.23958333333333334,2.0,1.0,1871581000.0,1,-0.15800000000000003,gap_down_cut
2026-08-19,WEGE,68.0,0.12727272727272726,3.0,1.0,35751789100.0,1,0.0761176470588234,trail_T2
2026-08-24,PICO,184.0,0.25547445255474455,2.0,1.0,6319520300.0,1,0.299391304347826,trail_T2
2026-08-26,SAFE,615.0,0.11788617886178862,3.0,1.0,2087337500.0,1,0.17492682926829262,trail_T2
2026-08-27,BIKE,775.0,0.21774193548387097,2.0,1.0,2954810000.0,1,0.19980645161290322,trail_T2
2026-09-01,GTRA,274.0,0.15454545454545454,2.0,1.0,2351595800.0,1,0.1744087591240877,trail_T2
2026-09-11,PTSN,372.0,0.24161073825503357,2.0,1.0,9979505600.0,1,0.295763440860215,trail_T3
2026-09-11,SAPX,505.0,0.20689655172413793,3.0,1.0,4432823200.0,1,0.20209900990099006,trail_T2
2026-09-14,FORU,4650.0,0.25,2.0,1.0,20039944000.0,1,0.13931182795698915,trail_T2
2026-09-15,ALKA,7400.0,0.15261044176706828,3.0,0.9487179487179487,6595170000.0,0,-0.1566486486486487,gap_down_cut
2026-09-18,BYAN,13825.0,0.19956616052060738,2.0,1.0,158206840000.0,0,-0.013424954792043413,gap_down_cut
2026-09-21,NASI,292.0,0.11965811965811966,3.0,1.0,6747315600.0,1,0.2011780821917808,trail_T2
2026-09-21,TRUE,90.0,0.11940298507462686,2.0,1.0,115541021700.0,1,0.14522222222222214,trail_T2
2026-09-23,UNSP,256.0,0.24271844660194175,2.0,1.0,3635644000.0,1,0.2044999999999999,trail_T2
2026-09-24,UNSP,320.0,0.2421875,2.0,1.0,24523801400.0,1,-0.03300000000000002,gap_down_cut
2026-09-24,BIPP,87.0,0.13846153846153847,2.0,1.0,33464142300.0,1,0.18498850574712633,trail_T2
2026-09-28,SEMA,330.0,0.25,2.0,1.0,15284178800.0,1,0.5057878787878789,trail_T3
2026-09-29,IFSH,1560.0,0.244,3.0,1.0,379363000.0,1,0.20139102564102562,trail_T2
2026-09-29,SEMA,412.0,0.12727272727272726,2.0,1.0,32145433800.0,1,0.20450000000000013,trail_T2
2026-10-01,SAFE,710.0,0.22807017543859648,2.0,1.0,1199728500.0,1,-0.06433802816901413,close_T1
