rule,n_cond,n_disc,prec_disc,lift_disc,n_test,prec_test,lift_test,selisih
ret_1d>5% AND vol_ratio_5>3.0,2,215,0.9023255813953488,15.287028869286287,238,0.907563025210084,17.013364242248624,0.005237443814735232
vol_ratio_5>3.0 AND ret_5d>5%,2,222,0.8603603603603603,14.576062053432743,252,0.8809523809523809,16.514515599343184,0.020592020592020588
vol_ratio_5>3.0 AND ret_1d>2%,2,296,0.831081081081081,14.080018056849953,319,0.8213166144200627,15.396571181493892,-0.009764466661018378
ret_1d>5% AND vol_ratio_20>3.0,2,385,0.8285714285714286,14.037500000000001,376,0.848404255319149,15.90436170212766,0.019832826747720356
vol_ratio_5>3.0 AND ret_1d>1%,2,333,0.7867867867867868,13.329592523558041,351,0.7749287749287749,14.526975144906178,-0.011858011858011941
ret_1d>5% AND vol_ratio_5>2.0,2,424,0.7830188679245284,13.26575715679896,438,0.7602739726027398,14.252253188474256,-0.022744895321788583
ret_1d>5% AND vol_ratio_20>2.0,2,528,0.7708333333333334,13.059312140804598,527,0.7362428842504743,13.801761434273375,-0.03459044908285902
vol_ratio_20>3.0 AND ret_1d>2%,2,523,0.745697896749522,12.633472341267225,530,0.7245283018867924,13.582157449577098,-0.021169594862729624
ret_1d>5% AND vol_ratio_5>1.5,2,563,0.7371225577264654,12.488190573896002,572,0.6853146853146853,12.847050880154328,-0.05180787241178009
ret_1d>5% AND vol_ratio_20>1.5,2,621,0.7310789049919485,12.385800155477817,634,0.6735015772870663,12.625599912977266,-0.05757732770488222
vol_ratio_20>3.0 AND ret_1d>1%,2,585,0.705982905982906,11.960628499852639,574,0.6881533101045296,12.90026432776643,-0.017829595878376403
vol_ratio_5>2.0 AND ret_5d>5%,2,467,0.6980728051391863,11.82661707154988,529,0.6748582230623819,12.651031875366664,-0.02321458207680449
vol_ratio_20>3.0 AND ret_5d>5%,2,513,0.6920077972709552,11.72386485850642,513,0.7076023391812866,13.264859850776366,0.015594541910331383
vol_ratio_5>2.0 AND ret_1d>2%,2,647,0.6537867078825348,11.0763304109151,702,0.5811965811965812,10.895231358679634,-0.07259012668595355
vol_ratio_5>3.0 AND vol_ratio_20>3.0,2,430,0.6534883720930232,11.07127606255012,390,0.7025641025641025,13.170412024756851,0.04907573047107927
vol_ratio_20>2.0 AND ret_1d>2%,2,805,0.6409937888198758,10.8595952023988,829,0.5765983112183354,10.809031238301236,-0.06439547760154041
ret_1d>5% AND ret_5d>5%,2,656,0.6402439024390244,10.846890769554248,697,0.6068866571018652,11.376822836788206,-0.033357245337159225
vol_ratio_5>3.0 AND vol_ratio_20>2.0,2,487,0.6180698151950719,10.471221588897544,444,0.6644144144144144,12.45525007766387,0.04634459921934253
vol_ratio_5>3.0 AND vol_ratio_20>1.5,2,510,0.6078431372549019,10.297963150777552,465,0.6537634408602151,12.25558472376715,0.045920303605313184
vol_ratio_5>2.0 AND ret_1d>1%,2,745,0.6026845637583893,10.210567576949781,822,0.5158150851581509,9.669576306737143,-0.08686947860023841
ret_1d>5% AND ret_1d>2%,2,932,0.601931330472103,10.197806441468108,870,0.5563218390804597,10.428924296472452,-0.045609491391643275
ret_1d>5%,1,932,0.601931330472103,10.197806441468108,870,0.5563218390804597,10.428924296472452,-0.045609491391643275
ret_1d>5% AND ret_1d>1%,2,932,0.601931330472103,10.197806441468108,870,0.5563218390804597,10.428924296472452,-0.045609491391643275
vol_ratio_5>1.5 AND ret_5d>5%,2,670,0.6,10.165086206896552,820,0.5146341463414634,9.64743818334735,-0.08536585365853655
vol_ratio_5>3.0 AND vol_ratio_5>2.0,2,544,0.5808823529411765,9.841198656186613,486,0.6296296296296297,11.80316730523627,0.048747276688453134
vol_ratio_5>3.0,1,544,0.5808823529411765,9.841198656186613,486,0.6296296296296297,11.80316730523627,0.048747276688453134
vol_ratio_5>3.0 AND vol_ratio_5>1.5,2,544,0.5808823529411765,9.841198656186613,486,0.6296296296296297,11.80316730523627,0.048747276688453134
vol_ratio_20>2.0 AND ret_1d>1%,2,943,0.574761399787911,9.737498628734414,964,0.5155601659751037,9.66479753898984,-0.059201233812807286
vol_ratio_20>3.0 AND vol_ratio_5>2.0,2,723,0.573997233748271,9.724552272618878,663,0.5686274509803921,10.659607843137254,-0.005369782767878917
ret_1d>2% AND vol_ratio_5>1.5,2,923,0.5698808234019501,9.654812829230021,1040,0.4596153846153846,8.616045092838196,-0.11026543878656553
ret_1d>2% AND vol_ratio_20>1.5,2,1018,0.5697445972495089,9.652504911591357,1120,0.475,8.904448275862068,-0.0947445972495089
vol_ratio_20>2.0 AND ret_5d>5%,2,799,0.55819774718398,9.456880367701006,844,0.5390995260663507,10.10607125347279,-0.019098221117629266
vol_ratio_20>3.0 AND vol_ratio_5>1.5,2,857,0.5402567094515752,9.15292670904921,775,0.535483870967742,10.038291434927698,-0.004772838483833253
vol_ratio_20>3.0 AND vol_ratio_20>2.0,2,955,0.5246073298429319,8.887797887705362,860,0.5209302325581395,9.765465918203688,-0.0036770972847923744
vol_ratio_20>3.0 AND vol_ratio_20>1.5,2,955,0.5246073298429319,8.887797887705362,860,0.5209302325581395,9.765465918203688,-0.0036770972847923744
vol_ratio_20>3.0,1,955,0.5246073298429319,8.887797887705362,860,0.5209302325581395,9.765465918203688,-0.0036770972847923744
vol_ratio_20>1.5 AND ret_1d>1%,2,1243,0.4915526950925181,8.327792534746303,1382,0.4015918958031838,7.528324766704925,-0.08996079928933431
vol_ratio_5>1.5 AND ret_1d>1%,2,1133,0.48984995586937335,8.298945049761086,1298,0.38212634822804314,7.163419584506668,-0.10772360764133021
vol_ratio_5>2.0 AND vol_ratio_20>2.0,2,986,0.48884381338742394,8.281899174652025,958,0.4582463465553236,8.590380822115039,-0.03059746683210035
ret_1d>2% AND ret_5d>5%,2,1034,0.46518375241779497,7.8810549089575135,1252,0.39057507987220447,7.32180125592156,-0.0746086725455905
vol_ratio_20>1.5 AND ret_5d>5%,2,1044,0.46455938697318006,7.870477028008984,1170,0.4247863247863248,7.963132331270262,-0.03977306218685528
vol_ratio_5>2.0 AND vol_ratio_20>1.5,2,1120,0.44910714285714287,7.608688038793104,1107,0.4173441734417344,7.8236202224091205,-0.03176296941540846
vol_ratio_20>2.0 AND vol_ratio_5>1.5,2,1323,0.42101284958427815,7.132719850392264,1286,0.3849144634525661,7.215686169357001,-0.03609838613171207
ret_5d>5% AND ret_1d>1%,2,1250,0.3968,6.722510344827587,1539,0.3268356075373619,6.126927920055566,-0.06996439246263808
vol_ratio_5>2.0 AND vol_ratio_5>1.5,2,1383,0.3897324656543745,6.602773518338444,1333,0.3600900225056264,6.750322063274439,-0.029642443148748143
vol_ratio_5>2.0,1,1383,0.3897324656543745,6.602773518338444,1333,0.3600900225056264,6.750322063274439,-0.029642443148748143
vol_ratio_20>2.0,1,1719,0.3775450843513671,6.396297215702795,1625,0.35015384615384615,6.564056445623342,-0.02739123819752093
vol_ratio_20>2.0 AND vol_ratio_20>1.5,2,1719,0.3775450843513671,6.396297215702795,1625,0.35015384615384615,6.564056445623342,-0.02739123819752093
vol_ratio_20>1.5 AND vol_ratio_5>1.5,2,1674,0.35842293906810035,6.07233345692745,1687,0.31713100177830467,5.945003372646812,-0.04129193728979569
ret_1d>2%,1,2300,0.3182608695652174,5.391915292353823,2393,0.2532386126201421,4.747263426372898,-0.0650222569450753
ret_1d>2% AND ret_1d>1%,2,2300,0.3182608695652174,5.391915292353823,2393,0.2532386126201421,4.747263426372898,-0.0650222569450753
vol_ratio_20>1.5,1,2603,0.28044563964656166,4.751256838925908,2572,0.2468895800933126,4.6282431490320155,-0.03355605955324906
vol_ratio_5>1.5,1,2547,0.2591283863368669,4.390103976280411,2459,0.2285481903212688,4.284411661594985,-0.03058019601559811
ret_5d>5%,1,2401,0.2299042065805914,3.894993465366442,2738,0.1983199415631848,3.71774665625551,-0.031584265017406604
ret_1d>1%,1,3662,0.21190606226105954,3.590072317746097,3968,0.16028225806451613,3.0046843715239153,-0.051623804196543416
