n_exec,per_day,avg_ret,win,best,worst,rule,n_cond
76,3.1666666666666665,0.08605627966779504,0.8947368421052632,0.2586666666666666,-0.008,ret_1d>15 AND ret_5d>15 AND px>20pct_sma20,3
82,3.4166666666666665,0.08342906649825728,0.8658536585365854,0.2586666666666666,-0.008,ret_1d>15 AND ret_5d>15 AND fib_pos>0.8,3
79,3.2916666666666665,0.08290552905483,0.8860759493670886,0.2586666666666666,-0.008,ret_1d>15 AND px>20pct_sma20 AND fib_pos>0.8,3
88,3.6666666666666665,0.08207733112996057,0.8863636363636364,0.2586666666666666,-0.008,ret_1d>15 AND px>20pct_sma20 AND bull_power>0.05,3
88,3.6666666666666665,0.08207733112996057,0.8863636363636364,0.2586666666666666,-0.008,ret_1d>15 AND px>20pct_sma20,2
68,2.8333333333333335,0.08132855998569526,0.8676470588235294,0.30533333333333323,-0.008,ret_5d>15 AND rk_turnover>0.90 AND vol_regime_high,3
59,2.4583333333333335,0.08013578990486186,0.9152542372881356,0.2586666666666666,-0.008,ret_1d>15 AND px>20pct_sma20 AND rk_turnover>0.90,3
91,3.7916666666666665,0.07973033681249499,0.8461538461538461,0.2586666666666666,-0.008,ret_1d>15 AND bull_power>0.05 AND fib_pos>0.8,3
91,3.7916666666666665,0.07973033681249499,0.8461538461538461,0.2586666666666666,-0.008,ret_1d>15 AND fib_pos>0.8,2
89,3.7083333333333335,0.07954575946063715,0.8314606741573034,0.2586666666666666,-0.008,ret_1d>15 AND ret_5d>15,2
89,3.7083333333333335,0.07954575946063715,0.8314606741573034,0.2586666666666666,-0.008,ret_1d>15 AND ret_5d>15 AND bull_power>0.05,3
72,3.0,0.07859573660117283,0.8333333333333334,0.3365945945945945,-0.008,ret_5d>15 AND px>20pct_sma20 AND gap>3,3
49,2.0416666666666665,0.07857025180391175,0.8367346938775511,0.2586666666666666,-0.008,ret_5d>15 AND gap>3 AND fib_pos>0.8,3
59,2.4583333333333335,0.0779640398633625,0.8305084745762712,0.33591534391534394,-0.008,px>20pct_sma20 AND gap>3 AND keltner_pos>1,3
58,2.4166666666666665,0.0775975952095009,0.8793103448275862,0.2586666666666666,-0.008,ret_1d>15 AND ret_5d>15 AND rk_turnover>0.90,3
75,3.125,0.0772021755683888,0.8666666666666667,0.2586666666666666,-0.008,ret_1d>15 AND px>20pct_sma20 AND keltner_pos>1,3
56,2.3333333333333335,0.07606116651496982,0.8928571428571429,0.30207751937984506,-0.008,rk_turnover>0.90 AND fib_pos>0.8 AND vol_regime_high,3
79,3.2916666666666665,0.075872867472295,0.8227848101265823,0.2586666666666666,-0.008,ret_1d>15 AND ret_5d>15 AND keltner_pos>1,3
60,2.5,0.07566986010096363,0.8333333333333334,0.23936842105263167,-0.008,ret_5d>15 AND fib_pos>0.8 AND vol_regime_high,3
80,3.3333333333333335,0.07515970939523106,0.8375,0.2586666666666666,-0.008,ret_1d>15 AND keltner_pos>1 AND fib_pos>0.8,3
58,2.4166666666666665,0.07498988367362738,0.896551724137931,0.2586666666666666,-0.008,ret_1d>15 AND rk_turnover>0.90 AND fib_pos>0.8,3
51,2.125,0.07455412510560122,0.8823529411764706,0.33591534391534394,-0.008,px>20pct_sma20 AND gap>3 AND rk_turnover>0.90,3
81,3.375,0.07334592682339561,0.8271604938271605,0.3365945945945945,-0.008,px>20pct_sma20 AND gap>3,2
81,3.375,0.07334592682339561,0.8271604938271605,0.3365945945945945,-0.008,px>20pct_sma20 AND gap>3 AND bull_power>0.05,3
116,4.833333333333333,0.07244802261356727,0.8189655172413793,0.2586666666666666,-0.008,ret_1d>15 AND bull_power>0.05,2
48,2.0,0.07144067883753817,0.8125,0.2586666666666666,-0.008,px>20pct_sma20 AND gap>3 AND fib_pos>0.8,3
63,2.625,0.07118314994103518,0.7936507936507936,0.2586666666666666,-0.008,gap>3 AND fib_pos>0.8,2
68,2.8333333333333335,0.07091063433520178,0.7794117647058824,0.33591534391534394,-0.008,ret_5d>15 AND gap>3 AND keltner_pos>1,3
95,3.9583333333333335,0.07011428960189964,0.7894736842105263,0.3365945945945945,-0.008,ret_5d>15 AND gap>3 AND bull_power>0.05,3
95,3.9583333333333335,0.07011428960189964,0.7894736842105263,0.3365945945945945,-0.008,ret_5d>15 AND gap>3,2
76,3.1666666666666665,0.06997224332472854,0.8552631578947368,0.2586666666666666,-0.008,ret_1d>15 AND rk_turnover>0.90,2
87,3.625,0.06940599665598685,0.7931034482758621,0.2586666666666666,-0.008,ret_1d>15 AND bull_power>0.05 AND keltner_pos>1,3
87,3.625,0.06940599665598685,0.7931034482758621,0.2586666666666666,-0.008,ret_1d>15 AND keltner_pos>1,2
62,2.5833333333333335,0.06930461729632537,0.7903225806451613,0.2586666666666666,-0.008,gap>3 AND bull_power>0.05 AND fib_pos>0.8,3
163,6.791666666666667,0.06912961095993388,0.852760736196319,0.33591534391534394,-0.008,ret_5d>15 AND px>20pct_sma20 AND rk_turnover>0.90,3
75,3.125,0.06898572944487523,0.8533333333333334,0.2586666666666666,-0.008,ret_1d>15 AND bull_power>0.05 AND rk_turnover>0.90,3
58,2.4166666666666665,0.06819228017948367,0.8448275862068966,0.33591534391534394,-0.008,ret_5d>15 AND gap>3 AND rk_turnover>0.90,3
132,5.5,0.06650355393956622,0.8333333333333334,0.33591534391534394,-0.008,px>20pct_sma20 AND keltner_pos>1 AND rk_turnover>0.90,3
56,2.3333333333333335,0.0660380671392236,0.8214285714285714,0.2586666666666666,-0.008,ret_1d>15 AND keltner_pos>1 AND rk_turnover>0.90,3
122,5.083333333333333,0.0659497246145778,0.8442622950819673,0.2586666666666666,-0.008,ret_5d>15 AND rk_turnover>0.90 AND fib_pos>0.8,3
75,3.125,0.06566468072994158,0.76,0.33591534391534394,-0.008,gap>3 AND bull_power>0.05 AND keltner_pos>1,3
75,3.125,0.06566468072994158,0.76,0.33591534391534394,-0.008,gap>3 AND keltner_pos>1,2
128,5.333333333333333,0.06559999884712645,0.828125,0.2586666666666666,-0.008,px>20pct_sma20 AND rk_turnover>0.90 AND fib_pos>0.8,3
117,4.875,0.06456532184090431,0.7692307692307693,0.30533333333333323,-0.008,ret_5d>15 AND px>20pct_sma20 AND vol_regime_high,3
101,4.208333333333333,0.06449930981612577,0.8613861386138614,0.30533333333333323,-0.008,px>20pct_sma20 AND rk_turnover>0.90 AND vol_regime_high,3
185,7.708333333333333,0.06297457491505079,0.8054054054054054,0.2586666666666666,-0.008,ret_5d>15 AND px>20pct_sma20 AND fib_pos>0.8,3
140,5.833333333333333,0.06277546959871105,0.8428571428571429,0.33591534391534394,-0.008,ret_5d>15 AND keltner_pos>1 AND rk_turnover>0.90,3
300,12.5,0.0616624651319561,0.8,0.3365945945945945,-0.008,ret_5d>15 AND px>20pct_sma20,2
300,12.5,0.0616624651319561,0.8,0.3365945945945945,-0.008,ret_5d>15 AND px>20pct_sma20 AND bull_power>0.05,3
219,9.125,0.06163596005233281,0.7990867579908676,0.33591534391534394,-0.008,ret_5d>15 AND px>20pct_sma20 AND keltner_pos>1,3
79,3.2916666666666665,0.060648319382239885,0.7848101265822784,0.30533333333333323,-0.008,ret_5d>15 AND keltner_pos>1 AND vol_regime_high,3
144,6.0,0.06052489657566608,0.7638888888888888,0.30533333333333323,-0.008,ret_5d>15 AND vol_regime_high,2
144,6.0,0.06052489657566608,0.7638888888888888,0.30533333333333323,-0.008,ret_5d>15 AND bull_power>0.05 AND vol_regime_high,3
216,9.0,0.0604512444541337,0.8240740740740741,0.33591534391534394,-0.008,ret_5d>15 AND bull_power>0.05 AND rk_turnover>0.90,3
216,9.0,0.0604512444541337,0.8240740740740741,0.33591534391534394,-0.008,ret_5d>15 AND rk_turnover>0.90,2
58,2.4166666666666665,0.05891469746912331,0.7068965517241379,0.24122118380062307,-0.008,cand_marubozu AND bull_power>0.05 AND fib_pos>0.8,3
228,9.5,0.05849428156763535,0.8289473684210527,0.33591534391534394,-0.008,px>20pct_sma20 AND bull_power>0.05 AND rk_turnover>0.90,3
228,9.5,0.05849428156763535,0.8289473684210527,0.33591534391534394,-0.008,px>20pct_sma20 AND rk_turnover>0.90,2
83,3.4583333333333335,0.05734926102203133,0.7469879518072289,0.30533333333333323,-0.008,px>20pct_sma20 AND keltner_pos>1 AND vol_regime_high,3
56,2.3333333333333335,0.05677314748476893,0.7321428571428571,0.24122118380062307,-0.008,cand_marubozu AND bull_power>0.05 AND keltner_pos>1,3
250,10.416666666666666,0.055762743050907136,0.764,0.33591534391534394,-0.008,px>20pct_sma20 AND keltner_pos>1,2
250,10.416666666666666,0.055762743050907136,0.764,0.33591534391534394,-0.008,px>20pct_sma20 AND bull_power>0.05 AND keltner_pos>1,3
175,7.291666666666667,0.055670035757132884,0.7942857142857143,0.33591534391534394,-0.008,bull_power>0.05 AND keltner_pos>1 AND rk_turnover>0.90,3
92,3.8333333333333335,0.05566206971743526,0.75,0.23936842105263167,-0.008,px>20pct_sma20 AND fib_pos>0.8 AND vol_regime_high,3
126,5.25,0.055443353097789506,0.7936507936507936,0.2586666666666666,-0.008,keltner_pos>1 AND rk_turnover>0.90 AND fib_pos>0.8,3
177,7.375,0.055305928470391306,0.7909604519774012,0.33591534391534394,-0.008,keltner_pos>1 AND rk_turnover>0.90,2
254,10.583333333333334,0.05484089464231685,0.84251968503937,0.3391502590673574,-0.008,bull_power>0.05 AND rk_turnover>0.90 AND vol_regime_high,3
238,9.916666666666666,0.054462794791710144,0.7647058823529411,0.2586666666666666,-0.008,ret_5d>15 AND fib_pos>0.8,2
238,9.916666666666666,0.054462794791710144,0.7647058823529411,0.2586666666666666,-0.008,ret_5d>15 AND bull_power>0.05 AND fib_pos>0.8,3
101,4.208333333333333,0.05310974786321853,0.8217821782178217,0.33591534391534394,-0.008,gap>3 AND bull_power>0.05 AND rk_turnover>0.90,3
255,10.625,0.05309812135087116,0.7607843137254902,0.2586666666666666,-0.008,px>20pct_sma20 AND fib_pos>0.8,2
255,10.625,0.05309812135087116,0.7607843137254902,0.2586666666666666,-0.008,px>20pct_sma20 AND bull_power>0.05 AND fib_pos>0.8,3
447,18.625,0.05289444043097597,0.7874720357941835,0.3365945945945945,-0.008,px>20pct_sma20 AND bull_power>0.05,2
191,7.958333333333333,0.05281679039828762,0.7539267015706806,0.2586666666666666,-0.008,px>20pct_sma20 AND keltner_pos>1 AND fib_pos>0.8,3
196,8.166666666666666,0.05238485831662431,0.7653061224489796,0.2586666666666666,-0.008,ret_5d>15 AND keltner_pos>1 AND fib_pos>0.8,3
205,8.541666666666666,0.05225450592787949,0.7853658536585366,0.30533333333333323,-0.008,px>20pct_sma20 AND bull_power>0.05 AND vol_regime_high,3
205,8.541666666666666,0.05225450592787949,0.7853658536585366,0.30533333333333323,-0.008,px>20pct_sma20 AND vol_regime_high,2
75,3.125,0.05205642072548724,0.8,0.23113043478260864,-0.008,px>20pct_sma20 AND fib_pos>0.8 AND green_count_10d>=7,3
87,3.625,0.052028414635972096,0.7586206896551724,0.23219607843137258,-0.008,px>20pct_sma20 AND keltner_pos>1 AND green_count_10d>=7,3
470,19.583333333333332,0.05193239514766509,0.7595744680851064,0.3365945945945945,-0.008,ret_5d>15 AND bull_power>0.05,2
66,2.75,0.051736654506142836,0.7424242424242424,0.23009523809523813,-0.008,cand_marubozu AND rk_turnover>0.90,2
282,11.75,0.05169647106478497,0.7695035460992907,0.33591534391534394,-0.008,ret_5d>15 AND bull_power>0.05 AND keltner_pos>1,3
282,11.75,0.05169647106478497,0.7695035460992907,0.33591534391534394,-0.008,ret_5d>15 AND keltner_pos>1,2
210,8.75,0.051335826779007054,0.7904761904761904,0.33682758620689657,-0.008,bull_power>0.05 AND rk_turnover>0.90 AND fib_pos>0.8,3
62,2.5833333333333335,0.05064423506217744,0.8387096774193549,0.23905882352941177,-0.008,bull_power>0.05 AND rk_turnover>0.90 AND green_count_10d>=7,3
217,9.041666666666666,0.050609957277216566,0.7926267281105991,0.33682758620689657,-0.008,rk_turnover>0.90 AND fib_pos>0.8,2
110,4.583333333333333,0.050198616791984,0.8272727272727273,0.33591534391534394,-0.008,gap>3 AND rk_turnover>0.90,2
63,2.625,0.05013658322007081,0.6666666666666666,0.24122118380062307,-0.008,cand_marubozu AND keltner_pos>1,2
59,2.4583333333333335,0.04989147723753759,0.6440677966101694,0.24122118380062307,-0.008,cand_marubozu AND keltner_pos>1 AND fib_pos>0.8,3
68,2.8333333333333335,0.04967260104042756,0.8382352941176471,0.23905882352941177,-0.008,rk_turnover>0.90 AND green_count_10d>=7,2
95,3.9583333333333335,0.04828724999100215,0.7684210526315789,0.23219607843137258,-0.008,ret_5d>15 AND px>20pct_sma20 AND green_count_10d>=7,3
50,2.0833333333333335,0.047925573581327166,0.72,0.23219607843137258,-0.008,ret_5d>15 AND green_count_10d>=7 AND vol_regime_high,3
49,2.0416666666666665,0.04724769982301098,0.7346938775510204,0.23219607843137258,-0.008,px>20pct_sma20 AND green_count_10d>=7 AND vol_regime_high,3
74,3.0833333333333335,0.047038399090133375,0.7702702702702703,0.30533333333333323,-0.008,gap>3 AND bull_power>0.05 AND vol_regime_high,3
111,4.625,0.046895745112119316,0.7657657657657657,0.23219607843137258,-0.008,px>20pct_sma20 AND green_count_10d>=7,2
111,4.625,0.046895745112119316,0.7657657657657657,0.23219607843137258,-0.008,px>20pct_sma20 AND bull_power>0.05 AND green_count_10d>=7,3
407,16.958333333333332,0.04674576994267108,0.8230958230958231,0.3391502590673574,-0.008,rk_turnover>0.90 AND vol_regime_high,2
104,4.333333333333333,0.04529435747160804,0.7307692307692307,0.23219607843137258,-0.008,ret_5d>15 AND keltner_pos>1 AND green_count_10d>=7,3
50,2.0833333333333335,0.04502082905835687,0.72,0.23219607843137258,-0.008,keltner_pos>1 AND green_count_10d>=7 AND vol_regime_high,3
80,3.3333333333333335,0.04452742372595488,0.75,0.23113043478260864,-0.008,ret_5d>15 AND fib_pos>0.8 AND green_count_10d>=7,3
264,11.0,0.0437219131554217,0.7386363636363636,0.3365945945945945,-0.008,gap>3 AND bull_power>0.05,2
791,32.958333333333336,0.04286785707471792,0.7964601769911505,0.3391502590673574,-0.008,bull_power>0.05 AND rk_turnover>0.90,2
131,5.458333333333333,0.04276158359516865,0.6946564885496184,0.24125816023738866,-0.008,cand_marubozu AND bull_power>0.05,2
132,5.5,0.0424540742977537,0.7272727272727273,0.23905882352941177,-0.008,ret_5d>15 AND green_count_10d>=7,2
132,5.5,0.0424540742977537,0.7272727272727273,0.23905882352941177,-0.008,ret_5d>15 AND bull_power>0.05 AND green_count_10d>=7,3
123,5.125,0.04135887055763159,0.7073170731707317,0.30533333333333323,-0.008,bull_power>0.05 AND keltner_pos>1 AND vol_regime_high,3
97,4.041666666666667,0.0410851604011339,0.7628865979381443,0.30533333333333323,-0.008,gap>3 AND vol_regime_high,2
124,5.166666666666667,0.041032499737722376,0.7096774193548387,0.30533333333333323,-0.008,keltner_pos>1 AND vol_regime_high,2
174,7.25,0.040240010237252107,0.6954022988505747,0.30207751937984506,-0.008,bull_power>0.05 AND fib_pos>0.8 AND vol_regime_high,3
84,3.5,0.04002133865430019,0.5714285714285714,0.24122118380062307,-0.008,cand_marubozu AND fib_pos>0.8,2
88,3.6666666666666665,0.03835936148517822,0.7045454545454546,0.23113043478260864,-0.008,keltner_pos>1 AND fib_pos>0.8 AND vol_regime_high,3
195,8.125,0.03687575301345455,0.6615384615384615,0.30207751937984506,-0.008,fib_pos>0.8 AND vol_regime_high,2
784,32.666666666666664,0.03657596044295175,0.7461734693877551,0.3391502590673574,-0.008,bull_power>0.05 AND vol_regime_high,2
531,22.125,0.03522757288876982,0.687382297551789,0.33591534391534394,-0.008,bull_power>0.05 AND keltner_pos>1,2
84,3.5,0.033360981003736245,0.7023809523809523,0.23219607843137258,-0.008,bull_power>0.05 AND green_count_10d>=7 AND vol_regime_high,3
166,6.916666666666667,0.0326949227958358,0.6686746987951807,0.23219607843137258,-0.008,bull_power>0.05 AND keltner_pos>1 AND green_count_10d>=7,3
407,16.958333333333332,0.0319094766664677,0.6633906633906634,0.2586666666666666,-0.008,bull_power>0.05 AND keltner_pos>1 AND fib_pos>0.8,3
781,32.541666666666664,0.03128419841947922,0.6658130601792573,0.33682758620689657,-0.008,bull_power>0.05 AND fib_pos>0.8,2
177,7.375,0.03092648317498589,0.6666666666666666,0.23219607843137258,-0.008,keltner_pos>1 AND green_count_10d>=7,2
119,4.958333333333333,0.02909333095758162,0.6974789915966386,0.2586666666666666,-0.008,cand_marubozu AND vol_regime_high,2
144,6.0,0.029030123463997637,0.6527777777777778,0.23113043478260864,-0.008,keltner_pos>1 AND fib_pos>0.8 AND green_count_10d>=7,3
341,14.208333333333334,0.02869947560750401,0.656891495601173,0.23905882352941177,-0.008,bull_power>0.05 AND green_count_10d>=7,2
461,19.208333333333332,0.02815268179211565,0.6290672451193059,0.2586666666666666,-0.008,keltner_pos>1 AND fib_pos>0.8,2
118,4.916666666666667,0.027494468528607072,0.6694915254237288,0.23219607843137258,-0.008,green_count_10d>=7 AND vol_regime_high,2
185,7.708333333333333,0.026812917475764475,0.6378378378378379,0.23113043478260864,-0.008,bull_power>0.05 AND fib_pos>0.8 AND green_count_10d>=7,3
249,10.375,0.022438079715960367,0.6224899598393574,0.2819408284023668,-0.008,fib_pos>0.8 AND green_count_10d>=7,2
