filter,n_disc,prec_disc,n_test,prec_test,avg_ret_test,win_test,per_month_test
no filter,494,0.451417004048583,153,0.41830065359477125,0.049072211071432295,0.5314685314685315,51.0
+ Kamis,119,0.4789915966386555,28,0.6785714285714286,0.08479321236303414,0.6428571428571429,9.333333333333334
+ Jumat,79,0.5189873417721519,31,0.3225806451612903,0.03947347190044818,0.5833333333333334,10.333333333333334
+ Senin-Selasa,182,0.45604395604395603,68,0.39705882352941174,0.047239481904490885,0.5151515151515151,34.0
+ akhir bulan,132,0.5075757575757576,55,0.4,0.05762434970815841,0.56,27.5
+ awal bulan,154,0.4155844155844156,59,0.3559322033898305,0.047779683324027294,0.5185185185185185,19.666666666666668
+ gocap,36,0.4444444444444444,15,0.4666666666666667,0.04775745467221012,0.5333333333333333,7.5
+ kecil,245,0.45714285714285713,70,0.4,0.05427301289286279,0.5606060606060606,23.333333333333332
+ likuid med,107,0.5327102803738317,40,0.45,0.07353829982920403,0.6,13.333333333333334
+ likuid tinggi,339,0.41002949852507375,101,0.38613861386138615,0.03860558779943382,0.5050505050505051,33.666666666666664
+ green>=2,407,0.45454545454545453,132,0.45454545454545453,0.05362664496600266,0.5284552845528455,44.0
+ green>=3,234,0.47435897435897434,70,0.42857142857142855,0.04605796644524917,0.484375,23.333333333333332
+ rk_clv>0.85,196,0.673469387755102,56,0.7321428571428571,0.094200385364349,0.7169811320754716,18.666666666666668
+ rk_ret_5d>0.9,431,0.46635730858468677,146,0.410958904109589,0.05149800744541902,0.539568345323741,48.666666666666664
+ ret_5d>20%,361,0.49584487534626037,114,0.47368421052631576,0.06002517430513337,0.5818181818181818,38.0
+ close>100,458,0.4519650655021834,138,0.41304347826086957,0.04922628408696614,0.53125,46.0
+ body>5%,338,0.4319526627218935,99,0.45454545454545453,0.04815275247147923,0.5555555555555556,33.0
+ range>10%,420,0.41904761904761906,134,0.40298507462686567,0.04050353193677131,0.512,44.666666666666664
