tanggal,kode,close_t,entry_open,high_t1,match,status,pl_high,pl_real
2026-09-01,AIMS,505.0,595.0,630.0,AB,OK,5.082352941176472,4.023529411764716
2026-09-01,SAFE,875.0,0.0,960.0,A,NO_DATA,,
2026-09-01,COCO,129.0,127.0,127.0,AB,SKIP_GAP_DOWN,,
2026-09-01,SQMI,85.0,96.0,114.0,AB,OK,17.95,16.762499999999992
2026-09-01,BSIM,1100.0,1375.0,1375.0,A,OK,-0.8,-1.800000000000001
2026-09-01,SINI,12500.0,11850.0,12975.0,AB,SKIP_GAP_DOWN,,
2026-09-01,BELI,326.0,342.0,406.0,AB,OK,17.91345029239766,16.726315789473677
2026-09-02,NATO,975.0,1130.0,1170.0,AB,OK,2.739823008849563,1.7044247787610496
2026-09-02,SAPX,270.0,310.0,336.0,AB,OK,7.587096774193558,6.503225806451618
2026-09-02,SSMS,1125.0,1135.0,1255.0,AB,OK,9.772687224669596,8.666960352422915
2026-09-02,SQMI,101.0,100.0,100.0,AB,SKIP_GAP_DOWN,,
2026-09-02,BWPT,132.0,135.0,137.0,AB,OK,0.6814814814814836,-0.33333333333334036
2026-09-02,BELI,406.0,374.0,388.0,AB,SKIP_GAP_DOWN,,
2026-09-03,GRPH,119.0,119.0,124.0,AB,OK,3.401680672268915,2.359663865546225
2026-09-03,FORU,3220.0,3000.0,3970.0,AB,SKIP_GAP_DOWN,,
2026-09-03,PYFA,290.0,284.0,286.0,A,SKIP_GAP_DOWN,,
2026-09-03,UANG,3210.0,3210.0,4010.0,AB,OK,24.122118380062307,22.87289719626169
2026-09-03,SINI,14700.0,14000.0,15975.0,AB,SKIP_GAP_DOWN,,
2026-09-03,TRUK,1075.0,0.0,1180.0,A,NO_DATA,,
2026-09-04,UANG,4010.0,3600.0,4490.0,AB,SKIP_GAP_DOWN,,
2026-09-04,NATO,1265.0,1370.0,1575.0,A,OK,14.163503649635034,13.01386861313869
2026-09-04,TRIN,416.0,416.0,426.0,AB,OK,1.6038461538461453,0.5798076923076996
2026-09-04,SMMT,2610.0,2670.0,2820.0,AB,OK,4.817977528089879,3.761797752809005
2026-09-04,JAYA,170.0,176.0,196.0,A,OK,10.563636363636352,9.450000000000003
2026-09-04,AKSI,324.0,322.0,322.0,AB,SKIP_GAP_DOWN,,
2026-09-07,SOHO,1505.0,1520.0,1880.0,AB,OK,22.884210526315798,21.647368421052636
2026-09-07,MEDS,97.0,105.0,126.0,A,OK,19.199999999999996,17.999999999999993
2026-09-07,NZIA,228.0,230.0,270.0,A,OK,16.591304347826096,15.417391304347827
2026-09-07,LABS,204.0,196.0,204.0,AB,SKIP_GAP_DOWN,,
2026-09-07,FOLK,220.0,220.0,222.0,B,OK,0.10909090909090383,-0.9000000000000001
2026-09-07,FORU,3950.0,3980.0,4100.0,AB,OK,2.215075376884413,1.1849246231155692
2026-09-07,HALO,87.0,87.0,90.0,AB,OK,2.6482758620689726,1.6137931034482695
2026-09-08,SOHO,1820.0,2000.0,2000.0,AB,OK,-0.8,-1.800000000000001
2026-09-08,PPRI,204.0,204.0,216.0,AB,OK,5.082352941176472,4.023529411764716
2026-09-08,POLA,70.0,88.0,94.0,AB,OK,6.018181818181812,4.950000000000011
2026-09-08,MSJA,620.0,645.0,760.0,A,OK,17.029457364341095,15.851162790697671
2026-09-08,BKDP,200.0,200.0,212.0,AB,OK,5.2000000000000055,4.139999999999989
2026-09-09,ESTI,199.0,210.0,266.0,AB,OK,25.86666666666666,24.599999999999977
2026-09-09,DPUM,140.0,165.0,170.0,AB,OK,2.230303030303028,1.2000000000000017
2026-09-09,SAPX,326.0,350.0,406.0,A,OK,15.199999999999992,14.040000000000008
2026-09-09,POLA,81.0,78.0,83.0,AB,SKIP_GAP_DOWN,,
2026-09-09,MSJA,730.0,730.0,890.0,A,OK,21.11780821917808,19.898630136986295
2026-09-10,MSKY,82.0,78.0,79.0,AB,SKIP_GAP_DOWN,,
2026-09-10,KPIG,85.0,81.0,87.0,AB,SKIP_GAP_DOWN,,
2026-09-10,MSJA,890.0,890.0,890.0,A,OK,-0.8,-1.800000000000001
2026-09-10,MGNA,136.0,183.0,183.0,AB,OK,-0.8,-1.800000000000012
2026-09-10,GSMF,124.0,140.0,148.0,AB,OK,4.914285714285716,3.857142857142871
2026-09-10,SAPX,406.0,490.0,505.0,AB,OK,2.261224489795911,1.2306122448979557
2026-09-10,JECC,825.0,890.0,1025.0,AB,OK,14.3685393258427,13.216853932584272
2026-09-11,PTSN,372.0,400.0,454.0,AB,OK,12.7,11.565000000000003
2026-09-11,MBTO,168.0,169.0,186.0,AB,OK,9.259171597633141,8.158579881656802
2026-09-11,SAPX,505.0,560.0,630.0,A,OK,11.7,10.575000000000001
2026-09-11,MITI,286.0,298.0,302.0,AB,OK,0.5422818791946289,-0.4711409395973025
2026-09-14,PTSN,450.0,452.0,500.0,AB,OK,9.819469026548667,8.713274336283195
2026-09-14,MPIX,160.0,164.0,195.0,AB,OK,18.102439024390236,16.91341463414635
2026-09-14,SEMA,197.0,210.0,260.0,AB,OK,23.009523809523813,21.77142857142855
2026-09-14,AGAR,2410.0,2990.0,3010.0,A,OK,-0.13110367892976635,-1.1377926421404665
2026-09-14,ALKA,6225.0,7175.0,7450.0,A,OK,3.032752613240409,1.99442508710801
2026-09-14,LAPD,93.0,102.0,105.0,AB,OK,2.141176470588225,1.111764705882346
2026-09-14,BMSR,400.0,400.0,404.0,AB,OK,0.20000000000000087,-0.81000000000001
2026-09-14,FORU,4650.0,5175.0,5500.0,A,OK,5.480193236714982,4.417391304347818
2026-09-15,MPIX,187.0,181.0,185.0,A,SKIP_GAP_DOWN,,
2026-09-15,ALKA,7400.0,6300.0,8000.0,AB,SKIP_GAP_DOWN,,
2026-09-15,SEMA,234.0,236.0,282.0,A,OK,18.691525423728805,17.496610169491532
2026-09-15,CCSI,442.0,484.0,510.0,AB,OK,4.571900826446274,3.518181818181821
2026-09-15,DEFI,139.0,139.0,148.0,AB,OK,5.674820143884896,4.610071942446049
2026-09-15,VOKS,324.0,332.0,390.0,AB,OK,16.669879518072285,15.495180722891577
2026-09-15,JECC,985.0,1000.0,1010.0,A,OK,0.20000000000000087,-0.8099999999999989
2026-09-16,VISI,1280.0,1310.0,1380.0,AB,OK,4.543511450381677,3.4900763358778573
2026-09-16,MGNA,199.0,222.0,256.0,A,OK,14.515315315315313,13.36216216216215
2026-09-17,AYLS,198.0,218.0,220.0,AB,OK,0.11743119266054494,-0.8917431192660523
2026-09-17,SINI,16800.0,16950.0,17800.0,A,OK,4.214749262536866,3.1646017699115134
2026-09-17,ASPI,635.0,665.0,740.0,AB,OK,10.478195488721799,9.365413533834598
2026-09-17,POLA,85.0,89.0,103.0,A,OK,14.930337078651679,13.773033707865157
2026-09-17,FUJI,294.0,292.0,302.0,B,SKIP_GAP_DOWN,,
2026-09-18,BAJA,350.0,364.0,436.0,AB,OK,18.980219780219777,17.782417582417587
2026-09-18,WAPO,232.0,226.0,274.0,AB,SKIP_GAP_DOWN,,
2026-09-18,KICI,352.0,438.0,440.0,A,OK,-0.3433789954337956,-1.3479452054794498
2026-09-18,NASI,234.0,262.0,292.0,AB,OK,10.65038167938932,9.53587786259542
2026-09-21,JAWA,196.0,197.0,200.0,AB,OK,0.722842639593902,-0.2923857868020401
2026-09-21,NASI,292.0,364.0,364.0,A,OK,-0.8,-1.800000000000001
2026-09-21,CSMI,234.0,250.0,274.0,A,OK,8.800000000000008,7.704
2026-09-21,TRUE,90.0,100.0,107.0,AB,OK,6.200000000000006,5.129999999999991
2026-09-21,GDST,139.0,139.0,140.0,AB,OK,-0.08057553956834981,-1.0877697841726646
2026-09-21,BAJA,436.0,472.0,505.0,AB,OK,6.191525423728806,5.1216101694915315
2026-09-21,HOPE,282.0,284.0,294.0,B,OK,2.7211267605633758,1.6859154929577576
2026-09-22,BPTR,99.0,93.0,99.0,AB,SKIP_GAP_DOWN,,
2026-09-22,DFAM,110.0,108.0,111.0,AB,SKIP_GAP_DOWN,,
2026-09-23,EMMI,420.0,420.0,438.0,B,OK,3.485714285714293,2.4428571428571475
2026-09-23,SMLE,266.0,268.0,298.0,AB,OK,10.394029850746268,9.282089552238793
2026-09-23,DEWI,226.0,226.0,228.0,AB,OK,0.08495575221239074,-0.9238938053097383
2026-09-24,UNSP,320.0,312.0,400.0,AB,SKIP_GAP_DOWN,,
2026-09-24,TEBE,2370.0,2370.0,2460.0,A,OK,2.997468354430378,1.9594936708860817
2026-09-24,ASLI,486.0,,,AB,NO_DATA,,
2026-09-24,WAPO,352.0,,,A,NO_DATA,,
2026-09-24,BIPP,87.0,99.0,107.0,AB,OK,7.280808080808088,6.199999999999984
2026-09-25,TRUK,2580.0,,,A,NO_DATA,,
2026-09-25,MBTO,206.0,192.0,236.0,AB,SKIP_GAP_DOWN,,
2026-09-28,BIKE,1505.0,,,A,NO_DATA,,
2026-09-28,UVCR,234.0,234.0,260.0,A,OK,10.311111111111115,9.199999999999985
2026-09-28,SEMA,330.0,372.0,412.0,A,OK,9.952688172043,8.84516129032258
2026-09-29,ALDO,1195.0,1025.0,1195.0,AB,SKIP_GAP_DOWN,,
2026-09-29,SEMA,412.0,452.0,515.0,A,OK,13.138053097345125,11.998672566371681
2026-09-29,IFSH,1560.0,1750.0,1945.0,A,OK,10.342857142857142,9.231428571428557
2026-09-29,ASPI,830.0,840.0,1035.0,A,OK,22.414285714285718,21.18214285714286
2026-09-30,ASPI,980.0,,,AB,NO_DATA,,
2026-09-30,SEMA,478.0,474.0,474.0,A,SKIP_GAP_DOWN,,
