kondisi,coverage,baseline,lift,n_event_match,n_event_total
ret_1d>5%,0.6045258620689655,0.025077734216574287,24.10607979366112,561,928
vol_ratio_5>3.0,0.34051724137931033,0.01541165337298905,22.094789776164546,316,928
vol_ratio_20>3.0,0.5398706896551724,0.030688116804109773,17.592173970833965,501,928
vol_ratio_5>2.0,0.5808189655172413,0.05705015546843315,10.180848075665956,539,928
vol_ratio_20>2.0,0.6993534482758621,0.07232661889955387,9.669378424105705,649,928
ret_1d>2%,0.7887931034482759,0.1059889144247668,7.442222686488389,732,928
vol_ratio_20>1.5,0.7866379310344828,0.12660538055968637,6.213305686985658,730,928
vol_ratio_5>1.5,0.7112068965517241,0.12755171015276465,5.575831917109807,660,928
ret_5d>5%,0.5948275862068966,0.12498310125726646,4.7592640942914155,552,928
ret_1d>1%,0.8362068965517241,0.19507908611599298,4.28650201926064,776,928
rsi_14>70,0.41810344827586204,0.11437069082060294,3.655687005787886,388,928
ret_5d>3%,0.6551724137931034,0.18669730972015683,3.5092761367325025,608,928
gap_up>1%,0.4202586206896552,0.12356360686764904,3.401152097638271,390,928
ret_1d>0,0.8545258620689655,0.3093145869947276,2.762643269984326,793,928
px>2pct_above_sma20,0.7230603448275862,0.30093281059889143,2.4027301755119743,671,928
rsi_14>60,0.6056034482758621,0.26618899553873193,2.2750882208717886,562,928
close>open,0.7790948275862069,0.37494930377179936,2.0778671136308535,723,928
ret_5d>0,0.7241379310344828,0.35338650804380156,2.04913859061288,672,928
px>sma20,0.7693965517241379,0.44457212383398675,1.7306450640424047,714,928
atr_high,0.43211206896551724,0.2536163309449777,1.703802225020219,401,928
obv_above_ma10,0.8060344827586207,0.4771528998242531,1.6892582714167776,748,928
rsi_14>50,0.7553879310344828,0.45545491415438694,1.658535032906521,701,928
