feature,mean_event,mean_non,diff,effect_size_d,t_stat,p_value,n_event,n_non,abs_d
ret_1d,0.1797548516852296,-0.004876065495979543,0.18463091718120914,4.77435866638345,142.70907685498798,0.0,3162,125170,4.77435866638345
log_ret,0.16347498994889,-0.005664176540172386,0.1691391664890624,4.02375685518122,157.344103066533,0.0,3162,125170,4.02375685518122
ret_2d,0.20199426959659336,-0.005807255681190818,0.20780152527778417,3.369727240981148,73.66809017034149,0.0,3109,124479,3.369727240981148
ret_3d,0.21163839521464242,-0.006462225061693031,0.21810062027633545,2.7232015443580475,56.66039113372385,0.0,3066,123778,2.7232015443580475
value_ratio_20,4.507374524578407,0.9299320350601754,3.5774424895182317,2.5689668078596957,47.93620851021672,0.0,3033,123067,2.5689668078596957
freq_ratio_20,3.873131551292436,0.9433126554092659,2.9298188958831703,2.537909246576368,48.061541424389404,0.0,3033,123067,2.537909246576368
range,0.18158164083296066,0.059092579017468075,0.12248906181549259,2.51645895541307,101.37435208421552,0.0,3162,125914,2.51645895541307
vol_ratio_50,5.704274755931166,0.9148052157758497,4.7894695401553165,2.499104792629131,36.38332730193859,1.5490292163421365e-232,2468,108752,2.499104792629131
vol_ratio_20,4.289693812887036,0.942508500235406,3.3471853126516296,2.4669885640635862,46.13287828535249,0.0,2884,119496,2.4669885640635862
dist_low_10,0.43469654100304955,0.09913287268267026,0.3355636683203793,2.3651339307833585,52.0283083202652,0.0,3162,125170,2.3651339307833585
vol_ratio_10,3.295199615632532,0.9534505858420412,2.3417490297904906,2.3454574957480707,55.16860773482119,0.0,3033,123067,2.3454574957480707
vol_high_close_high,0.4721695129664769,0.03282399097796909,0.43934552198850785,2.281744166169884,49.40022746658186,0.0,3162,125914,2.281744166169884
ret_5d,0.2150818964374894,-0.007482244017694845,0.22256414045518425,2.0119883322957755,40.820113634836865,1.676876586101171e-290,3005,122351,2.0119883322957755
roc_5,0.2150818964374894,-0.007482244017694845,0.22256414045518425,2.0119883322957755,40.820113634836865,1.676876586101171e-290,3005,122351,2.0119883322957755
vol_z_20,1.8684367652185168,-0.09276264434791155,1.9611994095664282,1.9809468867762106,68.39621563007609,0.0,3033,123067,1.9809468867762106
vol_ratio_5,2.3601144176180915,0.9637767979477658,1.3963376196703257,1.9550701925724383,62.66699478312987,0.0,3162,125170,1.9550701925724383
dist_low_20,0.5413472771943763,0.14591863755877582,0.39542863963560043,1.7509334351422594,37.08342391060617,1.7459531673005795e-250,3162,125170,1.7509334351422594
px_vs_sma20,0.1667036072142738,-0.016369376613068844,0.18307298382734263,1.602442400288837,36.144498799780514,1.4514498015074198e-236,2884,119496,1.602442400288837
hv_10,1.3333146531813538,0.5769724120112633,0.7563422411700905,1.5160767216944606,57.123026518137216,0.0,3005,122351,1.5160767216944606
ret_10d,0.21455722850599815,-0.009509604135321828,0.22406683264132,1.3718704847496348,30.144494749765162,1.0921842581863615e-173,2853,118783,1.3718704847496348
roc_10,0.21455722850599815,-0.009509604135321828,0.22406683264132,1.3718704847496348,30.144494749765162,1.0921842581863615e-173,2853,118783,1.3718704847496348
bb_pos,0.8723986425686086,0.4485983286054144,0.4238003139631942,1.358294498791306,57.31307994588408,0.0,3033,122899,1.358294498791306
dist_low_50,0.691178749215106,0.22862015927320928,0.46255858994189675,1.279185157843658,28.948243314986616,8.990777943041471e-164,3162,125170,1.279185157843658
vol_accel_5,1.169900600389909,-0.03109306556915887,1.2009936659590679,1.2462703257426893,43.323531481719606,0.0,3109,124479,1.2462703257426893
clv,0.8287121946151572,0.4556672617906509,0.3730449328245063,1.204612329282645,106.08592956288807,0.0,3073,123409,1.204612329282645
hv_20,1.182912544251815,0.6148742959186944,0.5680382483331206,1.1993555011020711,53.83305863222883,0.0,3005,122351,1.1993555011020711
bb_width,0.5501099007689285,0.25798228268497314,0.2921276180839554,1.1610860619450152,43.1184802963003,0.0,3033,123067,1.1610860619450152
stoch_k,71.99046270784838,41.30720599218266,30.68325671566572,1.1593880960021359,64.16090770561782,0.0,3033,122533,1.1593880960021359
px_vs_sma200,0.19293753311526193,-0.09280472574975565,0.2857422588650176,1.1281632574549643,13.338888534030868,1.259478565354043e-37,1053,54575,1.1281632574549643
px_vs_sma50,0.15694542002629144,-0.03400783459836455,0.190953254624656,1.1130635560480722,23.270628865472958,1.5776567403754378e-108,2468,108752,1.1130635560480722
plus_di_14,35.53593231799307,21.950469578100396,13.585462739892677,1.087902346794465,43.573113654606594,0.0,3033,122533,1.087902346794465
donchian_pos,0.6842896813083987,0.4061571614155488,0.2781325198928499,1.063004587976161,54.62409688095555,0.0,3033,122676,1.063004587976161
Change,144.45319418089818,-5.104714328827613,149.5579085097258,1.0508461792627668,26.180607594556673,5.078477614828905e-137,3162,125914,1.0508461792627668
roc_20,0.21962957115909398,-0.014190782761241486,0.23382035392033546,0.9783351528871248,18.771656738046598,7.7160226977428e-74,2592,111604,0.9783351528871248
ret_20d,0.21962957115909398,-0.014190782761241486,0.23382035392033546,0.9783351528871248,18.771656738046598,7.7160226977428e-74,2592,111604,0.9783351528871248
rsi_7,67.57767154533317,45.299365142639566,22.27830640269361,0.9687001259554835,54.26234375710294,0.0,2836,118100,0.9687001259554835
atr_5_pct,0.11749236788628303,0.06461047875191421,0.05288188913436882,0.8323295591390437,24.11816595240225,3.1325676970147047e-118,3162,125170,0.8323295591390437
rsi_14,60.10028178341624,46.75966575013415,13.340616033282096,0.7753101672036764,35.19186881313558,3.391663708723419e-225,2719,115115,0.7753101672036764
mfi_14,69.97870266666047,54.46419556730218,15.51450709935829,0.7065049350659607,35.58890939469939,8.671604668849778e-233,2964,122227,0.7065049350659607
rsi_21,56.989835887978806,47.27473163742404,9.715104250554766,0.6818976826166806,27.89319450301922,2.2155685099491513e-150,2577,110306,0.6818976826166806
nr4,0.046489563567362426,0.3610400749718062,-0.31455051140444373,-0.6614742407537461,-78.9948022569805,0.0,3162,125914,0.6614742407537461
atr_10_pct,0.10326650969163642,0.06566564243871383,0.037600867252922596,0.650348744964317,20.08824823218958,1.2216729821027637e-84,3162,125170,0.650348744964317
obv_above_ma10,0.8004427577482606,0.48529154819956477,0.3151512095486958,0.6333734445871505,43.48813691924702,0.0,3162,125914,0.6333734445871505
consec_red,0.017710309930423784,0.8097431580284956,-0.7920328480980718,-0.6304255269136524,-152.5705082481519,0.0,3162,125914,0.6304255269136524
bb_width_pct_rank_60,0.6688116029599587,0.4684169860826328,0.20039461687732585,0.6195920783718892,33.55135462784749,1.054330724436841e-205,2488,109476,0.6195920783718892
cmf_20,0.07603804201561036,-0.07453791193443086,0.15057595395004122,0.6050214457146936,27.112230640938648,1.0825461400231203e-144,2845,118009,0.6050214457146936
higher_low_3,0.396584440227704,0.17384087551821084,0.22274356470949316,0.5830134399334935,25.409378424573788,4.292673418483339e-130,3162,125914,0.5830134399334935
atr_14_pct,0.09954201753554474,0.06636678954698318,0.03317522798856157,0.5767482373763133,19.29508583600468,1.3885240857538687e-78,3162,125170,0.5767482373763133
upper_wick,0.16682914836575968,0.32031643741698723,-0.15348728905122755,-0.5390610165245704,-44.879046055436106,0.0,3073,123409,0.5390610165245704
lower_high_3,0.022770398481973434,0.24622361294216688,-0.22345321446019345,-0.5243606106213997,-76.58289653548115,0.0,3162,125914,0.5243606106213997
nr7,0.027514231499051234,0.24488142700573406,-0.21736719550668282,-0.5108615813120847,-68.96766231519003,0.0,3162,125914,0.5108615813120847
macd_hist_accel,9.98348025419163,-0.280273916471693,10.263754170663322,0.5022505617219042,17.48312798164172,1.8534570414360673e-65,3162,125170,0.5022505617219042
atr_20_pct,0.09629162763626051,0.06738797025969696,0.028903657376563544,0.4952064113150651,19.127045626302543,2.3955042332657016e-77,3162,125170,0.4952064113150651
tr,178.2697659709045,53.644487507346284,124.62527846355822,0.4428288565694391,18.57780822037284,2.6756587573044788e-73,3162,125914,0.4428288565694391
stoch_d,52.23374180837306,41.8696452382744,10.36409657009866,0.4155034069344874,21.18708014727916,3.198922762704489e-93,3004,121821,0.4155034069344874
cmf_pos_while_flat,0.020872865275142316,0.12499801451784551,-0.10412514924270319,-0.3180280099820257,-38.44884866642065,3.824850915867582e-276,3162,125914,0.3180280099820257
vol_ma5,133935095.66202825,44140635.23537322,89794460.42665502,0.31249306412490363,10.146630765300731,7.814615253165018e-24,3162,125170,0.31249306412490363
BidVolume,10131660.278304871,1590968.969296504,8540691.309008367,0.2842735574521484,10.30277231729696,1.6351714203648127e-24,3162,125914,0.2842735574521484
gap,-0.06229400291354342,-0.16554402009234875,0.10325001717880533,0.2766908833326801,18.753869824749895,9.262039949952299e-75,3162,125914,0.2766908833326801
atr_5,112.11588129875605,55.494739021597304,56.62114227715875,0.26391478443412275,11.529863017435424,3.5635799141668786e-30,3162,125170,0.26391478443412275
vol_up_price_down,0.0,0.059469161491176516,-0.059469161491176516,-0.2545902465913294,-89.22666757463784,0.0,3162,125914,0.2545902465913294
dist_high_10,-0.08779840471444317,-0.10917814860201593,0.021379743887572758,0.22741614563889168,10.986227349545501,1.3392362196301605e-27,3162,125170,0.22741614563889168
lower_wick,-0.6923455958303576,-4.643303860291467,3.9509582644611094,0.22157644205913335,27.192714492985022,1.4149398707481162e-149,3073,123409,0.22157644205913335
vol_ma10,103379515.95947225,44976562.73414043,58402953.22533182,0.21526170125821525,8.705841207801065,5.023475915995376e-18,3033,123067,0.21526170125821525
atr_10,98.79661543829,56.21339706253463,42.58321837575537,0.20993116037934728,10.252008850506044,2.682509866178971e-24,3162,125170,0.20993116037934728
adx_14,44.35831161788095,40.59072352010129,3.767588097779658,0.2093030281332457,10.394996530121782,6.803054918156362e-25,2913,119745,0.2093030281332457
ad_slope_10,89790660.87759385,-47474510.49047103,137265171.36806488,0.20541108306756614,6.70860970976555,2.3712772076164234e-11,2734,115295,0.20541108306756614
atr_pct_rank_60,0.523422214619285,0.45781729168330004,0.06560492293598491,0.20441990604958565,10.48658723642902,3.0000582470195154e-25,2592,111604,0.20441990604958565
atr_14,95.73055320092797,56.63635265558211,39.09420054534586,0.19648082831538066,9.754474183778237,3.5173796544192578e-22,3162,125170,0.19648082831538066
minus_di_14,17.484574518285743,19.72575257277773,-2.2411780544919857,-0.19311350730355692,-9.716053999920824,5.2170245235126675e-22,3033,122533,0.19311350730355692
foreign_buy_streak_5,2.181408813123191,1.9163473356951775,0.26506147742801334,0.18539854150608376,10.713471420243469,2.3868180518881553e-26,3109,124479,0.18539854150608376
atr_20,93.4637349254082,57.24298846824482,36.220746457163386,0.18441933194574142,9.238277178919384,4.370934820299925e-20,3162,125170,0.18441933194574142
macd_hist,13.381254048270037,-0.24560442404911612,13.626858472319153,0.18174613120841057,6.375914145933378,2.078286954618264e-10,3162,125914,0.18174613120841057
vol_ma20,89607091.56647027,45651371.30274894,43955720.263721325,0.16627410842118326,7.219070373272431,6.615859019650961e-13,2884,119496,0.16627410842118326
obv,754202011.9228337,234504820.27971473,519697191.643119,0.1571988609292201,7.302224682906595,3.5376007836754107e-13,3162,125914,0.1571988609292201
vol_high_price_flat,0.0,0.016940133742077926,-0.016940133742077926,-0.13290790379511228,-46.58045431333627,0.0,3162,125914,0.13290790379511228
vol_ma50,78074481.19507982,46286035.20830447,31788445.986775346,0.12183082605282755,5.539239503047963,3.347230564832467e-08,2468,108752,0.12183082605282755
dist_high_20,-0.13638372257590514,-0.15107853854601117,0.014694815970106023,0.12176184240723271,5.434922470673689,5.8848338301764905e-08,3162,125170,0.12176184240723271
dist_high_50,-0.20829857854868786,-0.2247175470325754,0.016418968483887547,0.10333125438310443,4.671866302213451,3.105277200784228e-06,3162,125170,0.10333125438310443
Offer,714.5117014547754,1003.6958479597185,-289.1841465049431,-0.09624989211746349,-8.585432108753952,1.3250928230312714e-17,3162,125914,0.09624989211746349
bb_lower,639.13936915773,882.7560905103583,-243.61672135262825,-0.0911163651897309,-8.644927526142517,8.028230079336246e-18,3033,123067,0.0911163651897309
donchian_low_20,684.3600395647874,885.6572842435421,-201.29724467875474,-0.07615103635795283,-6.9949072388085485,3.165672050701293e-12,3033,123067,0.07615103635795283
macd_signal,-35.5814530660805,-15.678408712290512,-19.903044353789987,-0.06851246401924473,-2.7860532472887733,0.005366421247902372,3162,125914,0.06851246401924473
consec_green,4.248893105629349,5.725169560175993,-1.4762764545466442,-0.0671953221547005,-5.4814217310406335,4.5151081777195975e-08,3162,125914,0.0671953221547005
supertrend_lower,668.2014493253074,837.3870794997358,-169.1856301744284,-0.0668146079002625,-5.645474298455127,1.7782521186746817e-08,3109,124479,0.0668146079002625
ma50_gt_ma200,0.07811511701454775,0.06495703416617692,0.013158082848370833,0.053269066267174474,2.7280299297033146,0.0064051616741070275,3162,125914,0.053269066267174474
body,0.2075698646130432,0.1882637268739905,0.01930613773905268,0.05320536597538322,4.110559029894445,4.037921296299233e-05,3162,125914,0.05320536597538322
sma_100,1198.9884887275266,1047.827977663389,151.1605110641376,0.05104100948403968,1.6485470358470364,0.09938803258074985,2082,90538,0.05104100948403968
ema_100,1178.7911800600532,1045.5766443470075,133.21453571304573,0.045949009025247026,1.567528696262634,0.11713938520961097,2082,90538,0.045949009025247026
NonRegularFrequency,1.4560404807084124,0.7872436742538558,0.6687968064545566,0.041631700215815866,2.507575643386454,0.01220317442915775,3162,125914,0.041631700215815866
sma_10,896.9396159441907,1013.8621077033661,-116.92249175917539,-0.03875862116998298,-3.1127744451288115,0.0018688591922600827,3033,123067,0.03875862116998298
sma_5,897.6867436221801,1012.8389302548535,-115.15218663267342,-0.03814172104879458,-3.156107010716944,0.0016123154221909315,3162,125170,0.03814172104879458
WeightForIndex,3296410426.7703986,4449072921.031021,-1152662494.2606225,-0.03526196694964503,-5.636268017679202,1.8325448186866186e-08,3162,125914,0.03526196694964503
NonRegularValue,6068260728.662556,2935724811.2836223,3132535917.3789334,0.034609620592377204,0.8342822762781936,0.4041844629095605,3162,125914,0.034609620592377204
ema_10,910.0751726273822,1013.1519751116467,-103.07680248426448,-0.03428006632486872,-2.7134746949091326,0.006692027472541084,3033,123067,0.03428006632486872
sma_20,915.8032496317344,1016.8945590088763,-101.0913093771419,-0.0334116569569492,-2.5269997291010142,0.01155220065214251,2884,119496,0.0334116569569492
foreign_net_pct,2.2722964574617835e-05,-8.45760700962019e-06,3.1180571584238026e-05,0.032514460223020236,2.911012582787213,0.0036246338451865357,3162,125914,0.032514460223020236
ema_20,921.5762346056832,1015.9073551193005,-94.3311205136173,-0.03146083805875439,-2.3444815149118536,0.01911487439385422,2884,119496,0.03146083805875439
ema_5,919.4737011642515,1012.210267189884,-92.73656602563256,-0.03075540495687535,-2.488103566465612,0.012888492532631012,3162,125170,0.03075540495687535
ad_line,-230337478.04368588,-350451847.5603444,120114369.51665851,0.029699829879308477,1.4532794789112038,0.14624441473362293,3073,123409,0.029699829879308477
supertrend_upper,1264.7631695231971,1174.3398141931762,90.42335533002097,0.026029741499744182,1.788985940218881,0.07370712112375978,3109,124479,0.026029741499744182
OfferVolume,1114577.1030993043,10506248.735644965,-9391671.632545661,-0.02394592580616749,-8.366526682356396,5.993149826943104e-17,3162,125914,0.02394592580616749
macd,-22.200199017810455,-15.92401313633963,-6.276185881470825,-0.02072520239166353,-0.9972946685437687,0.3186950788781451,3162,125914,0.02072520239166353
ema_200,1138.889486624917,1080.6322745709876,58.25721205392938,0.01996840797504212,0.4464018395537709,0.6553972352020687,1053,54575,0.01996840797504212
NonRegularVolume,8913806.438330172,5420864.46153724,3492941.9767929316,0.018777034357780605,1.1764090040198767,0.23951459530923275,3162,125914,0.018777034357780605
donchian_high_20,1254.0280250576986,1188.552837072489,65.47518798520969,0.017991737269247157,1.2236934144383564,0.22115591814958507,3033,123067,0.017991737269247157
FirstTrade,808.4446552814675,-5476.201550264466,6284.646205545934,0.0079829303524948,2.797480671117537,0.0051510661168543866,3162,125914,0.0079829303524948
Bid,1012.8984819734345,990.1880013342441,22.71048063919045,0.007630148905407318,0.5541638141122333,0.5795026939037607,3162,125914,0.007630148905407318
bb_upper,1194.4500321588887,1169.5401291432424,24.90990301564625,0.00674262956738762,0.4796107343295554,0.6315359917638137,3033,123067,0.00674262956738762
ma20_gt_ma50,0.32922201138519924,0.32675476912813506,0.002467242257064184,0.005260055131155005,0.291559066461564,0.7706419855792384,3162,125914,0.005260055131155005
sma_200,1052.048780065116,1059.3581443453693,-7.309364280253249,-0.0026676565859807596,-0.06530689150212637,0.9479417960809394,1053,54575,0.0026676565859807596
sma_50,1017.8999969393481,1024.3722700657445,-6.472273126396431,-0.0021458680298307125,-0.11681255341813772,0.9070175908434107,2468,108752,0.0021458680298307125
ema_50,1025.9859065109513,1025.3308528823734,0.655053628577889,0.00022184056366107184,0.01186379190307584,0.9905351949806086,2468,108752,0.00022184056366107184
