fitur,n,ic_spearman,ic_pval,ic_mean_monthly,ic_ir,win_rate_top,win_rate_base,lift_top,return_diff,strength
clv,126517,-0.0717,0.0,-0.0803,-1.912,0.3404,0.391,-0.0506,-0.0029,0.1535336
dist_low_20,128358,-0.049,0.0,-0.074,-1.705,0.3901,0.3876,0.0026,-0.0006,0.12617
rsi_7,120962,-0.021,0.0,-0.062,-1.417,0.3749,0.3892,-0.0142,0.0001,0.087854
px_vs_sma50,111223,-0.0247,0.0,-0.0604,-1.433,0.3855,0.3883,-0.0028,-0.0026,0.08655320000000001
bb_pos,125956,-0.0185,0.0,-0.065,-1.178,0.3777,0.3871,-0.0094,0.0026,0.07657
rsi_21,112890,-0.0162,0.0,-0.0625,-1.162,0.3838,0.3885,-0.0047,-0.0015,0.072625
obv_above_ma10,129103,-0.0137,0.0,-0.0371,-1.836,0.3839,0.3886,-0.0046,0.0004,0.0681156
ret_1d,128358,-0.0381,0.0,-0.0548,-1.228,0.3704,0.3876,-0.0171,0.0007,0.0672944
px_vs_sma20,122398,-0.0202,0.0,-0.0611,-1.042,0.3829,0.3856,-0.0027,-0.0005,0.0636662
ret_20d,114203,-0.0115,0.0001,-0.054,-1.167,0.3893,0.3892,0.0001,-0.0017,0.06301169820000001
range,129103,-0.0684,0.0,-0.0498,-1.265,0.4042,0.3886,0.0156,-0.0024,0.062997
ret_2d,127613,-0.0221,0.0,-0.0454,-1.131,0.3803,0.3868,-0.0064,0.0018,0.0513474
ret_10d,121653,-0.0197,0.0,-0.0506,-1.002,0.3782,0.3849,-0.0067,-0.0008,0.0507012
rsi_14,117851,-0.0054,0.066,-0.0506,-1.015,0.3868,0.3886,-0.0018,0.001,0.04796930599999999
lower_wick,126517,-0.0384,0.0,-0.0332,-1.175,0.34,0.391,-0.051,-0.0036,0.03901
atr_14_pct,128358,-0.0574,0.0,-0.0385,-0.736,0.4076,0.3876,0.02,-0.0013,0.028336
ret_3d,126868,-0.0104,0.0002,-0.038,-0.662,0.3897,0.3866,0.0031,0.0033,0.025150968800000003
ma50_gt_ma200,129103,0.0193,0.0,0.0237,1.031,0.3886,0.3886,0.0,0.0002,0.024434699999999997
upper_wick,126517,0.0274,0.0,0.0241,0.943,0.4264,0.391,0.0354,0.0008,0.022726299999999998
bb_width,126123,-0.0528,0.0,-0.0322,-0.478,0.4132,0.3866,0.0266,-0.0007,0.015391599999999998
gap,129103,-0.0271,0.0,-0.0212,-0.656,0.3782,0.3886,-0.0104,-0.0015,0.013907200000000002
atr_pct_rank_60,114203,-0.021,0.0,0.0259,0.483,0.4105,0.3892,0.0213,-0.0009,0.012509699999999999
body,129103,-0.0186,0.0,-0.0151,-0.547,0.4003,0.3886,0.0117,0.0011,0.008259700000000002
vol_z_20,126123,-0.0109,0.0001,-0.0173,-0.456,0.3946,0.3866,0.008,0.0006,0.00788801112
ret_5d,125378,-0.0023,0.4103,-0.0243,-0.489,0.3881,0.3862,0.0019,0.0026,0.00700722819
bb_width_pct_rank_60,111968,-0.0232,0.0,0.0211,0.322,0.4093,0.3867,0.0226,-0.0002,0.0067942
cmf_20,120875,-0.0083,0.0041,-0.0132,-0.508,0.3789,0.3883,-0.0093,-0.0015,0.00667810704
vol_ratio_20,122398,-0.0138,0.0,-0.01,-0.238,0.3869,0.3856,0.0013,-0.0004,0.0023799999999999997
dist_high_20,128358,0.0402,0.0,0.0117,0.156,0.3791,0.3876,-0.0085,0.0034,0.0018252000000000001
vol_ratio_5,128358,-0.0023,0.4042,-0.0027,-0.063,0.3839,0.3876,-0.0037,0.0006,0.00010134558000000001
ma20_gt_ma50,129103,0.0004,0.8919,-0.0049,-0.146,0.3875,0.3886,-0.0011,-0.0,7.733473999999997e-05
