rule,n,per_month,prec,avg_ret,win,best,worst,combo_keys,n_rules
A + F,181,18.1,0.7845303867403315,0.181663263447126,0.8034682080924855,1.4364444444444446,-0.15800000000000003,"('A. gap>10% + green>=2 + clv>0.85', 'F. gap>10% + clv>0.85')",2
A + E,216,21.6,0.7731481481481481,0.16485061034222223,0.7788461538461539,1.4364444444444446,-0.15800000000000003,"('A. gap>10% + green>=2 + clv>0.85', 'E. gap>7% + body>5% + clv>0.85')",2
E + F,247,24.7,0.7489878542510121,0.16065830111708498,0.7669491525423728,1.4364444444444446,-0.15800000000000003,"('E. gap>7% + body>5% + clv>0.85', 'F. gap>10% + clv>0.85')",2
A + E + F,247,24.7,0.7489878542510121,0.16065830111708498,0.7669491525423728,1.4364444444444446,-0.15800000000000003,"('A. gap>10% + green>=2 + clv>0.85', 'E. gap>7% + body>5% + clv>0.85', 'F. gap>10% + clv>0.85')",3
B + E,222,22.2,0.7522522522522522,0.1602309156249931,0.7663551401869159,1.4364444444444446,-0.15800000000000003,"('B. gap>7% + green>=2 + clv>0.8', 'E. gap>7% + body>5% + clv>0.85')",2
A + B + E,222,22.2,0.7522522522522522,0.1602309156249931,0.7663551401869159,1.4364444444444446,-0.15800000000000003,"('A. gap>10% + green>=2 + clv>0.85', 'B. gap>7% + green>=2 + clv>0.8', 'E. gap>7% + body>5% + clv>0.85')",3
A + B,195,19.5,0.7435897435897436,0.1583503095169716,0.7540106951871658,1.4364444444444446,-0.15800000000000003,"('A. gap>10% + green>=2 + clv>0.85', 'B. gap>7% + green>=2 + clv>0.8')",2
B + E + F,253,25.3,0.7312252964426877,0.15667705808346427,0.756198347107438,1.4364444444444446,-0.15800000000000003,"('B. gap>7% + green>=2 + clv>0.8', 'E. gap>7% + body>5% + clv>0.85', 'F. gap>10% + clv>0.85')",3
A + B + E + F,253,25.3,0.7312252964426877,0.15667705808346427,0.756198347107438,1.4364444444444446,-0.15800000000000003,"('A. gap>10% + green>=2 + clv>0.85', 'B. gap>7% + green>=2 + clv>0.8', 'E. gap>7% + body>5% + clv>0.85', 'F. gap>10% + clv>0.85')",4
A + B + F,244,24.4,0.7295081967213115,0.15657331424899446,0.7510729613733905,1.4364444444444446,-0.15800000000000003,"('A. gap>10% + green>=2 + clv>0.85', 'B. gap>7% + green>=2 + clv>0.8', 'F. gap>10% + clv>0.85')",3
B + F,244,24.4,0.7295081967213115,0.15657331424899446,0.7510729613733905,1.4364444444444446,-0.15800000000000003,"('B. gap>7% + green>=2 + clv>0.8', 'F. gap>10% + clv>0.85')",2
A + H,194,19.4,0.7010309278350515,0.15438537018456977,0.7204301075268817,1.4364444444444446,-0.15800000000000003,"('A. gap>10% + green>=2 + clv>0.85', 'H. gap>5% + green>=3 + clv>0.7')",2
F + H,243,24.3,0.6954732510288066,0.15338686721841382,0.7241379310344828,1.4364444444444446,-0.15800000000000003,"('F. gap>10% + clv>0.85', 'H. gap>5% + green>=3 + clv>0.7')",2
A + F + H,243,24.3,0.6954732510288066,0.15338686721841382,0.7241379310344828,1.4364444444444446,-0.15800000000000003,"('A. gap>10% + green>=2 + clv>0.85', 'F. gap>10% + clv>0.85', 'H. gap>5% + green>=3 + clv>0.7')",3
A + E + H,252,25.2,0.7063492063492064,0.15065281030917804,0.7242798353909465,1.4364444444444446,-0.15800000000000003,"('A. gap>10% + green>=2 + clv>0.85', 'E. gap>7% + body>5% + clv>0.85', 'H. gap>5% + green>=3 + clv>0.7')",3
A + D,273,27.3,0.7106227106227107,0.1503305386203502,0.7586206896551724,1.4364444444444446,-0.15800000000000003,"('A. gap>10% + green>=2 + clv>0.85', 'D. gap>5% + rk_clv>0.9 + ret_1d>5%')",2
B + E + H,254,25.4,0.7007874015748031,0.149570760387595,0.7224489795918367,1.4364444444444446,-0.15800000000000003,"('B. gap>7% + green>=2 + clv>0.8', 'E. gap>7% + body>5% + clv>0.85', 'H. gap>5% + green>=3 + clv>0.7')",3
A + B + E + H,254,25.4,0.7007874015748031,0.149570760387595,0.7224489795918367,1.4364444444444446,-0.15800000000000003,"('A. gap>10% + green>=2 + clv>0.85', 'B. gap>7% + green>=2 + clv>0.8', 'E. gap>7% + body>5% + clv>0.85', 'H. gap>5% + green>=3 + clv>0.7')",4
A + D + F,280,28.0,0.7035714285714286,0.14943449048383256,0.7528089887640449,1.4364444444444446,-0.15800000000000003,"('A. gap>10% + green>=2 + clv>0.85', 'D. gap>5% + rk_clv>0.9 + ret_1d>5%', 'F. gap>10% + clv>0.85')",3
D + F,280,28.0,0.7035714285714286,0.14943449048383256,0.7528089887640449,1.4364444444444446,-0.15800000000000003,"('D. gap>5% + rk_clv>0.9 + ret_1d>5%', 'F. gap>10% + clv>0.85')",2
A + F + I,274,27.4,0.656934306569343,0.14882454198474304,0.7109375,1.4364444444444446,-0.15800000000000003,"('A. gap>10% + green>=2 + clv>0.85', 'F. gap>10% + clv>0.85', 'I. gap>3% + green>=3 + clv>0.85')",3
F + I,274,27.4,0.656934306569343,0.14882454198474304,0.7109375,1.4364444444444446,-0.15800000000000003,"('F. gap>10% + clv>0.85', 'I. gap>3% + green>=3 + clv>0.85')",2
A + I,225,22.5,0.6533333333333333,0.14870956384643902,0.7047619047619048,1.4364444444444446,-0.15800000000000003,"('A. gap>10% + green>=2 + clv>0.85', 'I. gap>3% + green>=3 + clv>0.85')",2
E + F + H,283,28.3,0.6925795053003534,0.1484688746036166,0.7195571955719557,1.4364444444444446,-0.15800000000000003,"('E. gap>7% + body>5% + clv>0.85', 'F. gap>10% + clv>0.85', 'H. gap>5% + green>=3 + clv>0.7')",3
A + E + F + H,283,28.3,0.6925795053003534,0.1484688746036166,0.7195571955719557,1.4364444444444446,-0.15800000000000003,"('A. gap>10% + green>=2 + clv>0.85', 'E. gap>7% + body>5% + clv>0.85', 'F. gap>10% + clv>0.85', 'H. gap>5% + green>=3 + clv>0.7')",4
B + E + F + H,285,28.5,0.6877192982456141,0.14751380369014874,0.717948717948718,1.4364444444444446,-0.15800000000000003,"('B. gap>7% + green>=2 + clv>0.8', 'E. gap>7% + body>5% + clv>0.85', 'F. gap>10% + clv>0.85', 'H. gap>5% + green>=3 + clv>0.7')",4
B + F + H,276,27.6,0.6847826086956522,0.14710985822434838,0.7121212121212122,1.4364444444444446,-0.15800000000000003,"('B. gap>7% + green>=2 + clv>0.8', 'F. gap>10% + clv>0.85', 'H. gap>5% + green>=3 + clv>0.7')",3
A + B + F + H,276,27.6,0.6847826086956522,0.14710985822434838,0.7121212121212122,1.4364444444444446,-0.15800000000000003,"('A. gap>10% + green>=2 + clv>0.85', 'B. gap>7% + green>=2 + clv>0.8', 'F. gap>10% + clv>0.85', 'H. gap>5% + green>=3 + clv>0.7')",4
B + H,227,22.7,0.6872246696035242,0.14663728546277957,0.7064220183486238,1.4364444444444446,-0.15800000000000003,"('B. gap>7% + green>=2 + clv>0.8', 'H. gap>5% + green>=3 + clv>0.7')",2
A + B + H,227,22.7,0.6872246696035242,0.14663728546277957,0.7064220183486238,1.4364444444444446,-0.15800000000000003,"('A. gap>10% + green>=2 + clv>0.85', 'B. gap>7% + green>=2 + clv>0.8', 'H. gap>5% + green>=3 + clv>0.7')",3
A + E + I,283,28.3,0.6678445229681979,0.14652420396461607,0.7116104868913857,1.4364444444444446,-0.15800000000000003,"('A. gap>10% + green>=2 + clv>0.85', 'E. gap>7% + body>5% + clv>0.85', 'I. gap>3% + green>=3 + clv>0.85')",3
A + D + E,288,28.8,0.7048611111111112,0.14585153652879085,0.7454545454545455,1.4364444444444446,-0.15800000000000003,"('A. gap>10% + green>=2 + clv>0.85', 'D. gap>5% + rk_clv>0.9 + ret_1d>5%', 'E. gap>7% + body>5% + clv>0.85')",3
D + E + F,294,29.4,0.6972789115646258,0.14522700016962997,0.7392857142857143,1.4364444444444446,-0.15800000000000003,"('D. gap>5% + rk_clv>0.9 + ret_1d>5%', 'E. gap>7% + body>5% + clv>0.85', 'F. gap>10% + clv>0.85')",3
A + D + E + F,294,29.4,0.6972789115646258,0.14522700016962997,0.7392857142857143,1.4364444444444446,-0.15800000000000003,"('A. gap>10% + green>=2 + clv>0.85', 'D. gap>5% + rk_clv>0.9 + ret_1d>5%', 'E. gap>7% + body>5% + clv>0.85', 'F. gap>10% + clv>0.85')",4
B + E + I,286,28.6,0.6608391608391608,0.1451471996572397,0.7111111111111111,1.4364444444444446,-0.15800000000000003,"('B. gap>7% + green>=2 + clv>0.8', 'E. gap>7% + body>5% + clv>0.85', 'I. gap>3% + green>=3 + clv>0.85')",3
A + B + E + I,286,28.6,0.6608391608391608,0.1451471996572397,0.7111111111111111,1.4364444444444446,-0.15800000000000003,"('A. gap>10% + green>=2 + clv>0.85', 'B. gap>7% + green>=2 + clv>0.8', 'E. gap>7% + body>5% + clv>0.85', 'I. gap>3% + green>=3 + clv>0.85')",4
A + E + F + I,314,31.4,0.6592356687898089,0.1449098121050926,0.7084745762711865,1.4364444444444446,-0.15800000000000003,"('A. gap>10% + green>=2 + clv>0.85', 'E. gap>7% + body>5% + clv>0.85', 'F. gap>10% + clv>0.85', 'I. gap>3% + green>=3 + clv>0.85')",4
E + F + I,314,31.4,0.6592356687898089,0.1449098121050926,0.7084745762711865,1.4364444444444446,-0.15800000000000003,"('E. gap>7% + body>5% + clv>0.85', 'F. gap>10% + clv>0.85', 'I. gap>3% + green>=3 + clv>0.85')",3
B + E + F + I,317,31.7,0.6529968454258676,0.14367844301981395,0.7080536912751678,1.4364444444444446,-0.15800000000000003,"('B. gap>7% + green>=2 + clv>0.8', 'E. gap>7% + body>5% + clv>0.85', 'F. gap>10% + clv>0.85', 'I. gap>3% + green>=3 + clv>0.85')",4
B + D,291,29.1,0.6907216494845361,0.1433367078361074,0.737410071942446,1.4364444444444446,-0.15800000000000003,"('B. gap>7% + green>=2 + clv>0.8', 'D. gap>5% + rk_clv>0.9 + ret_1d>5%')",2
A + B + D,291,29.1,0.6907216494845361,0.1433367078361074,0.737410071942446,1.4364444444444446,-0.15800000000000003,"('A. gap>10% + green>=2 + clv>0.85', 'B. gap>7% + green>=2 + clv>0.8', 'D. gap>5% + rk_clv>0.9 + ret_1d>5%')",3
B + F + I,308,30.8,0.6493506493506493,0.14319000063571596,0.7024221453287197,1.4364444444444446,-0.15800000000000003,"('B. gap>7% + green>=2 + clv>0.8', 'F. gap>10% + clv>0.85', 'I. gap>3% + green>=3 + clv>0.85')",3
A + B + F + I,308,30.8,0.6493506493506493,0.14319000063571596,0.7024221453287197,1.4364444444444446,-0.15800000000000003,"('A. gap>10% + green>=2 + clv>0.85', 'B. gap>7% + green>=2 + clv>0.8', 'F. gap>10% + clv>0.85', 'I. gap>3% + green>=3 + clv>0.85')",4
A + B + D + E,294,29.4,0.6904761904761905,0.14273900903197076,0.7366548042704626,1.4364444444444446,-0.15800000000000003,"('A. gap>10% + green>=2 + clv>0.85', 'B. gap>7% + green>=2 + clv>0.8', 'D. gap>5% + rk_clv>0.9 + ret_1d>5%', 'E. gap>7% + body>5% + clv>0.85')",4
B + D + E,294,29.4,0.6904761904761905,0.14273900903197076,0.7366548042704626,1.4364444444444446,-0.15800000000000003,"('B. gap>7% + green>=2 + clv>0.8', 'D. gap>5% + rk_clv>0.9 + ret_1d>5%', 'E. gap>7% + body>5% + clv>0.85')",3
B + D + F,298,29.8,0.6845637583892618,0.14264205337221744,0.7323943661971831,1.4364444444444446,-0.15800000000000003,"('B. gap>7% + green>=2 + clv>0.8', 'D. gap>5% + rk_clv>0.9 + ret_1d>5%', 'F. gap>10% + clv>0.85')",3
A + B + D + F,298,29.8,0.6845637583892618,0.14264205337221744,0.7323943661971831,1.4364444444444446,-0.15800000000000003,"('A. gap>10% + green>=2 + clv>0.85', 'B. gap>7% + green>=2 + clv>0.8', 'D. gap>5% + rk_clv>0.9 + ret_1d>5%', 'F. gap>10% + clv>0.85')",4
D + E,282,28.2,0.7056737588652482,0.14218829060165808,0.7407407407407407,1.4364444444444446,-0.15800000000000003,"('D. gap>5% + rk_clv>0.9 + ret_1d>5%', 'E. gap>7% + body>5% + clv>0.85')",2
B + D + E + F,300,30.0,0.6833333333333333,0.14218198965056886,0.7307692307692307,1.4364444444444446,-0.15800000000000003,"('B. gap>7% + green>=2 + clv>0.8', 'D. gap>5% + rk_clv>0.9 + ret_1d>5%', 'E. gap>7% + body>5% + clv>0.85', 'F. gap>10% + clv>0.85')",4
A + B + I,259,25.9,0.6447876447876448,0.14202401581637814,0.6954732510288066,1.4364444444444446,-0.15800000000000003,"('A. gap>10% + green>=2 + clv>0.85', 'B. gap>7% + green>=2 + clv>0.8', 'I. gap>3% + green>=3 + clv>0.85')",3
B + I,259,25.9,0.6447876447876448,0.14202401581637814,0.6954732510288066,1.4364444444444446,-0.15800000000000003,"('B. gap>7% + green>=2 + clv>0.8', 'I. gap>3% + green>=3 + clv>0.85')",2
F + H + I,291,29.1,0.6357388316151202,0.14198046406358894,0.6959706959706959,1.4364444444444446,-0.15800000000000003,"('F. gap>10% + clv>0.85', 'H. gap>5% + green>=3 + clv>0.7', 'I. gap>3% + green>=3 + clv>0.85')",3
A + F + H + I,291,29.1,0.6357388316151202,0.14198046406358894,0.6959706959706959,1.4364444444444446,-0.15800000000000003,"('A. gap>10% + green>=2 + clv>0.85', 'F. gap>10% + clv>0.85', 'H. gap>5% + green>=3 + clv>0.7', 'I. gap>3% + green>=3 + clv>0.85')",4
E + H,216,21.6,0.6851851851851852,0.14083461757186644,0.7067307692307693,1.4364444444444446,-0.15773262032085567,"('E. gap>7% + body>5% + clv>0.85', 'H. gap>5% + green>=3 + clv>0.7')",2
A + H + I,242,24.2,0.628099173553719,0.14048719096483595,0.6872246696035242,1.4364444444444446,-0.15800000000000003,"('A. gap>10% + green>=2 + clv>0.85', 'H. gap>5% + green>=3 + clv>0.7', 'I. gap>3% + green>=3 + clv>0.85')",3
A + E + H + I,300,30.0,0.6466666666666666,0.14008290985851427,0.6971830985915493,1.4364444444444446,-0.15800000000000003,"('A. gap>10% + green>=2 + clv>0.85', 'E. gap>7% + body>5% + clv>0.85', 'H. gap>5% + green>=3 + clv>0.7', 'I. gap>3% + green>=3 + clv>0.85')",4
B + E + H + I,302,30.2,0.6423841059602649,0.13922989436940053,0.6958041958041958,1.4364444444444446,-0.15800000000000003,"('B. gap>7% + green>=2 + clv>0.8', 'E. gap>7% + body>5% + clv>0.85', 'H. gap>5% + green>=3 + clv>0.7', 'I. gap>3% + green>=3 + clv>0.85')",4
E + F + H + I,331,33.1,0.6404833836858006,0.13913454651367912,0.6955128205128205,1.4364444444444446,-0.15800000000000003,"('E. gap>7% + body>5% + clv>0.85', 'F. gap>10% + clv>0.85', 'H. gap>5% + green>=3 + clv>0.7', 'I. gap>3% + green>=3 + clv>0.85')",4
A + C + E,281,28.1,0.6690391459074733,0.1388787719833985,0.7037037037037037,1.4364444444444446,-0.15800000000000003,"('A. gap>10% + green>=2 + clv>0.85', 'C. gap>5% + green>=2 + clv>0.85', 'E. gap>7% + body>5% + clv>0.85')",3
C + E,281,28.1,0.6690391459074733,0.1388787719833985,0.7037037037037037,1.4364444444444446,-0.15800000000000003,"('C. gap>5% + green>=2 + clv>0.85', 'E. gap>7% + body>5% + clv>0.85')",2
A + D + H,307,30.7,0.6644951140065146,0.13875840939980646,0.7142857142857143,1.4364444444444446,-0.15800000000000003,"('A. gap>10% + green>=2 + clv>0.85', 'D. gap>5% + rk_clv>0.9 + ret_1d>5%', 'H. gap>5% + green>=3 + clv>0.7')",3
D + F + H,314,31.4,0.6592356687898089,0.13819236914271665,0.71,1.4364444444444446,-0.15800000000000003,"('D. gap>5% + rk_clv>0.9 + ret_1d>5%', 'F. gap>10% + clv>0.85', 'H. gap>5% + green>=3 + clv>0.7')",3
A + D + F + H,314,31.4,0.6592356687898089,0.13819236914271665,0.71,1.4364444444444446,-0.15800000000000003,"('A. gap>10% + green>=2 + clv>0.85', 'D. gap>5% + rk_clv>0.9 + ret_1d>5%', 'F. gap>10% + clv>0.85', 'H. gap>5% + green>=3 + clv>0.7')",4
A + C + E + F,312,31.2,0.6602564102564102,0.13799899512740746,0.7013422818791947,1.4364444444444446,-0.15800000000000003,"('A. gap>10% + green>=2 + clv>0.85', 'C. gap>5% + green>=2 + clv>0.85', 'E. gap>7% + body>5% + clv>0.85', 'F. gap>10% + clv>0.85')",4
C + E + F,312,31.2,0.6602564102564102,0.13799899512740746,0.7013422818791947,1.4364444444444446,-0.15800000000000003,"('C. gap>5% + green>=2 + clv>0.85', 'E. gap>7% + body>5% + clv>0.85', 'F. gap>10% + clv>0.85')",3
B + C + E,283,28.3,0.6643109540636042,0.13794428858304897,0.7022058823529411,1.4364444444444446,-0.15800000000000003,"('B. gap>7% + green>=2 + clv>0.8', 'C. gap>5% + green>=2 + clv>0.85', 'E. gap>7% + body>5% + clv>0.85')",3
A + B + C + E,283,28.3,0.6643109540636042,0.13794428858304897,0.7022058823529411,1.4364444444444446,-0.15800000000000003,"('A. gap>10% + green>=2 + clv>0.85', 'B. gap>7% + green>=2 + clv>0.8', 'C. gap>5% + green>=2 + clv>0.85', 'E. gap>7% + body>5% + clv>0.85')",4
B + F + H + I,324,32.4,0.6327160493827161,0.1377439871013631,0.6885245901639344,1.4364444444444446,-0.15800000000000003,"('B. gap>7% + green>=2 + clv>0.8', 'F. gap>10% + clv>0.85', 'H. gap>5% + green>=3 + clv>0.7', 'I. gap>3% + green>=3 + clv>0.85')",4
A + D + E + H,315,31.5,0.6634920634920635,0.1375122646360932,0.7086092715231788,1.4364444444444446,-0.15800000000000003,"('A. gap>10% + green>=2 + clv>0.85', 'D. gap>5% + rk_clv>0.9 + ret_1d>5%', 'E. gap>7% + body>5% + clv>0.85', 'H. gap>5% + green>=3 + clv>0.7')",4
A + C + F,303,30.3,0.6567656765676567,0.1373336841238228,0.6955017301038062,1.4364444444444446,-0.15800000000000003,"('A. gap>10% + green>=2 + clv>0.85', 'C. gap>5% + green>=2 + clv>0.85', 'F. gap>10% + clv>0.85')",3
C + F,303,30.3,0.6567656765676567,0.1373336841238228,0.6955017301038062,1.4364444444444446,-0.15800000000000003,"('C. gap>5% + green>=2 + clv>0.85', 'F. gap>10% + clv>0.85')",2
A + B + D + H,314,31.4,0.6592356687898089,0.13721877259264031,0.707641196013289,1.4364444444444446,-0.15800000000000003,"('A. gap>10% + green>=2 + clv>0.85', 'B. gap>7% + green>=2 + clv>0.8', 'D. gap>5% + rk_clv>0.9 + ret_1d>5%', 'H. gap>5% + green>=3 + clv>0.7')",4
B + D + H,314,31.4,0.6592356687898089,0.13721877259264031,0.707641196013289,1.4364444444444446,-0.15800000000000003,"('B. gap>7% + green>=2 + clv>0.8', 'D. gap>5% + rk_clv>0.9 + ret_1d>5%', 'H. gap>5% + green>=3 + clv>0.7')",3
B + C + E + F,314,31.4,0.6560509554140127,0.1371575953567972,0.7,1.4364444444444446,-0.15800000000000003,"('B. gap>7% + green>=2 + clv>0.8', 'C. gap>5% + green>=2 + clv>0.85', 'E. gap>7% + body>5% + clv>0.85', 'F. gap>10% + clv>0.85')",4
E + I,247,24.7,0.6437246963562753,0.13709883624297603,0.6939655172413793,1.4364444444444446,-0.15773262032085567,"('E. gap>7% + body>5% + clv>0.85', 'I. gap>3% + green>=3 + clv>0.85')",2
D + E + F + H,321,32.1,0.6573208722741433,0.13707847368787968,0.7035830618892508,1.4364444444444446,-0.15800000000000003,"('D. gap>5% + rk_clv>0.9 + ret_1d>5%', 'E. gap>7% + body>5% + clv>0.85', 'F. gap>10% + clv>0.85', 'H. gap>5% + green>=3 + clv>0.7')",4
B + D + E + H,317,31.7,0.6593059936908517,0.13672666878266665,0.7072368421052632,1.4364444444444446,-0.15800000000000003,"('B. gap>7% + green>=2 + clv>0.8', 'D. gap>5% + rk_clv>0.9 + ret_1d>5%', 'E. gap>7% + body>5% + clv>0.85', 'H. gap>5% + green>=3 + clv>0.7')",4
B + D + F + H,321,32.1,0.6542056074766355,0.1366957294125623,0.7035830618892508,1.4364444444444446,-0.15800000000000003,"('B. gap>7% + green>=2 + clv>0.8', 'D. gap>5% + rk_clv>0.9 + ret_1d>5%', 'F. gap>10% + clv>0.85', 'H. gap>5% + green>=3 + clv>0.7')",4
A + B + C + F,305,30.5,0.6524590163934426,0.13647083426411172,0.6941580756013745,1.4364444444444446,-0.15800000000000003,"('A. gap>10% + green>=2 + clv>0.85', 'B. gap>7% + green>=2 + clv>0.8', 'C. gap>5% + green>=2 + clv>0.85', 'F. gap>10% + clv>0.85')",4
B + C + F,305,30.5,0.6524590163934426,0.13647083426411172,0.6941580756013745,1.4364444444444446,-0.15800000000000003,"('B. gap>7% + green>=2 + clv>0.8', 'C. gap>5% + green>=2 + clv>0.85', 'F. gap>10% + clv>0.85')",3
A + D + I,338,33.8,0.636094674556213,0.13618962866970227,0.7044025157232704,1.4364444444444446,-0.15800000000000003,"('A. gap>10% + green>=2 + clv>0.85', 'D. gap>5% + rk_clv>0.9 + ret_1d>5%', 'I. gap>3% + green>=3 + clv>0.85')",3
D + F + I,345,34.5,0.6318840579710145,0.13571308733406545,0.7006172839506173,1.4364444444444446,-0.15800000000000003,"('D. gap>5% + rk_clv>0.9 + ret_1d>5%', 'F. gap>10% + clv>0.85', 'I. gap>3% + green>=3 + clv>0.85')",3
A + D + F + I,345,34.5,0.6318840579710145,0.13571308733406545,0.7006172839506173,1.4364444444444446,-0.15800000000000003,"('A. gap>10% + green>=2 + clv>0.85', 'D. gap>5% + rk_clv>0.9 + ret_1d>5%', 'F. gap>10% + clv>0.85', 'I. gap>3% + green>=3 + clv>0.85')",4
A + B + H + I,275,27.5,0.6254545454545455,0.13568278658522676,0.6795366795366795,1.4364444444444446,-0.15800000000000003,"('A. gap>10% + green>=2 + clv>0.85', 'B. gap>7% + green>=2 + clv>0.8', 'H. gap>5% + green>=3 + clv>0.7', 'I. gap>3% + green>=3 + clv>0.85')",4
B + H + I,275,27.5,0.6254545454545455,0.13568278658522676,0.6795366795366795,1.4364444444444446,-0.15800000000000003,"('B. gap>7% + green>=2 + clv>0.8', 'H. gap>5% + green>=3 + clv>0.7', 'I. gap>3% + green>=3 + clv>0.85')",3
A + C + D,317,31.7,0.6529968454258676,0.135420288732492,0.6996699669966997,1.4364444444444446,-0.15800000000000003,"('A. gap>10% + green>=2 + clv>0.85', 'C. gap>5% + green>=2 + clv>0.85', 'D. gap>5% + rk_clv>0.9 + ret_1d>5%')",3
C + D,317,31.7,0.6529968454258676,0.135420288732492,0.6996699669966997,1.4364444444444446,-0.15800000000000003,"('C. gap>5% + green>=2 + clv>0.85', 'D. gap>5% + rk_clv>0.9 + ret_1d>5%')",2
A + D + E + I,346,34.6,0.6358381502890174,0.13509826218871893,0.6993865030674846,1.4364444444444446,-0.15800000000000003,"('A. gap>10% + green>=2 + clv>0.85', 'D. gap>5% + rk_clv>0.9 + ret_1d>5%', 'E. gap>7% + body>5% + clv>0.85', 'I. gap>3% + green>=3 + clv>0.85')",4
A + C,254,25.4,0.6535433070866141,0.1350590961787768,0.6872427983539094,1.4364444444444446,-0.15800000000000003,"('A. gap>10% + green>=2 + clv>0.85', 'C. gap>5% + green>=2 + clv>0.85')",2
C + D + E,320,32.0,0.653125,0.13494903348199677,0.6993464052287581,1.4364444444444446,-0.15800000000000003,"('C. gap>5% + green>=2 + clv>0.85', 'D. gap>5% + rk_clv>0.9 + ret_1d>5%', 'E. gap>7% + body>5% + clv>0.85')",3
A + C + D + E,320,32.0,0.653125,0.13494903348199677,0.6993464052287581,1.4364444444444446,-0.15800000000000003,"('A. gap>10% + green>=2 + clv>0.85', 'C. gap>5% + green>=2 + clv>0.85', 'D. gap>5% + rk_clv>0.9 + ret_1d>5%', 'E. gap>7% + body>5% + clv>0.85')",4
A + C + D + F,324,32.4,0.6481481481481481,0.1349355529618672,0.6957928802588996,1.4364444444444446,-0.15800000000000003,"('A. gap>10% + green>=2 + clv>0.85', 'C. gap>5% + green>=2 + clv>0.85', 'D. gap>5% + rk_clv>0.9 + ret_1d>5%', 'F. gap>10% + clv>0.85')",4
C + D + F,324,32.4,0.6481481481481481,0.1349355529618672,0.6957928802588996,1.4364444444444446,-0.15800000000000003,"('C. gap>5% + green>=2 + clv>0.85', 'D. gap>5% + rk_clv>0.9 + ret_1d>5%', 'F. gap>10% + clv>0.85')",3
D + H,299,29.9,0.6622073578595318,0.13487004703123553,0.7073170731707317,1.4364444444444446,-0.15800000000000003,"('D. gap>5% + rk_clv>0.9 + ret_1d>5%', 'H. gap>5% + green>=3 + clv>0.7')",2
D + E + F + I,352,35.2,0.6306818181818182,0.13473238965438453,0.6948640483383686,1.4364444444444446,-0.15800000000000003,"('D. gap>5% + rk_clv>0.9 + ret_1d>5%', 'E. gap>7% + body>5% + clv>0.85', 'F. gap>10% + clv>0.85', 'I. gap>3% + green>=3 + clv>0.85')",4
B + C + D,319,31.9,0.6489028213166145,0.1346095919508748,0.6983606557377049,1.4364444444444446,-0.15800000000000003,"('B. gap>7% + green>=2 + clv>0.8', 'C. gap>5% + green>=2 + clv>0.85', 'D. gap>5% + rk_clv>0.9 + ret_1d>5%')",3
A + B + C + D,319,31.9,0.6489028213166145,0.1346095919508748,0.6983606557377049,1.4364444444444446,-0.15800000000000003,"('A. gap>10% + green>=2 + clv>0.85', 'B. gap>7% + green>=2 + clv>0.8', 'C. gap>5% + green>=2 + clv>0.85', 'D. gap>5% + rk_clv>0.9 + ret_1d>5%')",4
C + D + E + F,326,32.6,0.647239263803681,0.1345620313426685,0.6945337620578779,1.4364444444444446,-0.15800000000000003,"('C. gap>5% + green>=2 + clv>0.85', 'D. gap>5% + rk_clv>0.9 + ret_1d>5%', 'E. gap>7% + body>5% + clv>0.85', 'F. gap>10% + clv>0.85')",4
A + B + D + I,346,34.6,0.630057803468208,0.1345023256530021,0.6993865030674846,1.4364444444444446,-0.15800000000000003,"('A. gap>10% + green>=2 + clv>0.85', 'B. gap>7% + green>=2 + clv>0.8', 'D. gap>5% + rk_clv>0.9 + ret_1d>5%', 'I. gap>3% + green>=3 + clv>0.85')",4
B + D + I,346,34.6,0.630057803468208,0.1345023256530021,0.6993865030674846,1.4364444444444446,-0.15800000000000003,"('B. gap>7% + green>=2 + clv>0.8', 'D. gap>5% + rk_clv>0.9 + ret_1d>5%', 'I. gap>3% + green>=3 + clv>0.85')",3
B + C + D + E,322,32.2,0.6490683229813664,0.13414929319663224,0.698051948051948,1.4364444444444446,-0.15800000000000003,"('B. gap>7% + green>=2 + clv>0.8', 'C. gap>5% + green>=2 + clv>0.85', 'D. gap>5% + rk_clv>0.9 + ret_1d>5%', 'E. gap>7% + body>5% + clv>0.85')",4
B + C + D + F,326,32.6,0.6441717791411042,0.1341436139044653,0.6945337620578779,1.4364444444444446,-0.15800000000000003,"('B. gap>7% + green>=2 + clv>0.8', 'C. gap>5% + green>=2 + clv>0.85', 'D. gap>5% + rk_clv>0.9 + ret_1d>5%', 'F. gap>10% + clv>0.85')",4
B + D + E + I,349,34.9,0.6303724928366762,0.1340723857824456,0.6990881458966566,1.4364444444444446,-0.15800000000000003,"('B. gap>7% + green>=2 + clv>0.8', 'D. gap>5% + rk_clv>0.9 + ret_1d>5%', 'E. gap>7% + body>5% + clv>0.85', 'I. gap>3% + green>=3 + clv>0.85')",4
B + D + F + I,353,35.3,0.6260623229461756,0.13406776066912823,0.6957831325301205,1.4364444444444446,-0.15800000000000003,"('B. gap>7% + green>=2 + clv>0.8', 'D. gap>5% + rk_clv>0.9 + ret_1d>5%', 'F. gap>10% + clv>0.85', 'I. gap>3% + green>=3 + clv>0.85')",4
B + C,256,25.6,0.6484375,0.13405280992046728,0.6857142857142857,1.4364444444444446,-0.15800000000000003,"('B. gap>7% + green>=2 + clv>0.8', 'C. gap>5% + green>=2 + clv>0.85')",2
A + B + C,256,25.6,0.6484375,0.13405280992046728,0.6857142857142857,1.4364444444444446,-0.15800000000000003,"('A. gap>10% + green>=2 + clv>0.85', 'B. gap>7% + green>=2 + clv>0.8', 'C. gap>5% + green>=2 + clv>0.85')",3
D + E + H,309,30.9,0.6634304207119741,0.13404164928326717,0.7037037037037037,1.4364444444444446,-0.15800000000000003,"('D. gap>5% + rk_clv>0.9 + ret_1d>5%', 'E. gap>7% + body>5% + clv>0.85', 'H. gap>5% + green>=3 + clv>0.7')",3
C + E + H,298,29.8,0.6476510067114094,0.1329576737867009,0.6898954703832753,1.4364444444444446,-0.15800000000000003,"('C. gap>5% + green>=2 + clv>0.85', 'E. gap>7% + body>5% + clv>0.85', 'H. gap>5% + green>=3 + clv>0.7')",3
A + C + E + H,298,29.8,0.6476510067114094,0.1329576737867009,0.6898954703832753,1.4364444444444446,-0.15800000000000003,"('A. gap>10% + green>=2 + clv>0.85', 'C. gap>5% + green>=2 + clv>0.85', 'E. gap>7% + body>5% + clv>0.85', 'H. gap>5% + green>=3 + clv>0.7')",4
C + E + F + H,329,32.9,0.6413373860182371,0.13265169679121583,0.6888888888888889,1.4364444444444446,-0.15800000000000003,"('C. gap>5% + green>=2 + clv>0.85', 'E. gap>7% + body>5% + clv>0.85', 'F. gap>10% + clv>0.85', 'H. gap>5% + green>=3 + clv>0.7')",4
D + I,330,33.0,0.6333333333333333,0.1325435146346843,0.6977491961414791,1.4364444444444446,-0.15800000000000003,"('D. gap>5% + rk_clv>0.9 + ret_1d>5%', 'I. gap>3% + green>=3 + clv>0.85')",2
B + C + E + H,299,29.9,0.6454849498327759,0.13246823741938596,0.6875,1.4364444444444446,-0.15800000000000003,"('B. gap>7% + green>=2 + clv>0.8', 'C. gap>5% + green>=2 + clv>0.85', 'E. gap>7% + body>5% + clv>0.85', 'H. gap>5% + green>=3 + clv>0.7')",4
C + F + H,320,32.0,0.6375,0.13186607402957629,0.6830065359477124,1.4364444444444446,-0.15800000000000003,"('C. gap>5% + green>=2 + clv>0.85', 'F. gap>10% + clv>0.85', 'H. gap>5% + green>=3 + clv>0.7')",3
A + C + F + H,320,32.0,0.6375,0.13186607402957629,0.6830065359477124,1.4364444444444446,-0.15800000000000003,"('A. gap>10% + green>=2 + clv>0.85', 'C. gap>5% + green>=2 + clv>0.85', 'F. gap>10% + clv>0.85', 'H. gap>5% + green>=3 + clv>0.7')",4
D + E + I,340,34.0,0.6352941176470588,0.13184953081169024,0.6947040498442367,1.4364444444444446,-0.15800000000000003,"('D. gap>5% + rk_clv>0.9 + ret_1d>5%', 'E. gap>7% + body>5% + clv>0.85', 'I. gap>3% + green>=3 + clv>0.85')",3
B + C + F + H,321,32.1,0.6355140186915887,0.1314104842118904,0.6807817589576547,1.4364444444444446,-0.15800000000000003,"('B. gap>7% + green>=2 + clv>0.8', 'C. gap>5% + green>=2 + clv>0.85', 'F. gap>10% + clv>0.85', 'H. gap>5% + green>=3 + clv>0.7')",4
A + D + H + I,355,35.5,0.6197183098591549,0.13125339062158475,0.6925373134328359,1.4364444444444446,-0.15800000000000003,"('A. gap>10% + green>=2 + clv>0.85', 'D. gap>5% + rk_clv>0.9 + ret_1d>5%', 'H. gap>5% + green>=3 + clv>0.7', 'I. gap>3% + green>=3 + clv>0.85')",4
D + F + H + I,362,36.2,0.6160220994475138,0.13088746110704624,0.6891495601173021,1.4364444444444446,-0.15800000000000003,"('D. gap>5% + rk_clv>0.9 + ret_1d>5%', 'F. gap>10% + clv>0.85', 'H. gap>5% + green>=3 + clv>0.7', 'I. gap>3% + green>=3 + clv>0.85')",4
C + E + I,329,32.9,0.6200607902735562,0.13077872003281468,0.6816720257234726,1.4364444444444446,-0.15800000000000003,"('C. gap>5% + green>=2 + clv>0.85', 'E. gap>7% + body>5% + clv>0.85', 'I. gap>3% + green>=3 + clv>0.85')",3
A + C + E + I,329,32.9,0.6200607902735562,0.13077872003281468,0.6816720257234726,1.4364444444444446,-0.15800000000000003,"('A. gap>10% + green>=2 + clv>0.85', 'C. gap>5% + green>=2 + clv>0.85', 'E. gap>7% + body>5% + clv>0.85', 'I. gap>3% + green>=3 + clv>0.85')",4
C + E + F + I,360,36.0,0.6166666666666667,0.1306743777069475,0.6814159292035398,1.4364444444444446,-0.15800000000000003,"('C. gap>5% + green>=2 + clv>0.85', 'E. gap>7% + body>5% + clv>0.85', 'F. gap>10% + clv>0.85', 'I. gap>3% + green>=3 + clv>0.85')",4
E + H + I,264,26.4,0.6212121212121212,0.1303956383519518,0.678714859437751,1.4364444444444446,-0.15773262032085567,"('E. gap>7% + body>5% + clv>0.85', 'H. gap>5% + green>=3 + clv>0.7', 'I. gap>3% + green>=3 + clv>0.85')",3
C + D + H,334,33.4,0.6347305389221557,0.13029353571003327,0.6875,1.4364444444444446,-0.15800000000000003,"('C. gap>5% + green>=2 + clv>0.85', 'D. gap>5% + rk_clv>0.9 + ret_1d>5%', 'H. gap>5% + green>=3 + clv>0.7')",3
A + C + D + H,334,33.4,0.6347305389221557,0.13029353571003327,0.6875,1.4364444444444446,-0.15800000000000003,"('A. gap>10% + green>=2 + clv>0.85', 'C. gap>5% + green>=2 + clv>0.85', 'D. gap>5% + rk_clv>0.9 + ret_1d>5%', 'H. gap>5% + green>=3 + clv>0.7')",4
B + D + H + I,362,36.2,0.6160220994475138,0.13005194165225883,0.6871345029239766,1.4364444444444446,-0.15800000000000003,"('B. gap>7% + green>=2 + clv>0.8', 'D. gap>5% + rk_clv>0.9 + ret_1d>5%', 'H. gap>5% + green>=3 + clv>0.7', 'I. gap>3% + green>=3 + clv>0.85')",4
B + C + E + I,331,33.1,0.6163141993957704,0.1300184025216521,0.6805111821086262,1.4364444444444446,-0.15800000000000003,"('B. gap>7% + green>=2 + clv>0.8', 'C. gap>5% + green>=2 + clv>0.85', 'E. gap>7% + body>5% + clv>0.85', 'I. gap>3% + green>=3 + clv>0.85')",4
C + D + F + H,341,34.1,0.6304985337243402,0.12992843498921022,0.6840490797546013,1.4364444444444446,-0.15800000000000003,"('C. gap>5% + green>=2 + clv>0.85', 'D. gap>5% + rk_clv>0.9 + ret_1d>5%', 'F. gap>10% + clv>0.85', 'H. gap>5% + green>=3 + clv>0.7')",4
C + D + E + H,337,33.7,0.6350148367952523,0.1298947002685962,0.6873065015479877,1.4364444444444446,-0.15800000000000003,"('C. gap>5% + green>=2 + clv>0.85', 'D. gap>5% + rk_clv>0.9 + ret_1d>5%', 'E. gap>7% + body>5% + clv>0.85', 'H. gap>5% + green>=3 + clv>0.7')",4
A + C + F + I,351,35.1,0.6125356125356125,0.12989196426203806,0.6757575757575758,1.4364444444444446,-0.15800000000000003,"('A. gap>10% + green>=2 + clv>0.85', 'C. gap>5% + green>=2 + clv>0.85', 'F. gap>10% + clv>0.85', 'I. gap>3% + green>=3 + clv>0.85')",4
C + F + I,351,35.1,0.6125356125356125,0.12989196426203806,0.6757575757575758,1.4364444444444446,-0.15800000000000003,"('C. gap>5% + green>=2 + clv>0.85', 'F. gap>10% + clv>0.85', 'I. gap>3% + green>=3 + clv>0.85')",3
B + C + D + H,335,33.5,0.6328358208955224,0.12986271472651292,0.6853582554517134,1.4364444444444446,-0.15800000000000003,"('B. gap>7% + green>=2 + clv>0.8', 'C. gap>5% + green>=2 + clv>0.85', 'D. gap>5% + rk_clv>0.9 + ret_1d>5%', 'H. gap>5% + green>=3 + clv>0.7')",4
B + C + F + I,353,35.3,0.6090651558073654,0.1291805007998322,0.6746987951807228,1.4364444444444446,-0.15800000000000003,"('B. gap>7% + green>=2 + clv>0.8', 'C. gap>5% + green>=2 + clv>0.85', 'F. gap>10% + clv>0.85', 'I. gap>3% + green>=3 + clv>0.85')",4
A + C + H,271,27.1,0.6309963099630996,0.12877286274118585,0.6730769230769231,1.4364444444444446,-0.15800000000000003,"('A. gap>10% + green>=2 + clv>0.85', 'C. gap>5% + green>=2 + clv>0.85', 'H. gap>5% + green>=3 + clv>0.7')",3
C + H,271,27.1,0.6309963099630996,0.12877286274118585,0.6730769230769231,1.4364444444444446,-0.15800000000000003,"('C. gap>5% + green>=2 + clv>0.85', 'H. gap>5% + green>=3 + clv>0.7')",2
A + C + D + I,365,36.5,0.6109589041095891,0.12850947959486297,0.6802325581395349,1.4364444444444446,-0.15800000000000003,"('A. gap>10% + green>=2 + clv>0.85', 'C. gap>5% + green>=2 + clv>0.85', 'D. gap>5% + rk_clv>0.9 + ret_1d>5%', 'I. gap>3% + green>=3 + clv>0.85')",4
C + D + I,365,36.5,0.6109589041095891,0.12850947959486297,0.6802325581395349,1.4364444444444446,-0.15800000000000003,"('C. gap>5% + green>=2 + clv>0.85', 'D. gap>5% + rk_clv>0.9 + ret_1d>5%', 'I. gap>3% + green>=3 + clv>0.85')",3
B + C + H,272,27.2,0.6286764705882353,0.12824882878432306,0.6704980842911877,1.4364444444444446,-0.15800000000000003,"('B. gap>7% + green>=2 + clv>0.8', 'C. gap>5% + green>=2 + clv>0.85', 'H. gap>5% + green>=3 + clv>0.7')",3
A + B + C + H,272,27.2,0.6286764705882353,0.12824882878432306,0.6704980842911877,1.4364444444444446,-0.15800000000000003,"('A. gap>10% + green>=2 + clv>0.85', 'B. gap>7% + green>=2 + clv>0.8', 'C. gap>5% + green>=2 + clv>0.85', 'H. gap>5% + green>=3 + clv>0.7')",4
C + D + F + I,372,37.2,0.6075268817204301,0.1281999981711564,0.6771428571428572,1.4364444444444446,-0.15800000000000003,"('C. gap>5% + green>=2 + clv>0.85', 'D. gap>5% + rk_clv>0.9 + ret_1d>5%', 'F. gap>10% + clv>0.85', 'I. gap>3% + green>=3 + clv>0.85')",4
C + D + E + I,368,36.8,0.6114130434782609,0.12815365342991006,0.6801152737752162,1.4364444444444446,-0.15800000000000003,"('C. gap>5% + green>=2 + clv>0.85', 'D. gap>5% + rk_clv>0.9 + ret_1d>5%', 'E. gap>7% + body>5% + clv>0.85', 'I. gap>3% + green>=3 + clv>0.85')",4
B + C + D + I,367,36.7,0.6076294277929155,0.127834794912441,0.6791907514450867,1.4364444444444446,-0.15800000000000003,"('B. gap>7% + green>=2 + clv>0.8', 'C. gap>5% + green>=2 + clv>0.85', 'D. gap>5% + rk_clv>0.9 + ret_1d>5%', 'I. gap>3% + green>=3 + clv>0.85')",4
D + H + I,347,34.7,0.6167146974063401,0.1276909054654036,0.6859756097560976,1.4364444444444446,-0.15800000000000003,"('D. gap>5% + rk_clv>0.9 + ret_1d>5%', 'H. gap>5% + green>=3 + clv>0.7', 'I. gap>3% + green>=3 + clv>0.85')",3
D + E + H + I,357,35.7,0.6190476190476191,0.1271753944728347,0.6834319526627219,1.4364444444444446,-0.15800000000000003,"('D. gap>5% + rk_clv>0.9 + ret_1d>5%', 'E. gap>7% + body>5% + clv>0.85', 'H. gap>5% + green>=3 + clv>0.7', 'I. gap>3% + green>=3 + clv>0.85')",4
A + C + I,302,30.2,0.6026490066225165,0.12674040093707936,0.6654929577464789,1.4364444444444446,-0.15800000000000003,"('A. gap>10% + green>=2 + clv>0.85', 'C. gap>5% + green>=2 + clv>0.85', 'I. gap>3% + green>=3 + clv>0.85')",3
C + I,302,30.2,0.6026490066225165,0.12674040093707936,0.6654929577464789,1.4364444444444446,-0.15800000000000003,"('C. gap>5% + green>=2 + clv>0.85', 'I. gap>3% + green>=3 + clv>0.85')",2
C + E + H + I,346,34.6,0.6040462427745664,0.12601757887643578,0.6707317073170732,1.4364444444444446,-0.15800000000000003,"('C. gap>5% + green>=2 + clv>0.85', 'E. gap>7% + body>5% + clv>0.85', 'H. gap>5% + green>=3 + clv>0.7', 'I. gap>3% + green>=3 + clv>0.85')",4
B + C + I,304,30.4,0.5986842105263158,0.12593654519301492,0.6643356643356644,1.4364444444444446,-0.15800000000000003,"('B. gap>7% + green>=2 + clv>0.8', 'C. gap>5% + green>=2 + clv>0.85', 'I. gap>3% + green>=3 + clv>0.85')",3
A + B + C + I,304,30.4,0.5986842105263158,0.12593654519301492,0.6643356643356644,1.4364444444444446,-0.15800000000000003,"('A. gap>10% + green>=2 + clv>0.85', 'B. gap>7% + green>=2 + clv>0.8', 'C. gap>5% + green>=2 + clv>0.85', 'I. gap>3% + green>=3 + clv>0.85')",4
C + F + H + I,368,36.8,0.5978260869565217,0.12543496296178136,0.6657060518731989,1.4364444444444446,-0.15800000000000003,"('C. gap>5% + green>=2 + clv>0.85', 'F. gap>10% + clv>0.85', 'H. gap>5% + green>=3 + clv>0.7', 'I. gap>3% + green>=3 + clv>0.85')",4
C + D + H + I,382,38.2,0.5968586387434555,0.12429042914653303,0.6703601108033241,1.4364444444444446,-0.15800000000000003,"('C. gap>5% + green>=2 + clv>0.85', 'D. gap>5% + rk_clv>0.9 + ret_1d>5%', 'H. gap>5% + green>=3 + clv>0.7', 'I. gap>3% + green>=3 + clv>0.85')",4
A + C + H + I,319,31.9,0.5862068965517241,0.12178025849633257,0.654485049833887,1.4364444444444446,-0.15800000000000003,"('A. gap>10% + green>=2 + clv>0.85', 'C. gap>5% + green>=2 + clv>0.85', 'H. gap>5% + green>=3 + clv>0.7', 'I. gap>3% + green>=3 + clv>0.85')",4
C + H + I,319,31.9,0.5862068965517241,0.12178025849633257,0.654485049833887,1.4364444444444446,-0.15800000000000003,"('C. gap>5% + green>=2 + clv>0.85', 'H. gap>5% + green>=3 + clv>0.7', 'I. gap>3% + green>=3 + clv>0.85')",3
B + C + H + I,320,32.0,0.584375,0.1213505225410467,0.652317880794702,1.4364444444444446,-0.15800000000000003,"('B. gap>7% + green>=2 + clv>0.8', 'C. gap>5% + green>=2 + clv>0.85', 'H. gap>5% + green>=3 + clv>0.7', 'I. gap>3% + green>=3 + clv>0.85')",4
F + G,338,33.8,0.5414201183431953,0.11732537023280992,0.6739811912225705,1.4364444444444446,-0.15800000000000003,"('F. gap>10% + clv>0.85', 'G. gap>10% + green>=2')",2
A + F + G,338,33.8,0.5414201183431953,0.11732537023280992,0.6739811912225705,1.4364444444444446,-0.15800000000000003,"('A. gap>10% + green>=2 + clv>0.85', 'F. gap>10% + clv>0.85', 'G. gap>10% + green>=2')",3
A + E + F + G,404,40.4,0.5594059405940595,0.114959182176821,0.6727748691099477,1.4364444444444446,-0.15800000000000003,"('A. gap>10% + green>=2 + clv>0.85', 'E. gap>7% + body>5% + clv>0.85', 'F. gap>10% + clv>0.85', 'G. gap>10% + green>=2')",4
E + F + G,404,40.4,0.5594059405940595,0.114959182176821,0.6727748691099477,1.4364444444444446,-0.15800000000000003,"('E. gap>7% + body>5% + clv>0.85', 'F. gap>10% + clv>0.85', 'G. gap>10% + green>=2')",3
E + G,373,37.3,0.5576407506702413,0.1138078403364288,0.672316384180791,1.4364444444444446,-0.15800000000000003,"('E. gap>7% + body>5% + clv>0.85', 'G. gap>10% + green>=2')",2
A + E + G,373,37.3,0.5576407506702413,0.1138078403364288,0.672316384180791,1.4364444444444446,-0.15800000000000003,"('A. gap>10% + green>=2 + clv>0.85', 'E. gap>7% + body>5% + clv>0.85', 'G. gap>10% + green>=2')",3
B + E + F + G,408,40.8,0.553921568627451,0.113708079080415,0.6683937823834197,1.4364444444444446,-0.15800000000000003,"('B. gap>7% + green>=2 + clv>0.8', 'E. gap>7% + body>5% + clv>0.85', 'F. gap>10% + clv>0.85', 'G. gap>10% + green>=2')",4
A + B + F + G,399,39.9,0.5488721804511278,0.11261817689352138,0.6631299734748011,1.4364444444444446,-0.15800000000000003,"('A. gap>10% + green>=2 + clv>0.85', 'B. gap>7% + green>=2 + clv>0.8', 'F. gap>10% + clv>0.85', 'G. gap>10% + green>=2')",4
B + F + G,399,39.9,0.5488721804511278,0.11261817689352138,0.6631299734748011,1.4364444444444446,-0.15800000000000003,"('B. gap>7% + green>=2 + clv>0.8', 'F. gap>10% + clv>0.85', 'G. gap>10% + green>=2')",3
B + E + G,377,37.7,0.5517241379310345,0.11247174975583901,0.6675977653631285,1.4364444444444446,-0.15800000000000003,"('B. gap>7% + green>=2 + clv>0.8', 'E. gap>7% + body>5% + clv>0.85', 'G. gap>10% + green>=2')",3
A + B + E + G,377,37.7,0.5517241379310345,0.11247174975583901,0.6675977653631285,1.4364444444444446,-0.15800000000000003,"('A. gap>10% + green>=2 + clv>0.85', 'B. gap>7% + green>=2 + clv>0.8', 'E. gap>7% + body>5% + clv>0.85', 'G. gap>10% + green>=2')",4
D + F + J,468,46.8,0.561965811965812,0.11210893947324822,0.6490066225165563,1.4364444444444446,-0.15800000000000003,"('D. gap>5% + rk_clv>0.9 + ret_1d>5%', 'F. gap>10% + clv>0.85', 'J. gap>3% + rk_clv>0.85 + vol_trend>1.0')",3
A + D + F + J,468,46.8,0.561965811965812,0.11210893947324822,0.6490066225165563,1.4364444444444446,-0.15800000000000003,"('A. gap>10% + green>=2 + clv>0.85', 'D. gap>5% + rk_clv>0.9 + ret_1d>5%', 'F. gap>10% + clv>0.85', 'J. gap>3% + rk_clv>0.85 + vol_trend>1.0')",4
A + G,289,28.9,0.5190311418685121,0.11192937276162764,0.663003663003663,1.4364444444444446,-0.15800000000000003,"('A. gap>10% + green>=2 + clv>0.85', 'G. gap>10% + green>=2')",2
E + F + G + H,436,43.6,0.5412844036697247,0.11162364093787806,0.6513317191283293,1.4364444444444446,-0.15800000000000003,"('E. gap>7% + body>5% + clv>0.85', 'F. gap>10% + clv>0.85', 'G. gap>10% + green>=2', 'H. gap>5% + green>=3 + clv>0.7')",4
A + F + J,455,45.5,0.5560439560439561,0.11124077765690955,0.6462585034013606,1.4364444444444446,-0.15800000000000003,"('A. gap>10% + green>=2 + clv>0.85', 'F. gap>10% + clv>0.85', 'J. gap>3% + rk_clv>0.85 + vol_trend>1.0')",3
F + J,455,45.5,0.5560439560439561,0.11124077765690955,0.6462585034013606,1.4364444444444446,-0.15800000000000003,"('F. gap>10% + clv>0.85', 'J. gap>3% + rk_clv>0.85 + vol_trend>1.0')",2
D + G,430,43.0,0.5465116279069767,0.11114329019121613,0.6732186732186732,1.4364444444444446,-0.15800000000000003,"('D. gap>5% + rk_clv>0.9 + ret_1d>5%', 'G. gap>10% + green>=2')",2
A + D + G,430,43.0,0.5465116279069767,0.11114329019121613,0.6732186732186732,1.4364444444444446,-0.15800000000000003,"('A. gap>10% + green>=2 + clv>0.85', 'D. gap>5% + rk_clv>0.9 + ret_1d>5%', 'G. gap>10% + green>=2')",3
A + D + J,464,46.4,0.5603448275862069,0.11114100213780297,0.6481069042316259,1.4364444444444446,-0.15800000000000003,"('A. gap>10% + green>=2 + clv>0.85', 'D. gap>5% + rk_clv>0.9 + ret_1d>5%', 'J. gap>3% + rk_clv>0.85 + vol_trend>1.0')",3
D + F + G,437,43.7,0.5446224256292906,0.11113331110677205,0.6707021791767555,1.4364444444444446,-0.15800000000000003,"('D. gap>5% + rk_clv>0.9 + ret_1d>5%', 'F. gap>10% + clv>0.85', 'G. gap>10% + green>=2')",3
A + D + F + G,437,43.7,0.5446224256292906,0.11113331110677205,0.6707021791767555,1.4364444444444446,-0.15800000000000003,"('A. gap>10% + green>=2 + clv>0.85', 'D. gap>5% + rk_clv>0.9 + ret_1d>5%', 'F. gap>10% + clv>0.85', 'G. gap>10% + green>=2')",4
D + E + F + J,474,47.4,0.5590717299578059,0.11089274587781574,0.6441048034934498,1.4364444444444446,-0.15800000000000003,"('D. gap>5% + rk_clv>0.9 + ret_1d>5%', 'E. gap>7% + body>5% + clv>0.85', 'F. gap>10% + clv>0.85', 'J. gap>3% + rk_clv>0.85 + vol_trend>1.0')",4
A + F + G + H,396,39.6,0.5277777777777778,0.11083222428993462,0.6470588235294118,1.4364444444444446,-0.15800000000000003,"('A. gap>10% + green>=2 + clv>0.85', 'F. gap>10% + clv>0.85', 'G. gap>10% + green>=2', 'H. gap>5% + green>=3 + clv>0.7')",4
F + G + H,396,39.6,0.5277777777777778,0.11083222428993462,0.6470588235294118,1.4364444444444446,-0.15800000000000003,"('F. gap>10% + clv>0.85', 'G. gap>10% + green>=2', 'H. gap>5% + green>=3 + clv>0.7')",3
E + F + G + I,471,47.1,0.5265392781316348,0.11053841972543284,0.6462585034013606,1.4364444444444446,-0.15800000000000003,"('E. gap>7% + body>5% + clv>0.85', 'F. gap>10% + clv>0.85', 'G. gap>10% + green>=2', 'I. gap>3% + green>=3 + clv>0.85')",4
B + F + G + H,428,42.8,0.5350467289719626,0.11039629940985557,0.6469135802469136,1.4364444444444446,-0.15800000000000003,"('B. gap>7% + green>=2 + clv>0.8', 'F. gap>10% + clv>0.85', 'G. gap>10% + green>=2', 'H. gap>5% + green>=3 + clv>0.7')",4
E + G + H,405,40.5,0.5382716049382716,0.11032241972699691,0.6493506493506493,1.4364444444444446,-0.15800000000000003,"('E. gap>7% + body>5% + clv>0.85', 'G. gap>10% + green>=2', 'H. gap>5% + green>=3 + clv>0.7')",3
A + E + G + H,405,40.5,0.5382716049382716,0.11032241972699691,0.6493506493506493,1.4364444444444446,-0.15800000000000003,"('A. gap>10% + green>=2 + clv>0.85', 'E. gap>7% + body>5% + clv>0.85', 'G. gap>10% + green>=2', 'H. gap>5% + green>=3 + clv>0.7')",4
B + E + G + H,406,40.6,0.5369458128078818,0.11015112690343087,0.6502590673575129,1.4364444444444446,-0.15800000000000003,"('B. gap>7% + green>=2 + clv>0.8', 'E. gap>7% + body>5% + clv>0.85', 'G. gap>10% + green>=2', 'H. gap>5% + green>=3 + clv>0.7')",4
A + E + F + J,469,46.9,0.55863539445629,0.11012957760261985,0.6431718061674009,1.4364444444444446,-0.15800000000000003,"('A. gap>10% + green>=2 + clv>0.85', 'E. gap>7% + body>5% + clv>0.85', 'F. gap>10% + clv>0.85', 'J. gap>3% + rk_clv>0.85 + vol_trend>1.0')",4
E + F + J,469,46.9,0.55863539445629,0.11012957760261985,0.6431718061674009,1.4364444444444446,-0.15800000000000003,"('E. gap>7% + body>5% + clv>0.85', 'F. gap>10% + clv>0.85', 'J. gap>3% + rk_clv>0.85 + vol_trend>1.0')",3
B + D + F + J,476,47.6,0.5546218487394958,0.11012280791332037,0.6434782608695652,1.4364444444444446,-0.15800000000000003,"('B. gap>7% + green>=2 + clv>0.8', 'D. gap>5% + rk_clv>0.9 + ret_1d>5%', 'F. gap>10% + clv>0.85', 'J. gap>3% + rk_clv>0.85 + vol_trend>1.0')",4
A + D + E + J,471,47.1,0.5583864118895966,0.10992129421477952,0.643956043956044,1.4364444444444446,-0.15800000000000003,"('A. gap>10% + green>=2 + clv>0.85', 'D. gap>5% + rk_clv>0.9 + ret_1d>5%', 'E. gap>7% + body>5% + clv>0.85', 'J. gap>3% + rk_clv>0.85 + vol_trend>1.0')",4
A + F + G + I,431,43.1,0.5127610208816705,0.10969684397016861,0.6417910447761194,1.4364444444444446,-0.15800000000000003,"('A. gap>10% + green>=2 + clv>0.85', 'F. gap>10% + clv>0.85', 'G. gap>10% + green>=2', 'I. gap>3% + green>=3 + clv>0.85')",4
F + G + I,431,43.1,0.5127610208816705,0.10969684397016861,0.6417910447761194,1.4364444444444446,-0.15800000000000003,"('F. gap>10% + clv>0.85', 'G. gap>10% + green>=2', 'I. gap>3% + green>=3 + clv>0.85')",3
D + E + F + G,451,45.1,0.5454545454545454,0.10953663984838019,0.6643192488262911,1.4364444444444446,-0.15800000000000003,"('D. gap>5% + rk_clv>0.9 + ret_1d>5%', 'E. gap>7% + body>5% + clv>0.85', 'F. gap>10% + clv>0.85', 'G. gap>10% + green>=2')",4
A + D + E + G,445,44.5,0.5483146067415731,0.10952071513855356,0.667458432304038,1.4364444444444446,-0.15800000000000003,"('A. gap>10% + green>=2 + clv>0.85', 'D. gap>5% + rk_clv>0.9 + ret_1d>5%', 'E. gap>7% + body>5% + clv>0.85', 'G. gap>10% + green>=2')",4
D + E + G,445,44.5,0.5483146067415731,0.10952071513855356,0.667458432304038,1.4364444444444446,-0.15800000000000003,"('D. gap>5% + rk_clv>0.9 + ret_1d>5%', 'E. gap>7% + body>5% + clv>0.85', 'G. gap>10% + green>=2')",3
B + E + F + J,472,47.2,0.5550847457627118,0.10947078368059107,0.6433260393873085,1.4364444444444446,-0.15800000000000003,"('B. gap>7% + green>=2 + clv>0.8', 'E. gap>7% + body>5% + clv>0.85', 'F. gap>10% + clv>0.85', 'J. gap>3% + rk_clv>0.85 + vol_trend>1.0')",4
B + F + G + I,463,46.3,0.5205183585313174,0.1093703941167754,0.6420323325635104,1.4364444444444446,-0.15800000000000003,"('B. gap>7% + green>=2 + clv>0.8', 'F. gap>10% + clv>0.85', 'G. gap>10% + green>=2', 'I. gap>3% + green>=3 + clv>0.85')",4
B + D + E + J,474,47.4,0.5548523206751055,0.1092653030090947,0.6441048034934498,1.4364444444444446,-0.15800000000000003,"('B. gap>7% + green>=2 + clv>0.8', 'D. gap>5% + rk_clv>0.9 + ret_1d>5%', 'E. gap>7% + body>5% + clv>0.85', 'J. gap>3% + rk_clv>0.85 + vol_trend>1.0')",4
A + B + F + J,470,47.0,0.5531914893617021,0.10925794077309095,0.6417582417582418,1.4364444444444446,-0.15800000000000003,"('A. gap>10% + green>=2 + clv>0.85', 'B. gap>7% + green>=2 + clv>0.8', 'F. gap>10% + clv>0.85', 'J. gap>3% + rk_clv>0.85 + vol_trend>1.0')",4
B + F + J,470,47.0,0.5531914893617021,0.10925794077309095,0.6417582417582418,1.4364444444444446,-0.15800000000000003,"('B. gap>7% + green>=2 + clv>0.8', 'F. gap>10% + clv>0.85', 'J. gap>3% + rk_clv>0.85 + vol_trend>1.0')",3
A + E + G + I,440,44.0,0.5227272727272727,0.10925184258224224,0.6440677966101694,1.4364444444444446,-0.15800000000000003,"('A. gap>10% + green>=2 + clv>0.85', 'E. gap>7% + body>5% + clv>0.85', 'G. gap>10% + green>=2', 'I. gap>3% + green>=3 + clv>0.85')",4
E + G + I,440,44.0,0.5227272727272727,0.10925184258224224,0.6440677966101694,1.4364444444444446,-0.15800000000000003,"('E. gap>7% + body>5% + clv>0.85', 'G. gap>10% + green>=2', 'I. gap>3% + green>=3 + clv>0.85')",3
A + E + J,461,46.1,0.559652928416486,0.10920416902422489,0.6428571428571429,1.4364444444444446,-0.15800000000000003,"('A. gap>10% + green>=2 + clv>0.85', 'E. gap>7% + body>5% + clv>0.85', 'J. gap>3% + rk_clv>0.85 + vol_trend>1.0')",3
B + D + J,472,47.2,0.5529661016949152,0.10915230705837599,0.6425438596491229,1.4364444444444446,-0.15800000000000003,"('B. gap>7% + green>=2 + clv>0.8', 'D. gap>5% + rk_clv>0.9 + ret_1d>5%', 'J. gap>3% + rk_clv>0.85 + vol_trend>1.0')",3
A + B + D + J,472,47.2,0.5529661016949152,0.10915230705837599,0.6425438596491229,1.4364444444444446,-0.15800000000000003,"('A. gap>10% + green>=2 + clv>0.85', 'B. gap>7% + green>=2 + clv>0.8', 'D. gap>5% + rk_clv>0.9 + ret_1d>5%', 'J. gap>3% + rk_clv>0.85 + vol_trend>1.0')",4
B + E + G + I,441,44.1,0.5215419501133787,0.10909472071569218,0.644927536231884,1.4364444444444446,-0.15800000000000003,"('B. gap>7% + green>=2 + clv>0.8', 'E. gap>7% + body>5% + clv>0.85', 'G. gap>10% + green>=2', 'I. gap>3% + green>=3 + clv>0.85')",4
A + J,443,44.3,0.5530474040632054,0.10897466964306426,0.642691415313225,1.4364444444444446,-0.15800000000000003,"('A. gap>10% + green>=2 + clv>0.85', 'J. gap>3% + rk_clv>0.85 + vol_trend>1.0')",2
D + J,458,45.8,0.5589519650655022,0.10871069304759463,0.6463963963963963,1.4364444444444446,-0.15800000000000003,"('D. gap>5% + rk_clv>0.9 + ret_1d>5%', 'J. gap>3% + rk_clv>0.85 + vol_trend>1.0')",2
B + D + F + G,453,45.3,0.5408388520971302,0.10861171408072803,0.6612149532710281,1.4364444444444446,-0.15800000000000003,"('B. gap>7% + green>=2 + clv>0.8', 'D. gap>5% + rk_clv>0.9 + ret_1d>5%', 'F. gap>10% + clv>0.85', 'G. gap>10% + green>=2')",4
A + B + D + G,446,44.6,0.5426008968609866,0.10858548636796138,0.6635071090047393,1.4364444444444446,-0.15800000000000003,"('A. gap>10% + green>=2 + clv>0.85', 'B. gap>7% + green>=2 + clv>0.8', 'D. gap>5% + rk_clv>0.9 + ret_1d>5%', 'G. gap>10% + green>=2')",4
B + D + G,446,44.6,0.5426008968609866,0.10858548636796138,0.6635071090047393,1.4364444444444446,-0.15800000000000003,"('B. gap>7% + green>=2 + clv>0.8', 'D. gap>5% + rk_clv>0.9 + ret_1d>5%', 'G. gap>10% + green>=2')",3
A + B + E + J,464,46.4,0.5560344827586207,0.1085427663709389,0.6430155210643016,1.4364444444444446,-0.15800000000000003,"('A. gap>10% + green>=2 + clv>0.85', 'B. gap>7% + green>=2 + clv>0.8', 'E. gap>7% + body>5% + clv>0.85', 'J. gap>3% + rk_clv>0.85 + vol_trend>1.0')",4
B + E + J,464,46.4,0.5560344827586207,0.1085427663709389,0.6430155210643016,1.4364444444444446,-0.15800000000000003,"('B. gap>7% + green>=2 + clv>0.8', 'E. gap>7% + body>5% + clv>0.85', 'J. gap>3% + rk_clv>0.85 + vol_trend>1.0')",3
B + D + E + G,449,44.9,0.5434298440979956,0.10843560472194266,0.6635294117647059,1.4364444444444446,-0.15800000000000003,"('B. gap>7% + green>=2 + clv>0.8', 'D. gap>5% + rk_clv>0.9 + ret_1d>5%', 'E. gap>7% + body>5% + clv>0.85', 'G. gap>10% + green>=2')",4
D + F + I + J,500,50.0,0.542,0.10810267950101937,0.6359832635983264,1.4364444444444446,-0.15800000000000003,"('D. gap>5% + rk_clv>0.9 + ret_1d>5%', 'F. gap>10% + clv>0.85', 'I. gap>3% + green>=3 + clv>0.85', 'J. gap>3% + rk_clv>0.85 + vol_trend>1.0')",4
E + F + I + J,499,49.9,0.5430861723446894,0.1080247701233362,0.6359832635983264,1.4364444444444446,-0.15800000000000003,"('E. gap>7% + body>5% + clv>0.85', 'F. gap>10% + clv>0.85', 'I. gap>3% + green>=3 + clv>0.85', 'J. gap>3% + rk_clv>0.85 + vol_trend>1.0')",4
F + I + J,491,49.1,0.539714867617108,0.10775385057431239,0.6340425531914894,1.4364444444444446,-0.15800000000000003,"('F. gap>10% + clv>0.85', 'I. gap>3% + green>=3 + clv>0.85', 'J. gap>3% + rk_clv>0.85 + vol_trend>1.0')",3
A + F + I + J,491,49.1,0.539714867617108,0.10775385057431239,0.6340425531914894,1.4364444444444446,-0.15800000000000003,"('A. gap>10% + green>=2 + clv>0.85', 'F. gap>10% + clv>0.85', 'I. gap>3% + green>=3 + clv>0.85', 'J. gap>3% + rk_clv>0.85 + vol_trend>1.0')",4
D + F + H + J,492,49.2,0.5467479674796748,0.10756166494830761,0.634453781512605,1.4364444444444446,-0.15800000000000003,"('D. gap>5% + rk_clv>0.9 + ret_1d>5%', 'F. gap>10% + clv>0.85', 'H. gap>5% + green>=3 + clv>0.7', 'J. gap>3% + rk_clv>0.85 + vol_trend>1.0')",4
F + G + H + I,444,44.4,0.5067567567567568,0.10753292862439355,0.636144578313253,1.4364444444444446,-0.15800000000000003,"('F. gap>10% + clv>0.85', 'G. gap>10% + green>=2', 'H. gap>5% + green>=3 + clv>0.7', 'I. gap>3% + green>=3 + clv>0.85')",4
B + F + I + J,499,49.9,0.5390781563126252,0.10752267045519498,0.6359832635983264,1.4364444444444446,-0.15800000000000003,"('B. gap>7% + green>=2 + clv>0.8', 'F. gap>10% + clv>0.85', 'I. gap>3% + green>=3 + clv>0.85', 'J. gap>3% + rk_clv>0.85 + vol_trend>1.0')",4
A + B + G,350,35.0,0.5314285714285715,0.10751352975382335,0.6525679758308157,1.4364444444444446,-0.15800000000000003,"('A. gap>10% + green>=2 + clv>0.85', 'B. gap>7% + green>=2 + clv>0.8', 'G. gap>10% + green>=2')",3
B + G,350,35.0,0.5314285714285715,0.10751352975382335,0.6525679758308157,1.4364444444444446,-0.15800000000000003,"('B. gap>7% + green>=2 + clv>0.8', 'G. gap>10% + green>=2')",2
E + F + H + J,491,49.1,0.5478615071283096,0.10748342822029801,0.634453781512605,1.4364444444444446,-0.15800000000000003,"('E. gap>7% + body>5% + clv>0.85', 'F. gap>10% + clv>0.85', 'H. gap>5% + green>=3 + clv>0.7', 'J. gap>3% + rk_clv>0.85 + vol_trend>1.0')",4
D + E + J,467,46.7,0.556745182012848,0.10737229340925478,0.6415929203539823,1.4364444444444446,-0.15800000000000003,"('D. gap>5% + rk_clv>0.9 + ret_1d>5%', 'E. gap>7% + body>5% + clv>0.85', 'J. gap>3% + rk_clv>0.85 + vol_trend>1.0')",3
A + F + H + J,483,48.3,0.5445134575569358,0.10720209718767947,0.6324786324786325,1.4364444444444446,-0.15800000000000003,"('A. gap>10% + green>=2 + clv>0.85', 'F. gap>10% + clv>0.85', 'H. gap>5% + green>=3 + clv>0.7', 'J. gap>3% + rk_clv>0.85 + vol_trend>1.0')",4
F + H + J,483,48.3,0.5445134575569358,0.10720209718767947,0.6324786324786325,1.4364444444444446,-0.15800000000000003,"('F. gap>10% + clv>0.85', 'H. gap>5% + green>=3 + clv>0.7', 'J. gap>3% + rk_clv>0.85 + vol_trend>1.0')",3
E + G + H + I,453,45.3,0.5165562913907285,0.10715738283939341,0.6384976525821596,1.4364444444444446,-0.15800000000000003,"('E. gap>7% + body>5% + clv>0.85', 'G. gap>10% + green>=2', 'H. gap>5% + green>=3 + clv>0.7', 'I. gap>3% + green>=3 + clv>0.85')",4
A + D + I + J,496,49.6,0.5403225806451613,0.10715198561177078,0.6350210970464135,1.4364444444444446,-0.15800000000000003,"('A. gap>10% + green>=2 + clv>0.85', 'D. gap>5% + rk_clv>0.9 + ret_1d>5%', 'I. gap>3% + green>=3 + clv>0.85', 'J. gap>3% + rk_clv>0.85 + vol_trend>1.0')",4
B + F + H + J,490,49.0,0.5448979591836735,0.1071379581735129,0.6336842105263157,1.4364444444444446,-0.15800000000000003,"('B. gap>7% + green>=2 + clv>0.8', 'F. gap>10% + clv>0.85', 'H. gap>5% + green>=3 + clv>0.7', 'J. gap>3% + rk_clv>0.85 + vol_trend>1.0')",4
A + E + I + J,491,49.1,0.5437881873727087,0.10711966019113991,0.635593220338983,1.4364444444444446,-0.15800000000000003,"('A. gap>10% + green>=2 + clv>0.85', 'E. gap>7% + body>5% + clv>0.85', 'I. gap>3% + green>=3 + clv>0.85', 'J. gap>3% + rk_clv>0.85 + vol_trend>1.0')",4
D + F + G + H,467,46.7,0.5289079229122056,0.10706608468909169,0.6493212669683258,1.4364444444444446,-0.15800000000000003,"('D. gap>5% + rk_clv>0.9 + ret_1d>5%', 'F. gap>10% + clv>0.85', 'G. gap>10% + green>=2', 'H. gap>5% + green>=3 + clv>0.7')",4
D + G + H,460,46.0,0.5304347826086957,0.10701942902134551,0.6513761467889908,1.4364444444444446,-0.15800000000000003,"('D. gap>5% + rk_clv>0.9 + ret_1d>5%', 'G. gap>10% + green>=2', 'H. gap>5% + green>=3 + clv>0.7')",3
A + D + G + H,460,46.0,0.5304347826086957,0.10701942902134551,0.6513761467889908,1.4364444444444446,-0.15800000000000003,"('A. gap>10% + green>=2 + clv>0.85', 'D. gap>5% + rk_clv>0.9 + ret_1d>5%', 'G. gap>10% + green>=2', 'H. gap>5% + green>=3 + clv>0.7')",4
A + B + J,458,45.8,0.5502183406113537,0.10701856791285387,0.6382022471910113,1.4364444444444446,-0.15800000000000003,"('A. gap>10% + green>=2 + clv>0.85', 'B. gap>7% + green>=2 + clv>0.8', 'J. gap>3% + rk_clv>0.85 + vol_trend>1.0')",3
B + J,458,45.8,0.5502183406113537,0.10701856791285387,0.6382022471910113,1.4364444444444446,-0.15800000000000003,"('B. gap>7% + green>=2 + clv>0.8', 'J. gap>3% + rk_clv>0.85 + vol_trend>1.0')",2
B + E + I + J,493,49.3,0.5415821501014199,0.10682755497704699,0.6371308016877637,1.4364444444444446,-0.15800000000000003,"('B. gap>7% + green>=2 + clv>0.8', 'E. gap>7% + body>5% + clv>0.85', 'I. gap>3% + green>=3 + clv>0.85', 'J. gap>3% + rk_clv>0.85 + vol_trend>1.0')",4
D + E + G + H,468,46.8,0.532051282051282,0.10674369957176506,0.6486486486486487,1.4364444444444446,-0.15800000000000003,"('D. gap>5% + rk_clv>0.9 + ret_1d>5%', 'E. gap>7% + body>5% + clv>0.85', 'G. gap>10% + green>=2', 'H. gap>5% + green>=3 + clv>0.7')",4
B + D + G + H,466,46.6,0.5300429184549357,0.10673382181029022,0.6493212669683258,1.4364444444444446,-0.15800000000000003,"('B. gap>7% + green>=2 + clv>0.8', 'D. gap>5% + rk_clv>0.9 + ret_1d>5%', 'G. gap>10% + green>=2', 'H. gap>5% + green>=3 + clv>0.7')",4
B + D + I + J,499,49.9,0.5370741482965932,0.10662017322616683,0.6352201257861635,1.4364444444444446,-0.15800000000000003,"('B. gap>7% + green>=2 + clv>0.8', 'D. gap>5% + rk_clv>0.9 + ret_1d>5%', 'I. gap>3% + green>=3 + clv>0.85', 'J. gap>3% + rk_clv>0.85 + vol_trend>1.0')",4
A + D + H + J,488,48.8,0.5450819672131147,0.10660235782603072,0.6334745762711864,1.4364444444444446,-0.15800000000000003,"('A. gap>10% + green>=2 + clv>0.85', 'D. gap>5% + rk_clv>0.9 + ret_1d>5%', 'H. gap>5% + green>=3 + clv>0.7', 'J. gap>3% + rk_clv>0.85 + vol_trend>1.0')",4
A + E + H + J,483,48.3,0.5486542443064182,0.106567556008777,0.6340425531914894,1.4364444444444446,-0.15800000000000003,"('A. gap>10% + green>=2 + clv>0.85', 'E. gap>7% + body>5% + clv>0.85', 'H. gap>5% + green>=3 + clv>0.7', 'J. gap>3% + rk_clv>0.85 + vol_trend>1.0')",4
B + E + H + J,484,48.4,0.5475206611570248,0.1064351480126448,0.6348195329087049,1.4364444444444446,-0.15800000000000003,"('B. gap>7% + green>=2 + clv>0.8', 'E. gap>7% + body>5% + clv>0.85', 'H. gap>5% + green>=3 + clv>0.7', 'J. gap>3% + rk_clv>0.85 + vol_trend>1.0')",4
D + F + G + I,502,50.2,0.5159362549800797,0.10631933792372505,0.6446808510638298,1.4364444444444446,-0.15800000000000003,"('D. gap>5% + rk_clv>0.9 + ret_1d>5%', 'F. gap>10% + clv>0.85', 'G. gap>10% + green>=2', 'I. gap>3% + green>=3 + clv>0.85')",4
D + G + I,495,49.5,0.5171717171717172,0.10626584147603207,0.646551724137931,1.4364444444444446,-0.15800000000000003,"('D. gap>5% + rk_clv>0.9 + ret_1d>5%', 'G. gap>10% + green>=2', 'I. gap>3% + green>=3 + clv>0.85')",3
A + D + G + I,495,49.5,0.5171717171717172,0.10626584147603207,0.646551724137931,1.4364444444444446,-0.15800000000000003,"('A. gap>10% + green>=2 + clv>0.85', 'D. gap>5% + rk_clv>0.9 + ret_1d>5%', 'G. gap>10% + green>=2', 'I. gap>3% + green>=3 + clv>0.85')",4
B + D + H + J,490,49.0,0.5428571428571428,0.10622893730741985,0.6329113924050633,1.4364444444444446,-0.15800000000000003,"('B. gap>7% + green>=2 + clv>0.8', 'D. gap>5% + rk_clv>0.9 + ret_1d>5%', 'H. gap>5% + green>=3 + clv>0.7', 'J. gap>3% + rk_clv>0.85 + vol_trend>1.0')",4
C + E + F + J,491,49.1,0.5417515274949084,0.10618117253633846,0.6273684210526316,1.4364444444444446,-0.15800000000000003,"('C. gap>5% + green>=2 + clv>0.85', 'E. gap>7% + body>5% + clv>0.85', 'F. gap>10% + clv>0.85', 'J. gap>3% + rk_clv>0.85 + vol_trend>1.0')",4
C + E + F + G,469,46.9,0.5266524520255863,0.10613231773847069,0.6418918918918919,1.4364444444444446,-0.15800000000000003,"('C. gap>5% + green>=2 + clv>0.85', 'E. gap>7% + body>5% + clv>0.85', 'F. gap>10% + clv>0.85', 'G. gap>10% + green>=2')",4
C + D + F + J,493,49.3,0.539553752535497,0.10601953285145656,0.6260504201680672,1.4364444444444446,-0.15800000000000003,"('C. gap>5% + green>=2 + clv>0.85', 'D. gap>5% + rk_clv>0.9 + ret_1d>5%', 'F. gap>10% + clv>0.85', 'J. gap>3% + rk_clv>0.85 + vol_trend>1.0')",4
D + E + G + I,503,50.3,0.5188866799204771,0.10601924152846597,0.6440677966101694,1.4364444444444446,-0.15800000000000003,"('D. gap>5% + rk_clv>0.9 + ret_1d>5%', 'E. gap>7% + body>5% + clv>0.85', 'G. gap>10% + green>=2', 'I. gap>3% + green>=3 + clv>0.85')",4
B + D + G + I,501,50.1,0.5169660678642715,0.10600686942919259,0.6446808510638298,1.4364444444444446,-0.15800000000000003,"('B. gap>7% + green>=2 + clv>0.8', 'D. gap>5% + rk_clv>0.9 + ret_1d>5%', 'G. gap>10% + green>=2', 'I. gap>3% + green>=3 + clv>0.85')",4
C + F + J,489,48.9,0.5398773006134969,0.10596251979806985,0.6257928118393234,1.4364444444444446,-0.15800000000000003,"('C. gap>5% + green>=2 + clv>0.85', 'F. gap>10% + clv>0.85', 'J. gap>3% + rk_clv>0.85 + vol_trend>1.0')",3
A + C + F + J,489,48.9,0.5398773006134969,0.10596251979806985,0.6257928118393234,1.4364444444444446,-0.15800000000000003,"('A. gap>10% + green>=2 + clv>0.85', 'C. gap>5% + green>=2 + clv>0.85', 'F. gap>10% + clv>0.85', 'J. gap>3% + rk_clv>0.85 + vol_trend>1.0')",4
B + C + F + J,490,49.0,0.5387755102040817,0.10580559055603116,0.6265822784810127,1.4364444444444446,-0.15800000000000003,"('B. gap>7% + green>=2 + clv>0.8', 'C. gap>5% + green>=2 + clv>0.85', 'F. gap>10% + clv>0.85', 'J. gap>3% + rk_clv>0.85 + vol_trend>1.0')",4
F + H + I + J,507,50.7,0.5325443786982249,0.10558414343866747,0.6296296296296297,1.4364444444444446,-0.15800000000000003,"('F. gap>10% + clv>0.85', 'H. gap>5% + green>=3 + clv>0.7', 'I. gap>3% + green>=3 + clv>0.85', 'J. gap>3% + rk_clv>0.85 + vol_trend>1.0')",4
A + I + J,479,47.9,0.5365344467640919,0.10555480312910961,0.6304347826086957,1.4364444444444446,-0.15800000000000003,"('A. gap>10% + green>=2 + clv>0.85', 'I. gap>3% + green>=3 + clv>0.85', 'J. gap>3% + rk_clv>0.85 + vol_trend>1.0')",3
A + G + H,347,34.7,0.5072046109510087,0.10543041934174854,0.6341463414634146,1.4364444444444446,-0.15800000000000003,"('A. gap>10% + green>=2 + clv>0.85', 'G. gap>10% + green>=2', 'H. gap>5% + green>=3 + clv>0.7')",3
G + H,347,34.7,0.5072046109510087,0.10543041934174854,0.6341463414634146,1.4364444444444446,-0.15800000000000003,"('G. gap>10% + green>=2', 'H. gap>5% + green>=3 + clv>0.7')",2
A + B + G + H,379,37.9,0.5171503957783641,0.10540508891545818,0.6350974930362117,1.4364444444444446,-0.15800000000000003,"('A. gap>10% + green>=2 + clv>0.85', 'B. gap>7% + green>=2 + clv>0.8', 'G. gap>10% + green>=2', 'H. gap>5% + green>=3 + clv>0.7')",4
B + G + H,379,37.9,0.5171503957783641,0.10540508891545818,0.6350974930362117,1.4364444444444446,-0.15800000000000003,"('B. gap>7% + green>=2 + clv>0.8', 'G. gap>10% + green>=2', 'H. gap>5% + green>=3 + clv>0.7')",3
A + B + I + J,487,48.7,0.5359342915811088,0.10535627381847608,0.6324786324786325,1.4364444444444446,-0.15800000000000003,"('A. gap>10% + green>=2 + clv>0.85', 'B. gap>7% + green>=2 + clv>0.8', 'I. gap>3% + green>=3 + clv>0.85', 'J. gap>3% + rk_clv>0.85 + vol_trend>1.0')",4
B + I + J,487,48.7,0.5359342915811088,0.10535627381847608,0.6324786324786325,1.4364444444444446,-0.15800000000000003,"('B. gap>7% + green>=2 + clv>0.8', 'I. gap>3% + green>=3 + clv>0.85', 'J. gap>3% + rk_clv>0.85 + vol_trend>1.0')",3
A + C + E + J,483,48.3,0.5424430641821946,0.10524668751817505,0.6268656716417911,1.4364444444444446,-0.15800000000000003,"('A. gap>10% + green>=2 + clv>0.85', 'C. gap>5% + green>=2 + clv>0.85', 'E. gap>7% + body>5% + clv>0.85', 'J. gap>3% + rk_clv>0.85 + vol_trend>1.0')",4
C + E + J,483,48.3,0.5424430641821946,0.10524668751817505,0.6268656716417911,1.4364444444444446,-0.15800000000000003,"('C. gap>5% + green>=2 + clv>0.85', 'E. gap>7% + body>5% + clv>0.85', 'J. gap>3% + rk_clv>0.85 + vol_trend>1.0')",3
C + D + E + J,491,49.1,0.539714867617108,0.10517365986356822,0.6265822784810127,1.4364444444444446,-0.15800000000000003,"('C. gap>5% + green>=2 + clv>0.85', 'D. gap>5% + rk_clv>0.9 + ret_1d>5%', 'E. gap>7% + body>5% + clv>0.85', 'J. gap>3% + rk_clv>0.85 + vol_trend>1.0')",4
B + C + E + J,484,48.4,0.5413223140495868,0.10508994575552305,0.6276595744680851,1.4364444444444446,-0.15800000000000003,"('B. gap>7% + green>=2 + clv>0.8', 'C. gap>5% + green>=2 + clv>0.85', 'E. gap>7% + body>5% + clv>0.85', 'J. gap>3% + rk_clv>0.85 + vol_trend>1.0')",4
C + D + J,489,48.9,0.5378323108384458,0.10504715681310468,0.625,1.4364444444444446,-0.15800000000000003,"('C. gap>5% + green>=2 + clv>0.85', 'D. gap>5% + rk_clv>0.9 + ret_1d>5%', 'J. gap>3% + rk_clv>0.85 + vol_trend>1.0')",3
A + C + D + J,489,48.9,0.5378323108384458,0.10504715681310468,0.625,1.4364444444444446,-0.15800000000000003,"('A. gap>10% + green>=2 + clv>0.85', 'C. gap>5% + green>=2 + clv>0.85', 'D. gap>5% + rk_clv>0.9 + ret_1d>5%', 'J. gap>3% + rk_clv>0.85 + vol_trend>1.0')",4
B + C + F + G,460,46.0,0.5217391304347826,0.10503099595332954,0.6367816091954023,1.4364444444444446,-0.15800000000000003,"('B. gap>7% + green>=2 + clv>0.8', 'C. gap>5% + green>=2 + clv>0.85', 'F. gap>10% + clv>0.85', 'G. gap>10% + green>=2')",4
C + F + G,460,46.0,0.5217391304347826,0.10503099595332954,0.6367816091954023,1.4364444444444446,-0.15800000000000003,"('C. gap>5% + green>=2 + clv>0.85', 'F. gap>10% + clv>0.85', 'G. gap>10% + green>=2')",3
A + C + F + G,460,46.0,0.5217391304347826,0.10503099595332954,0.6367816091954023,1.4364444444444446,-0.15800000000000003,"('A. gap>10% + green>=2 + clv>0.85', 'C. gap>5% + green>=2 + clv>0.85', 'F. gap>10% + clv>0.85', 'G. gap>10% + green>=2')",4
A + H + J,471,47.1,0.5414012738853503,0.10498139989802964,0.62882096069869,1.4364444444444446,-0.15800000000000003,"('A. gap>10% + green>=2 + clv>0.85', 'H. gap>5% + green>=3 + clv>0.7', 'J. gap>3% + rk_clv>0.85 + vol_trend>1.0')",3
A + B + H + J,478,47.8,0.5418410041841004,0.10494931140189727,0.6301075268817204,1.4364444444444446,-0.15800000000000003,"('A. gap>10% + green>=2 + clv>0.85', 'B. gap>7% + green>=2 + clv>0.8', 'H. gap>5% + green>=3 + clv>0.7', 'J. gap>3% + rk_clv>0.85 + vol_trend>1.0')",4
B + H + J,478,47.8,0.5418410041841004,0.10494931140189727,0.6301075268817204,1.4364444444444446,-0.15800000000000003,"('B. gap>7% + green>=2 + clv>0.8', 'H. gap>5% + green>=3 + clv>0.7', 'J. gap>3% + rk_clv>0.85 + vol_trend>1.0')",3
B + C + D + J,490,49.0,0.536734693877551,0.10489183102506797,0.6257928118393234,1.4364444444444446,-0.15800000000000003,"('B. gap>7% + green>=2 + clv>0.8', 'C. gap>5% + green>=2 + clv>0.85', 'D. gap>5% + rk_clv>0.9 + ret_1d>5%', 'J. gap>3% + rk_clv>0.85 + vol_trend>1.0')",4
C + D + F + G,481,48.1,0.5218295218295218,0.10482227339149569,0.6395604395604395,1.4364444444444446,-0.15800000000000003,"('C. gap>5% + green>=2 + clv>0.85', 'D. gap>5% + rk_clv>0.9 + ret_1d>5%', 'F. gap>10% + clv>0.85', 'G. gap>10% + green>=2')",4
E + J,439,43.9,0.5466970387243736,0.1047738046062562,0.6308411214953271,1.4364444444444446,-0.15800000000000003,"('E. gap>7% + body>5% + clv>0.85', 'J. gap>3% + rk_clv>0.85 + vol_trend>1.0')",2
C + D + G,474,47.4,0.5232067510548524,0.10474698444066516,0.6414253897550112,1.4364444444444446,-0.15800000000000003,"('C. gap>5% + green>=2 + clv>0.85', 'D. gap>5% + rk_clv>0.9 + ret_1d>5%', 'G. gap>10% + green>=2')",3
B + C + D + G,474,47.4,0.5232067510548524,0.10474698444066516,0.6414253897550112,1.4364444444444446,-0.15800000000000003,"('B. gap>7% + green>=2 + clv>0.8', 'C. gap>5% + green>=2 + clv>0.85', 'D. gap>5% + rk_clv>0.9 + ret_1d>5%', 'G. gap>10% + green>=2')",4
A + C + D + G,474,47.4,0.5232067510548524,0.10474698444066516,0.6414253897550112,1.4364444444444446,-0.15800000000000003,"('A. gap>10% + green>=2 + clv>0.85', 'C. gap>5% + green>=2 + clv>0.85', 'D. gap>5% + rk_clv>0.9 + ret_1d>5%', 'G. gap>10% + green>=2')",4
D + I + J,492,49.2,0.5386178861788617,0.10468817183277672,0.6326963906581741,1.4364444444444446,-0.15800000000000003,"('D. gap>5% + rk_clv>0.9 + ret_1d>5%', 'I. gap>3% + green>=3 + clv>0.85', 'J. gap>3% + rk_clv>0.85 + vol_trend>1.0')",3
C + D + E + G,477,47.7,0.5241090146750524,0.10463153268452338,0.6415929203539823,1.4364444444444446,-0.15800000000000003,"('C. gap>5% + green>=2 + clv>0.85', 'D. gap>5% + rk_clv>0.9 + ret_1d>5%', 'E. gap>7% + body>5% + clv>0.85', 'G. gap>10% + green>=2')",4
A + B + G + I,414,41.4,0.5024154589371981,0.10461836256388043,0.6304909560723514,1.4364444444444446,-0.15800000000000003,"('A. gap>10% + green>=2 + clv>0.85', 'B. gap>7% + green>=2 + clv>0.8', 'G. gap>10% + green>=2', 'I. gap>3% + green>=3 + clv>0.85')",4
B + G + I,414,41.4,0.5024154589371981,0.10461836256388043,0.6304909560723514,1.4364444444444446,-0.15800000000000003,"('B. gap>7% + green>=2 + clv>0.8', 'G. gap>10% + green>=2', 'I. gap>3% + green>=3 + clv>0.85')",3
D + E + I + J,495,49.5,0.5393939393939394,0.1045784508286577,0.6329113924050633,1.4364444444444446,-0.15800000000000003,"('D. gap>5% + rk_clv>0.9 + ret_1d>5%', 'E. gap>7% + body>5% + clv>0.85', 'I. gap>3% + green>=3 + clv>0.85', 'J. gap>3% + rk_clv>0.85 + vol_trend>1.0')",4
G + I,382,38.2,0.49214659685863876,0.10457319363951056,0.6292134831460674,1.4364444444444446,-0.15800000000000003,"('G. gap>10% + green>=2', 'I. gap>3% + green>=3 + clv>0.85')",2
A + G + I,382,38.2,0.49214659685863876,0.10457319363951056,0.6292134831460674,1.4364444444444446,-0.15800000000000003,"('A. gap>10% + green>=2 + clv>0.85', 'G. gap>10% + green>=2', 'I. gap>3% + green>=3 + clv>0.85')",3
C + E + G,438,43.8,0.5228310502283106,0.1045584542390172,0.6394230769230769,1.4364444444444446,-0.15800000000000003,"('C. gap>5% + green>=2 + clv>0.85', 'E. gap>7% + body>5% + clv>0.85', 'G. gap>10% + green>=2')",3
B + C + E + G,438,43.8,0.5228310502283106,0.1045584542390172,0.6394230769230769,1.4364444444444446,-0.15800000000000003,"('B. gap>7% + green>=2 + clv>0.8', 'C. gap>5% + green>=2 + clv>0.85', 'E. gap>7% + body>5% + clv>0.85', 'G. gap>10% + green>=2')",4
A + C + E + G,438,43.8,0.5228310502283106,0.1045584542390172,0.6394230769230769,1.4364444444444446,-0.15800000000000003,"('A. gap>10% + green>=2 + clv>0.85', 'C. gap>5% + green>=2 + clv>0.85', 'E. gap>7% + body>5% + clv>0.85', 'G. gap>10% + green>=2')",4
D + G + H + I,508,50.8,0.5118110236220472,0.10447669716560676,0.6415094339622641,1.4364444444444446,-0.15800000000000003,"('D. gap>5% + rk_clv>0.9 + ret_1d>5%', 'G. gap>10% + green>=2', 'H. gap>5% + green>=3 + clv>0.7', 'I. gap>3% + green>=3 + clv>0.85')",4
C + F + I + J,513,51.3,0.5282651072124757,0.10440648491210887,0.6232179226069247,1.4364444444444446,-0.15800000000000003,"('C. gap>5% + green>=2 + clv>0.85', 'F. gap>10% + clv>0.85', 'I. gap>3% + green>=3 + clv>0.85', 'J. gap>3% + rk_clv>0.85 + vol_trend>1.0')",4
D + H + J,484,48.4,0.5433884297520661,0.1041245216357036,0.6311300639658849,1.4364444444444446,-0.15800000000000003,"('D. gap>5% + rk_clv>0.9 + ret_1d>5%', 'H. gap>5% + green>=3 + clv>0.7', 'J. gap>3% + rk_clv>0.85 + vol_trend>1.0')",3
D + E + H + J,487,48.7,0.5441478439425051,0.10401791823451464,0.6313559322033898,1.4364444444444446,-0.15800000000000003,"('D. gap>5% + rk_clv>0.9 + ret_1d>5%', 'E. gap>7% + body>5% + clv>0.85', 'H. gap>5% + green>=3 + clv>0.7', 'J. gap>3% + rk_clv>0.85 + vol_trend>1.0')",4
C + F + H + J,505,50.5,0.5326732673267327,0.10386473579908509,0.621676891615542,1.4364444444444446,-0.15800000000000003,"('C. gap>5% + green>=2 + clv>0.85', 'F. gap>10% + clv>0.85', 'H. gap>5% + green>=3 + clv>0.7', 'J. gap>3% + rk_clv>0.85 + vol_trend>1.0')",4
E + I + J,475,47.5,0.5347368421052632,0.10374753519865118,0.6280087527352297,1.4364444444444446,-0.15800000000000003,"('E. gap>7% + body>5% + clv>0.85', 'I. gap>3% + green>=3 + clv>0.85', 'J. gap>3% + rk_clv>0.85 + vol_trend>1.0')",3
A + C + J,477,47.7,0.5366876310272537,0.1037390313908221,0.6220302375809935,1.4364444444444446,-0.15800000000000003,"('A. gap>10% + green>=2 + clv>0.85', 'C. gap>5% + green>=2 + clv>0.85', 'J. gap>3% + rk_clv>0.85 + vol_trend>1.0')",3
C + J,477,47.7,0.5366876310272537,0.1037390313908221,0.6220302375809935,1.4364444444444446,-0.15800000000000003,"('C. gap>5% + green>=2 + clv>0.85', 'J. gap>3% + rk_clv>0.85 + vol_trend>1.0')",2
C + E + I + J,507,50.7,0.5305719921104537,0.10370432992481009,0.6242299794661191,1.4364444444444446,-0.15800000000000003,"('C. gap>5% + green>=2 + clv>0.85', 'E. gap>7% + body>5% + clv>0.85', 'I. gap>3% + green>=3 + clv>0.85', 'J. gap>3% + rk_clv>0.85 + vol_trend>1.0')",4
B + C + J,478,47.8,0.5355648535564853,0.1035835120539275,0.6228448275862069,1.4364444444444446,-0.15800000000000003,"('B. gap>7% + green>=2 + clv>0.8', 'C. gap>5% + green>=2 + clv>0.85', 'J. gap>3% + rk_clv>0.85 + vol_trend>1.0')",3
A + B + C + J,478,47.8,0.5355648535564853,0.1035835120539275,0.6228448275862069,1.4364444444444446,-0.15800000000000003,"('A. gap>10% + green>=2 + clv>0.85', 'B. gap>7% + green>=2 + clv>0.8', 'C. gap>5% + green>=2 + clv>0.85', 'J. gap>3% + rk_clv>0.85 + vol_trend>1.0')",4
C + D + I + J,513,51.3,0.5263157894736842,0.10352157192478331,0.6224489795918368,1.4364444444444446,-0.15800000000000003,"('C. gap>5% + green>=2 + clv>0.85', 'D. gap>5% + rk_clv>0.9 + ret_1d>5%', 'I. gap>3% + green>=3 + clv>0.85', 'J. gap>3% + rk_clv>0.85 + vol_trend>1.0')",4
A + H + I + J,495,49.5,0.5292929292929293,0.10341343147196634,0.6260504201680672,1.4364444444444446,-0.15800000000000003,"('A. gap>10% + green>=2 + clv>0.85', 'H. gap>5% + green>=3 + clv>0.7', 'I. gap>3% + green>=3 + clv>0.85', 'J. gap>3% + rk_clv>0.85 + vol_trend>1.0')",4
B + H + I + J,502,50.2,0.5298804780876494,0.10340526300049821,0.6273291925465838,1.4364444444444446,-0.15800000000000003,"('B. gap>7% + green>=2 + clv>0.8', 'H. gap>5% + green>=3 + clv>0.7', 'I. gap>3% + green>=3 + clv>0.85', 'J. gap>3% + rk_clv>0.85 + vol_trend>1.0')",4
E + H + J,467,46.7,0.5396145610278372,0.10316240725206759,0.6263736263736264,1.4364444444444446,-0.15800000000000003,"('E. gap>7% + body>5% + clv>0.85', 'H. gap>5% + green>=3 + clv>0.7', 'J. gap>3% + rk_clv>0.85 + vol_trend>1.0')",3
C + F + G + H,473,47.3,0.5158562367864693,0.103161869068781,0.6316964285714286,1.4364444444444446,-0.15800000000000003,"('C. gap>5% + green>=2 + clv>0.85', 'F. gap>10% + clv>0.85', 'G. gap>10% + green>=2', 'H. gap>5% + green>=3 + clv>0.7')",4
C + E + H + J,499,49.9,0.5350701402805611,0.10315521729338076,0.622680412371134,1.4364444444444446,-0.15800000000000003,"('C. gap>5% + green>=2 + clv>0.85', 'E. gap>7% + body>5% + clv>0.85', 'H. gap>5% + green>=3 + clv>0.7', 'J. gap>3% + rk_clv>0.85 + vol_trend>1.0')",4
C + D + H + J,505,50.5,0.5306930693069307,0.10297508597756348,0.6209016393442623,1.4364444444444446,-0.15800000000000003,"('C. gap>5% + green>=2 + clv>0.85', 'D. gap>5% + rk_clv>0.9 + ret_1d>5%', 'H. gap>5% + green>=3 + clv>0.7', 'J. gap>3% + rk_clv>0.85 + vol_trend>1.0')",4
C + D + G + H,487,48.7,0.5174537987679672,0.10294248943068007,0.6363636363636364,1.4364444444444446,-0.15800000000000003,"('C. gap>5% + green>=2 + clv>0.85', 'D. gap>5% + rk_clv>0.9 + ret_1d>5%', 'G. gap>10% + green>=2', 'H. gap>5% + green>=3 + clv>0.7')",4
C + F + G + I,508,50.8,0.5039370078740157,0.10265419482013892,0.6281512605042017,1.4364444444444446,-0.15800000000000003,"('C. gap>5% + green>=2 + clv>0.85', 'F. gap>10% + clv>0.85', 'G. gap>10% + green>=2', 'I. gap>3% + green>=3 + clv>0.85')",4
D + H + I + J,508,50.8,0.531496062992126,0.10262364039939095,0.6283367556468172,1.4364444444444446,-0.15800000000000003,"('D. gap>5% + rk_clv>0.9 + ret_1d>5%', 'H. gap>5% + green>=3 + clv>0.7', 'I. gap>3% + green>=3 + clv>0.85', 'J. gap>3% + rk_clv>0.85 + vol_trend>1.0')",4
C + E + G + H,451,45.1,0.516629711751663,0.10262086495698532,0.634032634032634,1.4364444444444446,-0.15800000000000003,"('C. gap>5% + green>=2 + clv>0.85', 'E. gap>7% + body>5% + clv>0.85', 'G. gap>10% + green>=2', 'H. gap>5% + green>=3 + clv>0.7')",4
B + G + H + I,427,42.7,0.4964871194379391,0.10253835103834316,0.625,1.4364444444444446,-0.15800000000000003,"('B. gap>7% + green>=2 + clv>0.8', 'G. gap>10% + green>=2', 'H. gap>5% + green>=3 + clv>0.7', 'I. gap>3% + green>=3 + clv>0.85')",4
C + D + G + I,522,52.2,0.5057471264367817,0.10246185613989067,0.6326530612244898,1.4364444444444446,-0.15800000000000003,"('C. gap>5% + green>=2 + clv>0.85', 'D. gap>5% + rk_clv>0.9 + ret_1d>5%', 'G. gap>10% + green>=2', 'I. gap>3% + green>=3 + clv>0.85')",4
G + H + I,395,39.5,0.4860759493670886,0.10232002991539647,0.6233062330623306,1.4364444444444446,-0.15800000000000003,"('G. gap>10% + green>=2', 'H. gap>5% + green>=3 + clv>0.7', 'I. gap>3% + green>=3 + clv>0.85')",3
A + G + H + I,395,39.5,0.4860759493670886,0.10232002991539647,0.6233062330623306,1.4364444444444446,-0.15800000000000003,"('A. gap>10% + green>=2 + clv>0.85', 'G. gap>10% + green>=2', 'H. gap>5% + green>=3 + clv>0.7', 'I. gap>3% + green>=3 + clv>0.85')",4
A + C + I + J,501,50.1,0.5249500998003992,0.10223385397361545,0.6195426195426196,1.4364444444444446,-0.15800000000000003,"('A. gap>10% + green>=2 + clv>0.85', 'C. gap>5% + green>=2 + clv>0.85', 'I. gap>3% + green>=3 + clv>0.85', 'J. gap>3% + rk_clv>0.85 + vol_trend>1.0')",4
C + I + J,501,50.1,0.5249500998003992,0.10223385397361545,0.6195426195426196,1.4364444444444446,-0.15800000000000003,"('C. gap>5% + green>=2 + clv>0.85', 'I. gap>3% + green>=3 + clv>0.85', 'J. gap>3% + rk_clv>0.85 + vol_trend>1.0')",3
C + E + G + I,486,48.6,0.5041152263374485,0.10212523076174823,0.6301969365426696,1.4364444444444446,-0.15800000000000003,"('C. gap>5% + green>=2 + clv>0.85', 'E. gap>7% + body>5% + clv>0.85', 'G. gap>10% + green>=2', 'I. gap>3% + green>=3 + clv>0.85')",4
B + C + I + J,502,50.2,0.5239043824701195,0.10208726518751196,0.6203319502074689,1.4364444444444446,-0.15800000000000003,"('B. gap>7% + green>=2 + clv>0.8', 'C. gap>5% + green>=2 + clv>0.85', 'I. gap>3% + green>=3 + clv>0.85', 'J. gap>3% + rk_clv>0.85 + vol_trend>1.0')",4
A + C + H + J,493,49.3,0.5294117647058824,0.10167172333030522,0.6179540709812108,1.4364444444444446,-0.15800000000000003,"('A. gap>10% + green>=2 + clv>0.85', 'C. gap>5% + green>=2 + clv>0.85', 'H. gap>5% + green>=3 + clv>0.7', 'J. gap>3% + rk_clv>0.85 + vol_trend>1.0')",4
C + H + J,493,49.3,0.5294117647058824,0.10167172333030522,0.6179540709812108,1.4364444444444446,-0.15800000000000003,"('C. gap>5% + green>=2 + clv>0.85', 'H. gap>5% + green>=3 + clv>0.7', 'J. gap>3% + rk_clv>0.85 + vol_trend>1.0')",3
B + C + H + J,493,49.3,0.5294117647058824,0.10167172333030522,0.6179540709812108,1.4364444444444446,-0.15800000000000003,"('B. gap>7% + green>=2 + clv>0.8', 'C. gap>5% + green>=2 + clv>0.85', 'H. gap>5% + green>=3 + clv>0.7', 'J. gap>3% + rk_clv>0.85 + vol_trend>1.0')",4
E + H + I + J,491,49.1,0.5274949083503055,0.10165371570200668,0.6236786469344608,1.4364444444444446,-0.15800000000000003,"('E. gap>7% + body>5% + clv>0.85', 'H. gap>5% + green>=3 + clv>0.7', 'I. gap>3% + green>=3 + clv>0.85', 'J. gap>3% + rk_clv>0.85 + vol_trend>1.0')",4
C + H + I + J,517,51.7,0.5183752417794971,0.10028987465306761,0.6156941649899397,1.4364444444444446,-0.15800000000000003,"('C. gap>5% + green>=2 + clv>0.85', 'H. gap>5% + green>=3 + clv>0.7', 'I. gap>3% + green>=3 + clv>0.85', 'J. gap>3% + rk_clv>0.85 + vol_trend>1.0')",4
A + C + G,411,41.1,0.5036496350364964,0.09979025423999054,0.6246786632390745,1.4364444444444446,-0.15800000000000003,"('A. gap>10% + green>=2 + clv>0.85', 'C. gap>5% + green>=2 + clv>0.85', 'G. gap>10% + green>=2')",3
C + G,411,41.1,0.5036496350364964,0.09979025423999054,0.6246786632390745,1.4364444444444446,-0.15800000000000003,"('C. gap>5% + green>=2 + clv>0.85', 'G. gap>10% + green>=2')",2
B + C + G,411,41.1,0.5036496350364964,0.09979025423999054,0.6246786632390745,1.4364444444444446,-0.15800000000000003,"('B. gap>7% + green>=2 + clv>0.8', 'C. gap>5% + green>=2 + clv>0.85', 'G. gap>10% + green>=2')",3
A + B + C + G,411,41.1,0.5036496350364964,0.09979025423999054,0.6246786632390745,1.4364444444444446,-0.15800000000000003,"('A. gap>10% + green>=2 + clv>0.85', 'B. gap>7% + green>=2 + clv>0.8', 'C. gap>5% + green>=2 + clv>0.85', 'G. gap>10% + green>=2')",4
I + J,454,45.4,0.5176211453744494,0.09954353783146448,0.6146788990825688,1.4364444444444446,-0.15800000000000003,"('I. gap>3% + green>=3 + clv>0.85', 'J. gap>3% + rk_clv>0.85 + vol_trend>1.0')",2
H + I,163,16.3,0.5214723926380368,0.09898036143290805,0.6,0.9269315068493151,-0.15773262032085567,"('H. gap>5% + green>=3 + clv>0.7', 'I. gap>3% + green>=3 + clv>0.85')",2
H + J,446,44.6,0.5224215246636771,0.09891072398254763,0.6129032258064516,1.4364444444444446,-0.15800000000000003,"('H. gap>5% + green>=3 + clv>0.7', 'J. gap>3% + rk_clv>0.85 + vol_trend>1.0')",2
C + G + H,424,42.4,0.49764150943396224,0.09787672388674594,0.6194029850746269,1.4364444444444446,-0.15800000000000003,"('C. gap>5% + green>=2 + clv>0.85', 'G. gap>10% + green>=2', 'H. gap>5% + green>=3 + clv>0.7')",3
B + C + G + H,424,42.4,0.49764150943396224,0.09787672388674594,0.6194029850746269,1.4364444444444446,-0.15800000000000003,"('B. gap>7% + green>=2 + clv>0.8', 'C. gap>5% + green>=2 + clv>0.85', 'G. gap>10% + green>=2', 'H. gap>5% + green>=3 + clv>0.7')",4
A + C + G + H,424,42.4,0.49764150943396224,0.09787672388674594,0.6194029850746269,1.4364444444444446,-0.15800000000000003,"('A. gap>10% + green>=2 + clv>0.85', 'C. gap>5% + green>=2 + clv>0.85', 'G. gap>10% + green>=2', 'H. gap>5% + green>=3 + clv>0.7')",4
A + C + G + I,459,45.9,0.485838779956427,0.09765888928847467,0.6162790697674418,1.4364444444444446,-0.15800000000000003,"('A. gap>10% + green>=2 + clv>0.85', 'C. gap>5% + green>=2 + clv>0.85', 'G. gap>10% + green>=2', 'I. gap>3% + green>=3 + clv>0.85')",4
B + C + G + I,459,45.9,0.485838779956427,0.09765888928847467,0.6162790697674418,1.4364444444444446,-0.15800000000000003,"('B. gap>7% + green>=2 + clv>0.8', 'C. gap>5% + green>=2 + clv>0.85', 'G. gap>10% + green>=2', 'I. gap>3% + green>=3 + clv>0.85')",4
C + G + I,459,45.9,0.485838779956427,0.09765888928847467,0.6162790697674418,1.4364444444444446,-0.15800000000000003,"('C. gap>5% + green>=2 + clv>0.85', 'G. gap>10% + green>=2', 'I. gap>3% + green>=3 + clv>0.85')",3
H + I + J,470,47.0,0.5106382978723404,0.09750125317651344,0.6106194690265486,1.4364444444444446,-0.15800000000000003,"('H. gap>5% + green>=3 + clv>0.7', 'I. gap>3% + green>=3 + clv>0.85', 'J. gap>3% + rk_clv>0.85 + vol_trend>1.0')",3
C + G + H + I,472,47.2,0.4809322033898305,0.09598500337959287,0.6117381489841986,1.4364444444444446,-0.15800000000000003,"('C. gap>5% + green>=2 + clv>0.85', 'G. gap>10% + green>=2', 'H. gap>5% + green>=3 + clv>0.7', 'I. gap>3% + green>=3 + clv>0.85')",4
D + F + G + J,621,62.1,0.48792270531400966,0.09499668843424111,0.6168067226890757,1.4364444444444446,-0.15800000000000003,"('D. gap>5% + rk_clv>0.9 + ret_1d>5%', 'F. gap>10% + clv>0.85', 'G. gap>10% + green>=2', 'J. gap>3% + rk_clv>0.85 + vol_trend>1.0')",4
A + D + G + J,617,61.7,0.4862236628849271,0.09414549914867269,0.6159052453468697,1.4364444444444446,-0.15800000000000003,"('A. gap>10% + green>=2 + clv>0.85', 'D. gap>5% + rk_clv>0.9 + ret_1d>5%', 'G. gap>10% + green>=2', 'J. gap>3% + rk_clv>0.85 + vol_trend>1.0')",4
D + G + J,617,61.7,0.4862236628849271,0.09414549914867269,0.6159052453468697,1.4364444444444446,-0.15800000000000003,"('D. gap>5% + rk_clv>0.9 + ret_1d>5%', 'G. gap>10% + green>=2', 'J. gap>3% + rk_clv>0.85 + vol_trend>1.0')",3
F + G + J,608,60.8,0.4819078947368421,0.0939877581195354,0.614065180102916,1.4364444444444446,-0.15800000000000003,"('F. gap>10% + clv>0.85', 'G. gap>10% + green>=2', 'J. gap>3% + rk_clv>0.85 + vol_trend>1.0')",3
A + F + G + J,608,60.8,0.4819078947368421,0.0939877581195354,0.614065180102916,1.4364444444444446,-0.15800000000000003,"('A. gap>10% + green>=2 + clv>0.85', 'F. gap>10% + clv>0.85', 'G. gap>10% + green>=2', 'J. gap>3% + rk_clv>0.85 + vol_trend>1.0')",4
E + F + G + J,622,62.2,0.4855305466237942,0.09351763132312321,0.6124161073825504,1.4364444444444446,-0.15800000000000003,"('E. gap>7% + body>5% + clv>0.85', 'F. gap>10% + clv>0.85', 'G. gap>10% + green>=2', 'J. gap>3% + rk_clv>0.85 + vol_trend>1.0')",4
D + E + G + J,624,62.4,0.4855769230769231,0.09338671508327756,0.6130653266331658,1.4364444444444446,-0.15800000000000003,"('D. gap>5% + rk_clv>0.9 + ret_1d>5%', 'E. gap>7% + body>5% + clv>0.85', 'G. gap>10% + green>=2', 'J. gap>3% + rk_clv>0.85 + vol_trend>1.0')",4
B + F + G + J,622,62.2,0.48231511254019294,0.09298400172764543,0.610738255033557,1.4364444444444446,-0.15800000000000003,"('B. gap>7% + green>=2 + clv>0.8', 'F. gap>10% + clv>0.85', 'G. gap>10% + green>=2', 'J. gap>3% + rk_clv>0.85 + vol_trend>1.0')",4
B + D + G + J,624,62.4,0.4823717948717949,0.09293057620860928,0.6113902847571189,1.4364444444444446,-0.15800000000000003,"('B. gap>7% + green>=2 + clv>0.8', 'D. gap>5% + rk_clv>0.9 + ret_1d>5%', 'G. gap>10% + green>=2', 'J. gap>3% + rk_clv>0.85 + vol_trend>1.0')",4
E + G + J,614,61.4,0.48534201954397393,0.09264601315227926,0.611864406779661,1.4364444444444446,-0.15800000000000003,"('E. gap>7% + body>5% + clv>0.85', 'G. gap>10% + green>=2', 'J. gap>3% + rk_clv>0.85 + vol_trend>1.0')",3
A + E + G + J,614,61.4,0.48534201954397393,0.09264601315227926,0.611864406779661,1.4364444444444446,-0.15800000000000003,"('A. gap>10% + green>=2 + clv>0.85', 'E. gap>7% + body>5% + clv>0.85', 'G. gap>10% + green>=2', 'J. gap>3% + rk_clv>0.85 + vol_trend>1.0')",4
B + E + G + J,616,61.6,0.4837662337662338,0.09232920542434753,0.6114864864864865,1.4364444444444446,-0.15800000000000003,"('B. gap>7% + green>=2 + clv>0.8', 'E. gap>7% + body>5% + clv>0.85', 'G. gap>10% + green>=2', 'J. gap>3% + rk_clv>0.85 + vol_trend>1.0')",4
F + G + I + J,644,64.4,0.47360248447204967,0.09212743432503079,0.6062091503267973,1.4364444444444446,-0.15800000000000003,"('F. gap>10% + clv>0.85', 'G. gap>10% + green>=2', 'I. gap>3% + green>=3 + clv>0.85', 'J. gap>3% + rk_clv>0.85 + vol_trend>1.0')",4
F + G + H + J,632,63.2,0.4778481012658228,0.09203747802421777,0.6056105610561056,1.4364444444444446,-0.15800000000000003,"('F. gap>10% + clv>0.85', 'G. gap>10% + green>=2', 'H. gap>5% + green>=3 + clv>0.7', 'J. gap>3% + rk_clv>0.85 + vol_trend>1.0')",4
A + G + J,596,59.6,0.47818791946308725,0.09198213377513564,0.6108202443280978,1.4364444444444446,-0.15800000000000003,"('A. gap>10% + green>=2 + clv>0.85', 'G. gap>10% + green>=2', 'J. gap>3% + rk_clv>0.85 + vol_trend>1.0')",3
G + J,596,59.6,0.47818791946308725,0.09198213377513564,0.6108202443280978,1.4364444444444446,-0.15800000000000003,"('G. gap>10% + green>=2', 'J. gap>3% + rk_clv>0.85 + vol_trend>1.0')",2
D + G + I + J,649,64.9,0.4745762711864407,0.09176578119638208,0.6071428571428571,1.4364444444444446,-0.15800000000000003,"('D. gap>5% + rk_clv>0.9 + ret_1d>5%', 'G. gap>10% + green>=2', 'I. gap>3% + green>=3 + clv>0.85', 'J. gap>3% + rk_clv>0.85 + vol_trend>1.0')",4
E + G + I + J,644,64.4,0.4767080745341615,0.0916908137576711,0.6074918566775245,1.4364444444444446,-0.15800000000000003,"('E. gap>7% + body>5% + clv>0.85', 'G. gap>10% + green>=2', 'I. gap>3% + green>=3 + clv>0.85', 'J. gap>3% + rk_clv>0.85 + vol_trend>1.0')",4
D + G + H + J,637,63.7,0.478806907378336,0.09167285752906311,0.6065573770491803,1.4364444444444446,-0.15800000000000003,"('D. gap>5% + rk_clv>0.9 + ret_1d>5%', 'G. gap>10% + green>=2', 'H. gap>5% + green>=3 + clv>0.7', 'J. gap>3% + rk_clv>0.85 + vol_trend>1.0')",4
E + G + H + J,632,63.2,0.4810126582278481,0.09159684461014339,0.6069078947368421,1.4364444444444446,-0.15800000000000003,"('E. gap>7% + body>5% + clv>0.85', 'G. gap>10% + green>=2', 'H. gap>5% + green>=3 + clv>0.7', 'J. gap>3% + rk_clv>0.85 + vol_trend>1.0')",4
A + B + G + J,610,61.0,0.4786885245901639,0.0910057418074066,0.6075085324232082,1.4364444444444446,-0.15800000000000003,"('A. gap>10% + green>=2 + clv>0.85', 'B. gap>7% + green>=2 + clv>0.8', 'G. gap>10% + green>=2', 'J. gap>3% + rk_clv>0.85 + vol_trend>1.0')",4
B + G + J,610,61.0,0.4786885245901639,0.0910057418074066,0.6075085324232082,1.4364444444444446,-0.15800000000000003,"('B. gap>7% + green>=2 + clv>0.8', 'G. gap>10% + green>=2', 'J. gap>3% + rk_clv>0.85 + vol_trend>1.0')",3
C + F + G + J,642,64.2,0.4735202492211838,0.09082593805118547,0.6,1.4364444444444446,-0.15800000000000003,"('C. gap>5% + green>=2 + clv>0.85', 'F. gap>10% + clv>0.85', 'G. gap>10% + green>=2', 'J. gap>3% + rk_clv>0.85 + vol_trend>1.0')",4
B + G + I + J,639,63.9,0.47104851330203446,0.09033306752868159,0.6042692939244664,1.4364444444444446,-0.15800000000000003,"('B. gap>7% + green>=2 + clv>0.8', 'G. gap>10% + green>=2', 'I. gap>3% + green>=3 + clv>0.85', 'J. gap>3% + rk_clv>0.85 + vol_trend>1.0')",4
B + G + H + J,627,62.7,0.47527910685805425,0.09022480928809987,0.603648424543947,1.4364444444444446,-0.15800000000000003,"('B. gap>7% + green>=2 + clv>0.8', 'G. gap>10% + green>=2', 'H. gap>5% + green>=3 + clv>0.7', 'J. gap>3% + rk_clv>0.85 + vol_trend>1.0')",4
A + G + I + J,632,63.2,0.4699367088607595,0.09018752404714692,0.6029900332225914,1.4364444444444446,-0.15800000000000003,"('A. gap>10% + green>=2 + clv>0.85', 'G. gap>10% + green>=2', 'I. gap>3% + green>=3 + clv>0.85', 'J. gap>3% + rk_clv>0.85 + vol_trend>1.0')",4
G + I + J,632,63.2,0.4699367088607595,0.09018752404714692,0.6029900332225914,1.4364444444444446,-0.15800000000000003,"('G. gap>10% + green>=2', 'I. gap>3% + green>=3 + clv>0.85', 'J. gap>3% + rk_clv>0.85 + vol_trend>1.0')",3
C + E + G + J,636,63.6,0.4748427672955975,0.09017737558595111,0.6006546644844517,1.4364444444444446,-0.15800000000000003,"('C. gap>5% + green>=2 + clv>0.85', 'E. gap>7% + body>5% + clv>0.85', 'G. gap>10% + green>=2', 'J. gap>3% + rk_clv>0.85 + vol_trend>1.0')",4
C + D + G + J,642,64.2,0.4719626168224299,0.09009761897846488,0.5993485342019544,1.4364444444444446,-0.15800000000000003,"('C. gap>5% + green>=2 + clv>0.85', 'D. gap>5% + rk_clv>0.9 + ret_1d>5%', 'G. gap>10% + green>=2', 'J. gap>3% + rk_clv>0.85 + vol_trend>1.0')",4
G + H + J,620,62.0,0.47419354838709676,0.09007652911432815,0.6023489932885906,1.4364444444444446,-0.15800000000000003,"('G. gap>10% + green>=2', 'H. gap>5% + green>=3 + clv>0.7', 'J. gap>3% + rk_clv>0.85 + vol_trend>1.0')",3
A + G + H + J,620,62.0,0.47419354838709676,0.09007652911432815,0.6023489932885906,1.4364444444444446,-0.15800000000000003,"('A. gap>10% + green>=2 + clv>0.85', 'G. gap>10% + green>=2', 'H. gap>5% + green>=3 + clv>0.7', 'J. gap>3% + rk_clv>0.85 + vol_trend>1.0')",4
G + H + I + J,644,64.4,0.4673913043478261,0.08929792113924752,0.6009771986970684,1.4364444444444446,-0.15800000000000003,"('G. gap>10% + green>=2', 'H. gap>5% + green>=3 + clv>0.7', 'I. gap>3% + green>=3 + clv>0.85', 'J. gap>3% + rk_clv>0.85 + vol_trend>1.0')",4
A + C + G + J,630,63.0,0.46984126984126984,0.0888741348280044,0.596694214876033,1.4364444444444446,-0.15800000000000003,"('A. gap>10% + green>=2 + clv>0.85', 'C. gap>5% + green>=2 + clv>0.85', 'G. gap>10% + green>=2', 'J. gap>3% + rk_clv>0.85 + vol_trend>1.0')",4
C + G + J,630,63.0,0.46984126984126984,0.0888741348280044,0.596694214876033,1.4364444444444446,-0.15800000000000003,"('C. gap>5% + green>=2 + clv>0.85', 'G. gap>10% + green>=2', 'J. gap>3% + rk_clv>0.85 + vol_trend>1.0')",3
B + C + G + J,630,63.0,0.46984126984126984,0.0888741348280044,0.596694214876033,1.4364444444444446,-0.15800000000000003,"('B. gap>7% + green>=2 + clv>0.8', 'C. gap>5% + green>=2 + clv>0.85', 'G. gap>10% + green>=2', 'J. gap>3% + rk_clv>0.85 + vol_trend>1.0')",4
C + G + I + J,654,65.4,0.463302752293578,0.08814151492504184,0.5955056179775281,1.4364444444444446,-0.15800000000000003,"('C. gap>5% + green>=2 + clv>0.85', 'G. gap>10% + green>=2', 'I. gap>3% + green>=3 + clv>0.85', 'J. gap>3% + rk_clv>0.85 + vol_trend>1.0')",4
C + G + H + J,642,64.2,0.4672897196261682,0.08801440141662593,0.5948136142625607,1.4364444444444446,-0.15800000000000003,"('C. gap>5% + green>=2 + clv>0.85', 'G. gap>10% + green>=2', 'H. gap>5% + green>=3 + clv>0.7', 'J. gap>3% + rk_clv>0.85 + vol_trend>1.0')",4
