fitur,arah,threshold,n,hit,prec,lift
ret_1d,>,0.15,178,84,0.47191011235955055,8.02521238695533
gap,>,0.15,45,21,0.4666666666666667,7.9360433604336045
ret_5d,>,0.3,220,82,0.37272727272727274,6.338528138528139
gap,>,0.1,76,27,0.35526315789473684,6.041536768751146
ret_1d,>,0.1,311,100,0.3215434083601286,5.468105209301979
ret_5d,>,0.2,402,128,0.31840796019900497,5.414784382385402
ret_1d,>,0.08,418,116,0.27751196172248804,4.7193149170042625
gap,>,0.07,127,35,0.2755905511811024,4.686639779783625
px_vs_sma20,>,0.2,579,155,0.26770293609671847,4.552504518383452
range,>,0.2,335,89,0.2656716417910448,4.51796071905282
ret_5d,>,0.15,623,159,0.2552166934189406,4.340165882741148
body,>,0.1,492,121,0.2459349593495935,4.182322502667535
range,>,0.15,812,197,0.24261083743842365,4.1257931263337975
gap,>,0.05,215,51,0.2372093023255814,4.033935661615753
body,>,0.08,734,162,0.22070844686648503,3.7533252950279605
ret_1d_L1,>,0.08,444,95,0.21396396396396397,3.6386299191177245
ret_5d,>,0.1,1043,212,0.20325982742090123,3.456597436813979
vol_ratio_20,>,5.0,419,85,0.20286396181384247,3.449865422622859
ret_1d,>,0.05,780,157,0.2012820512820513,3.422963757110099
ret_20d,>,0.3,990,198,0.2,3.4011614401858306
gap_L1,>,0.05,197,39,0.19796954314720813,3.3666318824174466
range,>,0.1,1793,345,0.192414947016174,3.272171491534053
gap,>,0.03,464,87,0.1875,3.188588850174216
px_vs_sma20,>,0.1,1505,280,0.18604651162790697,3.16387110714961
vol_z_20,>,3.0,496,86,0.17338709677419356,2.9485875388707807
vol_ratio_20,>,3.0,848,147,0.1733490566037736,2.947940635066728
body,>,0.05,1655,286,0.172809667673716,2.9387678909158534
rsi_14,>,85.0,301,51,0.16943521594684385,2.8813826154398234
vol_ratio_5,>,3.0,485,80,0.16494845360824742,2.805081600153262
ret_20d,>,0.2,1668,274,0.1642685851318945,2.793519887922415
range,>,0.08,2664,426,0.15990990990990991,2.7193970974458783
gap,>,0.02,877,137,0.15621436716077536,2.6565514099513043
ret_1d_L1,>,0.05,826,129,0.15617433414043583,2.655870616125739
rsi_14,>,80.0,614,95,0.15472312703583063,2.631191667896205
gap_L1,>,0.03,417,63,0.1510791366906475,2.5692226706439727
vol_z_20,>,2.0,925,134,0.14486486486486486,2.4635439620805473
ret_1d_L2,>,0.05,810,115,0.1419753086419753,2.4144047260578425
vol_ratio_20,>,2.0,1536,216,0.140625,2.391441637630662
ret_5d,>,0.05,2173,286,0.1316152784169351,2.23822404945501
vol_ratio_5,>,2.0,1203,156,0.12967581047381546,2.205241831541935
gap_L1,>,0.02,804,104,0.12935323383084577,2.1997561553440694
px_vs_sma20,>,0.05,2835,363,0.12804232804232804,2.177463144245955
mfi_14,>,80.0,2449,308,0.12576561861984484,2.138745862754667
rsi_14,>,70.0,1839,226,0.12289287656334964,2.089892565203909
ret_1d,>,0.02,2089,254,0.12158927716610819,2.0677238051871734
body,>,0.03,3541,417,0.11776334368822367,2.0026607180986886
vol_ratio_20,>,1.5,2360,274,0.11610169491525424,1.9744030394299101
vol_z_20,>,1.0,1777,203,0.11423747889701745,1.9427005412428915
ret_20d,>,0.1,3327,376,0.11301472798316801,1.921906674947208
range,>,0.05,5580,608,0.10896057347670252,1.8529625050474776
vol_ratio_5,>,1.5,2241,233,0.10397144132083891,1.7681182855049051
px_vs_sma20,>,0.02,4589,452,0.09849640444541294,1.6750108639834336
ret_1d_L1,>,0.02,2183,210,0.0961978928080623,1.6359228182295567
rsi_14,>,60.0,4003,383,0.09567824131901075,1.62708572519507
mfi_14,>,70.0,5036,481,0.09551231135822082,1.624263952273019
ret_1d_L2,>,0.02,2143,204,0.09519365375641624,1.6188449225336197
ret_20d,>,0.05,5084,466,0.09166011014948859,1.5587541612181324
mfi_14,>,60.0,7514,602,0.08011711471919085,1.3624562064092827
clv,>,0.95,1306,103,0.07886676875957122,1.3411930640855305
clv,>,0.9,1429,110,0.07697690692792163,1.3090544381401028
clv,>,0.85,1737,132,0.07599309153713299,1.2923238632830445
clv,>,0.8,2000,148,0.074,1.2584297328687573
clv,>,0.7,3030,198,0.06534653465346535,1.1112705695656675
clv_L1,>,0.9,1509,81,0.0536779324055666,0.9128365694335728
clv_L1,>,0.8,2073,106,0.05113362276893391,0.8695685302935312
clv_L1,>,0.85,1811,90,0.04969630038652678,0.8451257029727354
