fitur,percentile,threshold,n,prec,lift
fwd_ret_1d,0.99,0.15589361441353117,141,1.0,17.00580720092915
mfe_3d,0.99,0.36323785803237885,141,0.7021276595744681,11.940247609163022
mae_3d,0.99,0.007503392130257808,141,0.6879432624113475,11.699030485745586
mae_5d,0.99,0.005684784726281039,141,0.6312056737588653,10.73416199207585
fwd_ret_3d,0.99,0.24489743175577353,130,0.5538461538461539,9.41860091128384
mfe_5d,0.99,0.5187645441083164,141,0.5531914893617021,9.407467813279958
ret_1d,0.99,0.16610192837465584,147,0.5306122448979592,9.023489535186899
log_ret,0.99,0.15366633245846772,147,0.5306122448979592,9.023489535186899
ret_3d,0.99,0.2776526251526251,147,0.4965986394557823,8.445060718828763
fwd_ret_5d,0.99,0.3100313588850188,117,0.47863247863247865,8.139531651726774
ret_2d,0.99,0.2228075396825399,147,0.47619047619047616,8.098003429013882
mfe_10d,0.99,0.6422927689594361,141,0.4397163120567376,7.477730825940479
ret_to_high,0.99,0.24781031165833006,147,0.43537414965986393,7.403888849384121
px_vs_sma20,0.99,0.3847494348868912,147,0.40816326530612246,6.941145796297613
mfe_20d,0.99,0.757809330628804,141,0.3829787234042553,6.512862332270739
ret_5d,0.99,0.36330557022711607,147,0.3741496598639456,6.36271697993948
roc_5,0.99,0.36330557022711607,147,0.3741496598639456,6.36271697993948
dist_low_10,0.99,0.6223600000000006,147,0.3673469387755102,6.247031216667852
roc_10,0.99,0.5152736023206752,147,0.35374149659863946,6.015659690124599
body,0.99,0.16307071665875658,147,0.35374149659863946,6.015659690124599
ret_10d,0.99,0.5152736023206752,147,0.35374149659863946,6.015659690124599
fwd_ret_10d,0.99,0.43209271376289,87,0.3333333333333333,5.668602400309718
ret_1d_L1,0.99,0.1651905640696461,147,0.3333333333333333,5.668602400309718
bb_pos,0.99,1.298366633560937,146,0.3287671232876712,5.5909503126342415
bb_width,0.99,1.0039429643047597,147,0.30612244897959184,5.20585934722321
ret_20d,0.99,0.8460833333333339,147,0.30612244897959184,5.20585934722321
roc_20,0.99,0.8460833333333339,147,0.30612244897959184,5.20585934722321
px_vs_sma50,0.99,0.6334839955946903,147,0.29931972789115646,5.090173583951583
hv_10,0.99,1.8808083371721647,147,0.2857142857142857,4.8588020574083295
ret_to_open,0.99,0.06505233494363942,147,0.2789115646258503,4.743116294136702
gap,0.99,0.06505233494363935,147,0.2789115646258503,4.743116294136702
range_L1,0.99,0.2465074925074926,147,0.2789115646258503,4.743116294136702
range,0.99,0.24468951194184843,147,0.272108843537415,4.627430530865076
value_ratio_20,0.99,9.600808315706196,147,0.272108843537415,4.627430530865076
dist_low_20,0.99,0.9145221386800338,147,0.272108843537415,4.627430530865076
atr_10_pct,0.99,0.16261278399290335,147,0.2653061224489796,4.5117447675934494
vol_ratio_20,0.99,9.167513643459808,147,0.2585034013605442,4.396059004321822
hv_20,0.99,1.5565420528684968,147,0.2585034013605442,4.396059004321822
atr_5_pct,0.99,0.18801408681408685,147,0.25170068027210885,4.280373241050195
px_vs_sma200,0.99,0.9134327591240978,146,0.2465753424657534,4.193212734475681
ret_1d_L2,0.99,0.1611626145874852,147,0.24489795918367346,4.164687477778568
atr_14_pct,0.99,0.15510984492481203,147,0.24489795918367346,4.164687477778568
plus_di_14,0.99,54.7571150097466,145,0.2413793103448276,4.104850014017382
mfi_14,0.99,95.3402930771663,145,0.2413793103448276,4.104850014017382
rsi_7,0.99,93.75,138,0.2391304347826087,4.066606069787406
atr_20_pct,0.99,0.14702011598405226,147,0.23809523809523808,4.049001714506941
gap_L1,0.99,0.05908061002178656,147,0.23809523809523808,4.049001714506941
mae_10d,0.95,-0.006756756756756799,699,0.23462088698140202,3.9899175693167113
dist_low_50,0.99,1.528534759358289,147,0.23129251700680273,3.9333159512353144
mae_20d,0.95,-0.012048192771084376,695,0.22158273381294963,3.7681932502778266
range_L2,0.99,0.24444444444444444,146,0.2191780821917808,3.727300208422828
freq_ratio_20,0.99,8.05936840796012,147,0.21768707482993196,3.7019444246920603
ret_1d_rank_pct,0.99,0.988795518207283,146,0.21232876712328766,3.6108220769096144
vol_ratio_50,0.99,12.412232012697759,147,0.2108843537414966,3.586258661420434
vol_ratio_5,0.99,4.145675236619925,147,0.2108843537414966,3.586258661420434
vol_z_20,0.99,4.04858496059945,147,0.2108843537414966,3.586258661420434
vol_accel_5,0.99,3.2255363116110565,147,0.2108843537414966,3.586258661420434
vol_ratio_10,0.99,6.499753607828191,147,0.2108843537414966,3.586258661420434
vol_ratio_20_L1,0.99,9.381376949223304,147,0.20408163265306123,3.4705728981488067
rsi_21,0.99,84.72222222222223,145,0.2,3.4011614401858306
rsi_14,0.99,88.63636363636364,144,0.18055555555555555,3.0704929668344305
range_L3,0.99,0.24280027739251042,147,0.17687074829931973,3.0078298450622993
BidVolume,0.99,19218251.000000015,147,0.17687074829931973,3.0078298450622993
Change,0.99,175.0,139,0.17266187050359713,2.936254480735969
rsi_14_L1,0.99,88.86530105524513,145,0.15862068965517243,2.6974728663542797
tr,0.99,505.90000000000146,147,0.1564625850340136,2.6607725552474184
vol_ratio_20_L2,0.99,9.323237545260145,147,0.1564625850340136,2.6607725552474184
ret_1d_L3,0.99,0.1632521008403366,147,0.1564625850340136,2.6607725552474184
rsi_14_L2,0.99,88.88888888888889,144,0.1527777777777778,2.5981094334752877
atr_5,0.99,518.3600000000006,147,0.14965986394557823,2.5450867919757916
macd_hist_accel,0.99,14.919931066759322,147,0.14965986394557823,2.5450867919757916
gap_L3,0.99,0.059296296296296305,147,0.14965986394557823,2.5450867919757916
vol_ratio_5_L2,0.99,4.209476039637979,147,0.14285714285714285,2.4294010287041647
fwd_ret_20d,0.95,0.16129032258064524,122,0.13934426229508196,2.3696616591458652
vol_ratio_5_L1,0.99,4.23914247643888,147,0.1360544217687075,2.313715265432538
consec_green,0.95,2.0,552,0.13405797101449277,2.2797640088202127
foreign_net_pct,0.99,0.0030520724421968406,147,0.1292517006802721,2.198029502160911
vol_ratio_20_L3,0.95,3.4879117816014875,733,0.12824010914051842,2.1808265714697685
donchian_pos,0.95,0.8848644161593802,727,0.1279229711141678,2.175433383337567
body_L2,0.9,0.09258188824662808,1465,0.12491467576791809,2.1242748926757917
body_L1,0.9,0.09138215210736986,1465,0.12491467576791809,2.1242748926757917
atr_10,0.99,495.0,146,0.1232876712328767,2.0966063672378406
stoch_k,0.95,88.23529411764706,714,0.12184873949579832,2.0721361715417874
macd_hist,0.9,5.066872544817414,1465,0.11945392491467577,2.0314104164932436
cmf_20,0.99,0.5039275867620192,144,0.11805555555555555,2.0076300167763583
atr_pct_rank_60,0.9,0.95,1346,0.11664190193164933,1.9835896957993142
gap_L2,0.95,0.02127659574468085,731,0.11354309165526676,1.9308919256868942
bb_width_pct_rank_60,0.9,0.95,1405,0.11174377224199289,1.90029304665187
minus_di_14,0.99,47.738563983786925,145,0.1103448275862069,1.876502863550803
vol_ratio_5_L3,0.99,4.215746335009193,147,0.10884353741496598,1.8509722123460302
body_L3,0.9,0.09138215210736986,1465,0.10784982935153584,1.8340734046053284
rsi_14_L3,0.99,88.88888888888889,143,0.1048951048951049,1.7838259301673938
atr_14,0.99,494.64285714285717,146,0.0958904109589041,1.6306938411849872
macd,0.99,347.3967655389918,147,0.09523809523809523,1.6196006858027763
ad_slope_10,0.95,92241218.65301368,713,0.09256661991584852,1.5741700915306087
dist_high_10,0.95,-0.00819672131147541,727,0.08665749656121045,1.473680679035126
adx_14,0.95,75.83844550589811,724,0.0856353591160221,1.4562984067094027
dist_high_20,0.95,-0.012048192771084338,732,0.08469945355191257,1.440382577127879
dist_high_50,0.95,-0.020114942528735632,732,0.08469945355191257,1.440382577127879
foreign_net,0.9,2006469.999999999,1465,0.08191126279863481,1.392967142738224
stoch_d,0.9,77.77828652828654,1447,0.08154803040774015,1.386790082729537
volume,0.9,74714789.99999999,1465,0.07781569965870307,1.3233187856013129
clv,0.9,0.9,1429,0.07697690692792163,1.3090544381401028
atr_20,0.99,447.4375000000009,147,0.07482993197278912,1.2725433959878958
upper_wick,0.95,0.75,632,0.07436708860759493,1.2646723709551742
consec_red,0.9,3.0,851,0.07285546415981199,1.2389659770359667
macd_signal,0.95,80.09789216860247,733,0.0723055934515689,1.2296149817861461
vol_ma5,0.95,165117394.99999994,733,0.0723055934515689,1.2296149817861461
frequency,0.8,3557.600000000002,2929,0.0706725844998293,1.201844346395471
obv,0.8,827782080.0000006,2929,0.06896551724137931,1.172814289719252
vol_ma10,0.8,40317946.0,2929,0.06486855582109935,1.103142153696326
foreign_buy_streak_5,0.95,4.0,550,0.06363636363636363,1.0821877309682186
ad_line,0.99,1503350527.7946343,144,0.0625,1.062862950058072
clv_L2,0.9,0.9230769230769231,1424,0.059691011235955056,1.0150938287071474
foreign_buy,0.8,4456860.000000002,2929,0.05667463298053943,0.9637978816504743
vol_ma20,0.8,41421012.00000001,2929,0.05462615227039946,0.9289618136390114
clv_L1,0.9,0.9259259259259259,1431,0.05380852550663871,0.9150574105321766
clv_L3,0.8,0.75,2681,0.05371130175307721,0.913404042123759
vol_ma50,0.8,39226086.80000001,2929,0.05121201775349949,0.8709017002865732
lower_wick,0.8,0.5,2511,0.050975706889685383,0.8668830432970656
value,0.8,14080791840.000017,2929,0.050870604301809494,0.8650956889513294
sma_100,0.99,9390.065,146,0.04794520547945205,0.8153469205924936
close_to_high_ratio,0.8,0.9920634920634921,2924,0.047879616963064295,0.8142315349282084
NonRegularVolume,0.99,53093898.56000004,147,0.047619047619047616,0.8098003429013881
NonRegularValue,0.9,64038159.999999985,1465,0.04505119453924915,0.7661319285060233
foreign_sell,0.8,4904360.000000001,2929,0.044725162171389554,0.7605874849169406
donchian_high_20,0.99,9700.0,137,0.043795620437956206,0.7447798774129556
supertrend_upper,0.9,2542.699999999999,1465,0.041638225255972695,0.7080916308919306
high,0.99,8975.0,146,0.0410958904109589,0.6988687890792802
close,0.99,8800.0,146,0.0410958904109589,0.6988687890792802
Bid,0.99,8800.0,146,0.0410958904109589,0.6988687890792802
ema_100,0.99,10213.297055119821,146,0.0410958904109589,0.6988687890792802
low,0.99,8700.0,146,0.0410958904109589,0.6988687890792802
open,0.99,8839.750000000004,147,0.04081632653061224,0.6941145796297613
bb_upper,0.99,9632.98967569621,147,0.04081632653061224,0.6941145796297613
supertrend_lower,0.99,8371.925000000001,147,0.04081632653061224,0.6941145796297613
ema_50,0.99,8542.747492821534,147,0.04081632653061224,0.6941145796297613
sma_10,0.99,8868.400000000001,147,0.04081632653061224,0.6941145796297613
ema_10,0.99,8794.113624121881,147,0.04081632653061224,0.6941145796297613
FirstTrade,0.99,8839.750000000004,147,0.04081632653061224,0.6941145796297613
Offer,0.99,8814.750000000004,147,0.04081632653061224,0.6941145796297613
ema_5,0.99,8848.447939760235,147,0.04081632653061224,0.6941145796297613
sma_5,0.99,8901.550000000007,147,0.04081632653061224,0.6941145796297613
prev_close,0.99,8814.750000000004,147,0.04081632653061224,0.6941145796297613
ema_20,0.99,8710.446797032791,147,0.04081632653061224,0.6941145796297613
OfferVolume,0.8,603580.0000000001,2929,0.038579720040969614,0.6560792808825519
sma_20,0.99,8754.237500000003,147,0.034013605442176874,0.5784288163581345
sma_50,0.99,8483.565,147,0.034013605442176874,0.5784288163581345
NonRegularFrequency,0.9,1.0,1220,0.03278688524590164,0.5575674492107919
sma_200,0.8,1152.9687344913152,2902,0.030323914541695383,0.5156826442735236
ema_200,0.8,1164.9907067966542,2902,0.02929014472777395,0.4981025541278353
bb_lower,0.8,927.6537300730809,2929,0.027654489586889725,0.47028691815474954
donchian_low_20,0.9,1900.0,1454,0.027510316368638238,0.4678351362016273
avg_trade_size,0.8,5066043.617959919,2929,0.02526459542505975,0.42964483880804283
WeightForIndex,0.95,15368357644.0,731,0.024623803009575923,0.4187476465345072
listed_shares,0.8,16948598299.400309,2929,0.016729259132809832,0.28449455542694724
tradeable_shares,0.95,61953555600.0,722,0.01662049861495845,0.2826449950292934
