kode,close,value,ret_1d,ret_5d,range,vol_z_20,px_vs_sma20,match
MBSS,4400.0,70610311000.0,0.21212121212121215,0.5224913494809689,0.2431818181818182,2.607296894921622,0.4647137150466045,AB
CSMI,412.0,60412693200.0,0.24096385542168686,1.1347150259067358,0.1796116504854369,0.7129537758655319,0.8205921343349535,A
PKPK,6800.0,55485582500.0,0.16239316239316248,0.15254237288135597,0.23161764705882354,2.354112033311365,0.34069400630914826,A
MITI,350.0,43922008600.0,0.25,0.33587786259541974,0.17142857142857143,3.150020915128975,0.2811127379209371,AB
KDTN,530.0,21390178200.0,0.244131455399061,0.3184079601990051,0.19245283018867926,3.6260506048091465,0.3289869608826479,AB
PPRI,186.0,13509474100.0,0.34782608695652173,0.28275862068965507,0.25806451612903225,2.3158571271809234,0.13069908814589665,B
STRK,61.0,3629961300.0,0.17307692307692313,0.326086956521739,0.19672131147540983,2.2324497532928658,0.03127641589180053,B
ROCK,3700.0,3590373000.0,0.25,0.6299559471365639,0.2972972972972973,2.0000552297012817,0.6982214572576019,AB
PGLI,332.0,2922911800.0,0.24812030075187974,0.5809523809523809,0.18072289156626506,2.1651379630080934,0.5121840127533591,AB
AIMS,825.0,2850756000.0,0.1619718309859155,0.8333333333333333,0.20606060606060606,1.0174944341551238,0.542632759910247,A
SOTS,630.0,1070015000.0,0.24752475247524752,0.2650602409638554,0.20634920634920634,3.435981913057876,0.10584518167456547,B
IFSH,1655.0,400665500.0,0.24905660377358485,0.32400000000000007,0.1903323262839879,1.0133835438676297,0.4227380184826993,A
