kode,close,value,ret_1d,ret_5d,px_vs_sma20,rk_turnover,match
SRSN,143.0,78812280800.0,0.08333333333333326,0.23275862068965525,0.2072604474461798,0.9971949509116409,V
MBSS,4400.0,70610311000.0,0.21212121212121215,0.5224913494809689,0.4647137150466045,0.9130434782608695,AT
CSMI,412.0,60412693200.0,0.24096385542168686,1.1347150259067358,0.8205921343349535,1.0,AT
PKPK,6800.0,55485582500.0,0.16239316239316248,0.15254237288135597,0.34069400630914826,0.8892005610098177,A
MITI,350.0,43922008600.0,0.25,0.33587786259541974,0.2811127379209371,0.9775596072931276,AT
MUTU,136.0,36625403500.0,0.1428571428571428,0.16239316239316248,0.0763751483973091,0.9943899018232819,V
SEMA,472.0,23088121000.0,0.004255319148936065,0.4303030303030304,1.002970507107999,0.9803646563814866,V
KDTN,530.0,21390178200.0,0.244131455399061,0.3184079601990051,0.3289869608826479,0.9789621318373072,AT
SMLE,308.0,20920228600.0,0.019867549668874274,0.23199999999999998,0.30563798219584565,0.97054698457223,V
MPIX,224.0,11100419000.0,0.16666666666666674,0.12562814070351758,0.2619718309859155,0.9747545582047685,T
DEWI,260.0,8025760600.0,0.05691056910569103,0.1711711711711712,0.3068610203568737,0.9453015427769986,V
CCSI,428.0,6842222000.0,0.07000000000000006,0.32098765432098775,0.1340752517223106,0.9270687237026648,V
ROCK,3700.0,3590373000.0,0.25,0.6299559471365639,0.6982214572576019,0.5301542776998598,A
DEFI,91.0,3366045000.0,0.022471910112359605,0.18181818181818188,-0.10784313725490197,0.9845722300140253,V
PGLI,332.0,2922911800.0,0.24812030075187974,0.5809523809523809,0.5121840127533591,0.9495091164095372,AT
AIMS,825.0,2850756000.0,0.1619718309859155,0.8333333333333333,0.542632759910247,0.9467040673211781,AT
IFSH,1655.0,400665500.0,0.24905660377358485,0.32400000000000007,0.4227380184826993,0.25245441795231416,A
