kode,rating,class,color,strength,match,hist_wr,hist_n,metric_score,close,value,ret_1d,ret_5d,rank
MBSS,71.3,⭐ KUAT,#00d47a,2,AT,71.1,76,100.0,4400.0,70610311000.0,0.2121212121212121,0.5224913494809689,1
PGLI,71.3,⭐ KUAT,#00d47a,2,AT,71.1,76,100.0,332.0,2922911800.0,0.2481203007518797,0.5809523809523809,2
CSMI,71.3,⭐ KUAT,#00d47a,2,AT,71.1,76,100.0,412.0,60412693200.0,0.2409638554216868,1.1347150259067358,3
MITI,71.3,⭐ KUAT,#00d47a,2,AT,71.1,76,100.0,350.0,43922008600.0,0.25,0.3358778625954197,4
KDTN,71.3,⭐ KUAT,#00d47a,2,AT,71.1,76,100.0,530.0,21390178200.0,0.244131455399061,0.3184079601990051,5
AIMS,71.3,⭐ KUAT,#00d47a,2,AT,71.1,76,100.0,825.0,2850756000.0,0.1619718309859155,0.8333333333333333,6
MPIX,61.1,🟢 SEDANG,#3b82f6,1,T,70.4,27,100.0,224.0,11100419000.0,0.1666666666666667,0.1256281407035175,7
SRSN,58.5,🟢 SEDANG,#3b82f6,1,V,61.6,237,100.0,143.0,78812280800.0,0.0833333333333332,0.2327586206896552,8
DEWI,58.5,🟢 SEDANG,#3b82f6,1,V,61.6,237,100.0,260.0,8025760600.0,0.056910569105691,0.1711711711711712,9
CCSI,58.5,🟢 SEDANG,#3b82f6,1,V,61.6,237,100.0,428.0,6842222000.0,0.07,0.3209876543209877,10
ROCK,57.4,🟢 SEDANG,#3b82f6,1,A,58.0,112,100.0,3700.0,3590373000.0,0.25,0.6299559471365639,11
IFSH,57.4,🟢 SEDANG,#3b82f6,1,A,58.0,112,100.0,1655.0,400665500.0,0.2490566037735848,0.324,12
PKPK,57.4,🟢 SEDANG,#3b82f6,1,A,58.0,112,100.0,6800.0,55485582500.0,0.1623931623931624,0.1525423728813559,13
MUTU,57.0,🟢 SEDANG,#3b82f6,1,V,61.6,237,95.0,136.0,36625403500.0,0.1428571428571428,0.1623931623931624,14
SMLE,57.0,🟢 SEDANG,#3b82f6,1,V,61.6,237,95.0,308.0,20920228600.0,0.0198675496688742,0.2319999999999999,15
SEMA,55.5,🟢 SEDANG,#3b82f6,1,V,61.6,237,90.0,472.0,23088121000.0,0.004255319148936,0.4303030303030304,16
DEFI,50.0,🟡 LEMAH,#ffa726,1,V,61.6,237,71.7,91.0,3366045000.0,0.0224719101123596,0.1818181818181818,17
