kode,close,value,ret_1d,ret_5d,range,vol_z_20,px_vs_sma20,rk_turnover,vol_regime_high,match,strength
AIMS,825.0,2850756000.0,0.1619718309859155,0.8333333333333333,0.20606060606060606,1.0174944341551238,0.542632759910247,0.9467040673211781,0,AT,2
CCSI,428.0,6842222000.0,0.07000000000000006,0.32098765432098775,0.14485981308411214,0.12180180633076756,0.1340752517223106,0.9270687237026648,1,V,1
CSMI,412.0,60412693200.0,0.24096385542168686,1.1347150259067358,0.1796116504854369,0.7129537758655319,0.8205921343349535,1.0,0,AT,2
DEFI,91.0,3366045000.0,0.022471910112359605,0.18181818181818188,0.0989010989010989,-0.35542086776339754,-0.10784313725490197,0.9845722300140253,1,V,1
DEWI,260.0,8025760600.0,0.05691056910569103,0.1711711711711712,0.06923076923076923,-0.7269780285202951,0.3068610203568737,0.9453015427769986,1,V,1
IFSH,1655.0,400665500.0,0.24905660377358485,0.32400000000000007,0.1903323262839879,1.0133835438676297,0.4227380184826993,0.25245441795231416,1,A,1
KDTN,530.0,21390178200.0,0.244131455399061,0.3184079601990051,0.19245283018867926,3.6260506048091465,0.3289869608826479,0.9789621318373072,0,ABT,3
MBSS,4400.0,70610311000.0,0.21212121212121215,0.5224913494809689,0.2431818181818182,2.607296894921622,0.4647137150466045,0.9130434782608695,0,ABT,3
MITI,350.0,43922008600.0,0.25,0.33587786259541974,0.17142857142857143,3.150020915128975,0.2811127379209371,0.9775596072931276,0,ABT,3
MPIX,224.0,11100419000.0,0.16666666666666674,0.12562814070351758,0.17857142857142858,-0.09118828019603534,0.2619718309859155,0.9747545582047685,1,T,1
MUTU,136.0,36625403500.0,0.1428571428571428,0.16239316239316248,0.16911764705882354,1.4790064566147059,0.0763751483973091,0.9943899018232819,1,V,1
PGLI,332.0,2922911800.0,0.24812030075187974,0.5809523809523809,0.18072289156626506,2.1651379630080934,0.5121840127533591,0.9495091164095372,0,ABT,3
PKPK,6800.0,55485582500.0,0.16239316239316248,0.15254237288135597,0.23161764705882354,2.354112033311365,0.34069400630914826,0.8892005610098177,1,A,1
PPRI,186.0,13509474100.0,0.34782608695652173,0.28275862068965507,0.25806451612903225,2.3158571271809234,0.13069908814589665,0.9915848527349228,0,B,1
ROCK,3700.0,3590373000.0,0.25,0.6299559471365639,0.2972972972972973,2.0000552297012817,0.6982214572576019,0.5301542776998598,0,AB,2
SEMA,472.0,23088121000.0,0.004255319148936065,0.4303030303030304,0.13771186440677965,0.0913342257177995,1.002970507107999,0.9803646563814866,1,V,1
SMLE,308.0,20920228600.0,0.019867549668874274,0.23199999999999998,0.05844155844155844,0.8639963661800305,0.30563798219584565,0.97054698457223,1,V,1
SOTS,630.0,1070015000.0,0.24752475247524752,0.2650602409638554,0.20634920634920634,3.435981913057876,0.10584518167456547,0.7026647966339411,0,B,1
SRSN,143.0,78812280800.0,0.08333333333333326,0.23275862068965525,0.11188811188811189,0.3418059186658239,0.2072604474461798,0.9971949509116409,1,V,1
STRK,61.0,3629961300.0,0.17307692307692313,0.326086956521739,0.19672131147540983,2.2324497532928658,0.03127641589180053,0.8653576437587658,1,B,1
