kombinasi,n_conditions,coverage,baseline,lift,n_match_event
vol_ratio_20 > 2.0 AND ret_5d > 5% AND ret_1d > 2%,3,0.1068943706514864,0.02940896167225249,3.634755005728128,338
ret_5d > 5% AND ret_1d > 2% AND vol_z_20 > 1,3,0.11954459203036052,0.03388026748415585,3.5284429819293988,378
ret_5d > 5% AND ret_1d > 2% AND vol_ratio_20 > 1.5,3,0.12428842504743833,0.038383341010530994,3.238082505984513,393
ret_5d > 5% AND ret_1d > 2% AND vol_ratio_5 > 1.5,3,0.11669829222011385,0.03604047206823705,3.2379790142360987,369
ret_5d > 5% AND vol_z_20 > 1 AND vol_ratio_5 > 1.5,3,0.11005692599620494,0.03434089934399669,3.204835286745178,348
vol_ratio_20 > 2.0 AND ret_5d > 5%,2,0.12745098039215685,0.04067061645249932,3.1337361345631787,403
vol_ratio_20 > 2.0 AND ret_5d > 5% AND vol_ratio_20 > 1.5,3,0.12745098039215685,0.04067061645249932,3.1337361345631787,403
vol_ratio_20 > 2.0 AND ret_5d > 5% AND vol_z_20 > 1,3,0.11543327008222644,0.037072922788569974,3.1136813987003986,365
vol_ratio_20 > 2.0 AND ret_1d > 2% AND vol_ratio_20 > 1.5,3,0.12808349146110057,0.042322537605032004,3.0263660618939796,405
vol_ratio_20 > 2.0 AND ret_1d > 2%,2,0.12808349146110057,0.042322537605032004,3.0263660618939796,405
vol_ratio_20 > 2.0 AND ret_1d > 2% AND vol_z_20 > 1,3,0.12017710309930424,0.039757294661435585,3.02276862957367,380
ret_5d > 5% AND vol_z_20 > 1,2,0.13725490196078433,0.046031418269612594,2.981765653121152,434
ret_1d > 2% AND vol_z_20 > 1 AND vol_ratio_5 > 1.5,3,0.12207463630613535,0.0414330415998221,2.946311243214631,386
ret_5d > 5% AND vol_ratio_20 > 1.5 AND vol_ratio_5 > 1.5,3,0.10594560404807084,0.03649316199945995,2.903163174778845,335
ret_1d > 2% AND vol_z_20 > 1,2,0.14927261227071473,0.05144781358705148,2.9014374346179026,472
ret_5d > 5% AND vol_z_20 > 1 AND vol_ratio_20 > 1.5,3,0.1252371916508539,0.043505884969105894,2.878626460300405,396
vol_ratio_20 > 2.0 AND ret_1d > 2% AND vol_ratio_5 > 1.5,3,0.10373181530676787,0.03628667185539337,2.8586753759107832,328
ret_5d > 5% AND vol_ratio_5 > 1.5,2,0.12934851359898797,0.0455787283383897,2.837914051455475,409
ret_1d > 2% AND vol_ratio_5 > 2.0 AND vol_ratio_5 > 1.5,3,0.1116382036685642,0.03951109487427927,2.8254900053715764,353
ret_1d > 2% AND vol_ratio_5 > 2.0,2,0.1116382036685642,0.03951109487427927,2.8254900053715764,353
ret_1d > 2% AND vol_z_20 > 1 AND vol_ratio_20 > 1.5,3,0.1318785578747628,0.04758803627872993,2.7712544619898,417
ret_5d > 5% AND gap up > 1%,2,0.12239089184060721,0.0444986260463491,2.750442040909908,387
ret_5d > 5% AND ret_1d > 2%,2,0.20556609740670462,0.07536890258430357,2.7274657101019817,650
ret_5d > 5% AND vol_ratio_20 > 1.5,2,0.15306767868437698,0.05691186047619804,2.689556753260486,484
ret_1d > 2% AND vol_ratio_20 > 1.5,2,0.1562302340290955,0.058881458773448546,2.6533010099190086,494
ret_1d > 2% AND gap up > 1%,2,0.1312460468058191,0.04956557650459838,2.6479273734189883,415
vol_ratio_20 > 3.0 AND vol_z_20 > 1 AND vol_ratio_20 > 1.5,3,0.12270714737507907,0.0471829979192147,2.600664493281553,388
vol_ratio_20 > 3.0 AND vol_z_20 > 1,2,0.12270714737507907,0.0471829979192147,2.600664493281553,388
vol_ratio_20 > 3.0 AND vol_ratio_20 > 2.0 AND vol_z_20 > 1,3,0.12270714737507907,0.0471829979192147,2.600664493281553,388
ret_1d > 2% AND vol_ratio_5 > 1.5,2,0.16698292220113853,0.06454405387804374,2.5871154996965866,528
ret_1d > 2% AND vol_ratio_20 > 1.5 AND vol_ratio_5 > 1.5,3,0.1157495256166983,0.04485601283415665,2.5804684434314713,366
vol_ratio_20 > 3.0 AND vol_z_20 > 2,2,0.10246679316888045,0.04005114602029957,2.5583985316411684,324
vol_ratio_20 > 3.0 AND vol_z_20 > 2 AND vol_ratio_20 > 1.5,3,0.10246679316888045,0.04005114602029957,2.5583985316411684,324
vol_ratio_20 > 3.0 AND vol_z_20 > 2 AND vol_ratio_20 > 2.0,3,0.10246679316888045,0.04005114602029957,2.5583985316411684,324
vol_ratio_20 > 3.0 AND vol_z_20 > 2 AND vol_z_20 > 1,3,0.10246679316888045,0.04005114602029957,2.5583985316411684,324
vol_ratio_20 > 3.0 AND vol_z_20 > 1 AND vol_ratio_5 > 1.5,3,0.11005692599620494,0.043275569039185474,2.5431653110453567,348
vol_ratio_20 > 3.0 AND vol_ratio_20 > 1.5 AND vol_ratio_5 > 1.5,3,0.11005692599620494,0.043378814111218765,2.5371123727363876,348
vol_ratio_20 > 3.0 AND vol_ratio_5 > 1.5,2,0.11005692599620494,0.043378814111218765,2.5371123727363876,348
vol_ratio_20 > 3.0 AND vol_ratio_20 > 2.0 AND vol_ratio_5 > 1.5,3,0.11005692599620494,0.043378814111218765,2.5371123727363876,348
ret_5d > 5% AND rsi_14 > 70 (overbought),2,0.11353573687539532,0.046420572771891926,2.4458064624343074,359
vol_ratio_5 > 2.0 AND vol_z_20 > 1,2,0.12302340290955091,0.057205711835062026,2.1505440446970976,389
vol_ratio_5 > 2.0 AND vol_z_20 > 1 AND vol_ratio_5 > 1.5,3,0.12302340290955091,0.057205711835062026,2.1505440446970976,389
vol_z_20 > 2 AND vol_ratio_20 > 2.0,2,0.11543327008222644,0.05485490096415013,2.1043383189711107,365
vol_z_20 > 2 AND vol_ratio_20 > 2.0 AND vol_z_20 > 1,3,0.11543327008222644,0.05485490096415013,2.1043383189711107,365
vol_z_20 > 2 AND vol_ratio_20 > 2.0 AND vol_ratio_20 > 1.5,3,0.11543327008222644,0.05485490096415013,2.1043383189711107,365
vol_z_20 > 2 AND vol_ratio_20 > 2.0 AND vol_ratio_5 > 1.5,3,0.10974067046173308,0.05224200644884604,2.100621280103171,347
vol_z_20 > 2 AND vol_z_20 > 1 AND vol_ratio_5 > 1.5,3,0.11480075901328274,0.054704004320409165,2.0985805415793384,363
vol_z_20 > 2 AND vol_ratio_5 > 1.5,2,0.11480075901328274,0.054704004320409165,2.0985805415793384,363
vol_ratio_20 > 2.0 AND vol_ratio_5 > 2.0 AND vol_z_20 > 1,3,0.10879190385831752,0.05198786473307178,2.0926403578393207,344
vol_ratio_20 > 2.0 AND vol_ratio_5 > 2.0,2,0.11195445920303605,0.054298965960893945,2.061815675894556,354
vol_ratio_20 > 2.0 AND vol_ratio_5 > 2.0 AND vol_ratio_20 > 1.5,3,0.11195445920303605,0.054298965960893945,2.061815675894556,354
vol_ratio_20 > 2.0 AND vol_ratio_5 > 2.0 AND vol_ratio_5 > 1.5,3,0.11195445920303605,0.054298965960893945,2.061815675894556,354
vol_z_20 > 2 AND vol_ratio_20 > 1.5 AND vol_ratio_5 > 1.5,3,0.11037318153067678,0.05361596009975062,2.0585881764558787,349
vol_z_20 > 2 AND vol_z_20 > 1 AND vol_ratio_20 > 1.5,3,0.11701454775458571,0.0571660021919723,2.046925502357725,370
vol_z_20 > 2 AND vol_ratio_20 > 1.5,2,0.11701454775458571,0.0571660021919723,2.046925502357725,370
vol_ratio_5 > 2.0 AND vol_z_20 > 1 AND vol_ratio_20 > 1.5,3,0.1116382036685642,0.055116984608542335,2.0254773453492207,353
ret_20d < -10% AND atr_pct di 30% tertinggi,2,0.19291587602783047,0.09885318550756866,1.9515392957474287,610
vol_ratio_20 > 2.0 AND vol_z_20 > 1,2,0.1685641998734978,0.0866305573645504,1.945782238987129,533
vol_ratio_20 > 2.0 AND vol_z_20 > 1 AND vol_ratio_20 > 1.5,3,0.1685641998734978,0.0866305573645504,1.945782238987129,533
vol_ratio_20 > 2.0 AND vol_z_20 > 1 AND vol_ratio_5 > 1.5,3,0.13883617963314357,0.07188239592102547,1.9314350593666598,439
vol_ratio_20 > 2.0 AND vol_ratio_5 > 1.5,2,0.14358001265022138,0.07477325793795765,1.9202053863876767,454
vol_ratio_20 > 2.0 AND vol_ratio_20 > 1.5 AND vol_ratio_5 > 1.5,3,0.14358001265022138,0.07477325793795765,1.9202053863876767,454
vol_ratio_5 > 2.0 AND vol_ratio_20 > 1.5 AND vol_ratio_5 > 1.5,3,0.12175838077166351,0.06406753816096701,1.9004691653010088,385
vol_ratio_5 > 2.0 AND vol_ratio_20 > 1.5,2,0.12175838077166351,0.06406753816096701,1.9004691653010088,385
vol_z_20 > 1 AND vol_ratio_5 > 1.5,2,0.16761543327008221,0.08877487809139571,1.8880953359070614,530
vol_z_20 > 1 AND vol_ratio_20 > 1.5 AND vol_ratio_5 > 1.5,3,0.1495888678051866,0.08436710770843592,1.7730709499032538,473
vol_z_20 > 1 AND vol_ratio_20 > 1.5,2,0.19481340923466162,0.11265625744555809,1.7292728664344859,616
vol_ratio_20 > 1.5 AND vol_ratio_5 > 1.5,2,0.16540164452877926,0.09962355258350938,1.6602664755418295,523
