kode,status,skor_bullish,skor_bearish,selisih,close,value
AADI,🟠 BEARISH LEMAH,0,1,-1,11550.0,95114090000.0
AALI,⚪ NETRAL,0,0,0,8250.0,20408340000.0
ABMM,⚪ NETRAL,0,0,0,2610.0,1158094000.0
ACES,🟠 BEARISH LEMAH,0,1,-1,322.0,9238799400.0
ACRO,🟠 BEARISH LEMAH,0,1,-1,51.0,383680500.0
ACST,⚪ NETRAL,0,0,0,90.0,18841400.0
ADMF,🟢 AKUMULASI KUAT,5,0,5,8300.0,723280000.0
ADMG,⚪ NETRAL,0,0,0,228.0,7903600.0
ADMR,⚪ NETRAL,0,0,0,1465.0,18763978500.0
ADRO,🟡 BULLISH LEMAH,1,0,1,2500.0,73970758000.0
AGAR,⚪ NETRAL,0,0,0,1550.0,1086207000.0
AGII,⚪ NETRAL,0,0,0,3290.0,658776000.0
AGRO,⚪ NETRAL,0,0,0,135.0,315338500.0
AGRS,⚪ NETRAL,0,0,0,57.0,147818200.0
AHAP,⚪ NETRAL,0,0,0,92.0,2944608200.0
AIMS,🟢 AKUMULASI,4,0,4,710.0,1486122500.0
AISA,⚪ NETRAL,0,0,0,113.0,286684400.0
AKPI,⚪ NETRAL,0,0,0,505.0,11181500.0
AKRA,⚪ NETRAL,0,0,0,1460.0,25188642500.0
AKSI,⚪ NETRAL,0,0,0,342.0,240579000.0
ALDO,🟢 AKUMULASI,3,0,3,1270.0,523624500.0
ALII,🟡 BULLISH LEMAH,2,0,2,700.0,207901500.0
ALKA,⚪ NETRAL,0,0,0,4570.0,859558000.0
AMAG,🟡 BULLISH LEMAH,2,0,2,388.0,13494200.0
AMAN,🟠 BEARISH LEMAH,0,1,-1,195.0,14789100.0
AMAR,🟡 BULLISH LEMAH,2,0,2,226.0,4265400.0
AMIN,⚪ NETRAL,0,0,0,256.0,4236400.0
AMMN,🟢 AKUMULASI,4,0,4,4240.0,355217656000.0
AMMS,⚪ NETRAL,0,0,0,208.0,18664200.0
AMOR,⚪ NETRAL,0,0,0,362.0,36245200.0
AMRT,⚪ NETRAL,0,0,0,1265.0,47176879000.0
ANJT,⚪ NETRAL,0,0,0,1500.0,22887000.0
ANTM,⚪ NETRAL,0,0,0,3140.0,85929811000.0
APEX,⚪ NETRAL,0,0,0,172.0,594505100.0
APIC,🟢 AKUMULASI KUAT,5,0,5,400.0,482365400.0
APII,⚪ NETRAL,0,0,0,190.0,65559800.0
APLI,⚪ NETRAL,0,0,0,270.0,12995400.0
APLN,⚪ NETRAL,1,1,0,102.0,3858130700.0
ARCI,⚪ NETRAL,0,0,0,1240.0,19379963000.0
AREA,⚪ NETRAL,0,0,0,308.0,402253000.0
ARGO,⚪ NETRAL,0,0,0,1185.0,868269000.0
ARII,🟡 BULLISH LEMAH,2,0,2,320.0,7076000.0
ARKO,⚪ NETRAL,1,1,0,2660.0,17090532000.0
ARNA,🟡 BULLISH LEMAH,2,0,2,515.0,8006151000.0
ARTO,🟠 BEARISH LEMAH,0,1,-1,755.0,19058639000.0
ASGR,🟢 AKUMULASI,3,0,3,2520.0,11216526000.0
ASHA,🟠 BEARISH LEMAH,0,1,-1,42.0,249560200.0
ASII,🟡 BULLISH LEMAH,1,0,1,4630.0,159061071000.0
ASJT,⚪ NETRAL,0,0,0,162.0,10222400.0
ASLC,🟠 BEARISH LEMAH,0,1,-1,57.0,298689900.0
ASPR,🟡 BULLISH LEMAH,1,0,1,141.0,1187981700.0
ASRI,⚪ NETRAL,0,0,0,115.0,645080900.0
ASSA,⚪ NETRAL,0,0,0,570.0,3567778000.0
ATAP,⚪ NETRAL,0,0,0,555.0,276932000.0
ATIC,⚪ NETRAL,0,0,0,440.0,22982800.0
ATLA,🟡 BULLISH LEMAH,2,1,1,32.0,2003444900.0
AUTO,⚪ NETRAL,0,0,0,3370.0,9638445000.0
AVIA,🟡 BULLISH LEMAH,1,0,1,330.0,3130548800.0
AWAN,⚪ NETRAL,0,0,0,151.0,27680000.0
AXIO,⚪ NETRAL,0,0,0,111.0,37661400.0
AYAM,⚪ NETRAL,0,0,0,505.0,9978238600.0
AYLS,⚪ NETRAL,0,0,0,180.0,1086930500.0
BABP,🟡 BULLISH LEMAH,2,1,1,28.0,2650165600.0
BABY,⚪ NETRAL,0,0,0,187.0,90575300.0
BACA,⚪ NETRAL,0,0,0,109.0,69509300.0
BACH,⚪ NETRAL,0,0,0,344.0,3295302000.0
BAIK,🟠 BEARISH LEMAH,0,1,-1,224.0,633089600.0
BAJA,⚪ NETRAL,0,0,0,294.0,1708289200.0
BANK,⚪ NETRAL,0,0,0,240.0,671387200.0
BAPA,🟠 BEARISH LEMAH,0,1,-1,101.0,417704300.0
BATR,🟡 BULLISH LEMAH,1,0,1,90.0,167379800.0
BAYU,⚪ NETRAL,0,0,0,1320.0,25130000.0
BBCA,🟢 AKUMULASI,3,0,3,6100.0,798136850000.0
BBHI,🟠 BEARISH LEMAH,0,1,-1,800.0,208892500.0
BBKP,🟡 BULLISH LEMAH,2,1,1,39.0,4538674300.0
BBNI,🟡 BULLISH LEMAH,1,0,1,3420.0,92073054000.0
BBRI,🟢 AKUMULASI,3,0,3,3080.0,523699934000.0
BBRM,⚪ NETRAL,0,0,0,108.0,101480600.0
BBSS,⚪ NETRAL,0,0,0,90.0,1156176600.0
BBTN,⚪ NETRAL,0,0,0,1065.0,7776812000.0
BBYB,⚪ NETRAL,0,0,0,196.0,4466860000.0
BCAP,🟡 BULLISH LEMAH,3,1,2,29.0,387807300.0
BCIC,⚪ NETRAL,0,0,0,129.0,179524800.0
BCIP,🟠 BEARISH LEMAH,0,1,-1,53.0,72371100.0
BDKR,🟡 BULLISH LEMAH,1,0,1,170.0,3122347800.0
BDMN,⚪ NETRAL,0,0,0,4650.0,12360962000.0
BEEF,🟠 BEARISH LEMAH,0,1,-1,396.0,571318400.0
BEER,🟠 BEARISH LEMAH,0,1,-1,57.0,232668200.0
BELI,⚪ NETRAL,0,0,0,258.0,321464400.0
BELL,⚪ NETRAL,0,0,0,92.0,358428900.0
BESS,🟡 BULLISH LEMAH,1,0,1,830.0,64827000.0
BEST,⚪ NETRAL,0,0,0,120.0,1508699600.0
BFIN,⚪ NETRAL,0,0,0,910.0,24111617500.0
BGTG,🟠 BEARISH LEMAH,0,1,-1,103.0,1137200300.0
BINA,🟢 AKUMULASI KUAT,5,0,5,4060.0,1774897000.0
BINO,⚪ NETRAL,0,0,0,108.0,15503500.0
BIPI,🟡 BULLISH LEMAH,2,1,1,126.0,19142898500.0
BIPP,⚪ NETRAL,0,0,0,65.0,6603384900.0
BIRD,⚪ NETRAL,0,0,0,1540.0,1203072000.0
BISI,⚪ NETRAL,0,0,0,680.0,173304000.0
BJBR,🟡 BULLISH LEMAH,1,0,1,750.0,1633870000.0
BJTM,🟡 BULLISH LEMAH,1,0,1,510.0,1649139000.0
BKDP,⚪ NETRAL,0,0,0,179.0,492940500.0
BKSL,⚪ NETRAL,1,1,0,56.0,6874426900.0
BKSW,⚪ NETRAL,0,0,0,49.0,64750200.0
BLES,⚪ NETRAL,0,0,0,192.0,1680919700.0
BLOG,⚪ NETRAL,0,0,0,354.0,31478200.0
BLUE,⚪ NETRAL,0,0,0,3350.0,1814717000.0
BMAS,⚪ NETRAL,0,0,0,474.0,28588200.0
BMHS,⚪ NETRAL,0,0,0,200.0,444622800.0
BMRI,🟢 AKUMULASI,3,0,3,4030.0,302444571000.0
BMSR,⚪ NETRAL,0,0,0,324.0,27358800.0
BMTR,⚪ NETRAL,1,1,0,77.0,3978128000.0
BNBA,⚪ NETRAL,0,0,0,810.0,139889500.0
BNBR,🟢 AKUMULASI KUAT,5,0,5,72.0,26914693200.0
BNGA,⚪ NETRAL,0,0,0,1695.0,2477400500.0
BNII,⚪ NETRAL,0,0,0,188.0,27929400.0
BOAT,🟠 BEARISH LEMAH,0,1,-1,122.0,64453900.0
BOBA,⚪ NETRAL,0,0,0,192.0,55263800.0
BOGA,🟡 BULLISH LEMAH,1,0,1,1550.0,465000.0
BOLA,⚪ NETRAL,0,0,0,154.0,107081500.0
BPFI,⚪ NETRAL,0,0,0,238.0,519800.0
BPTR,⚪ NETRAL,0,0,0,71.0,939905700.0
BREN,🟠 BEARISH LEMAH,0,1,-1,2830.0,14304850000.0
BRIS,🟠 BEARISH LEMAH,0,1,-1,1415.0,31127980500.0
BRMS,🟠 BEARISH LEMAH,0,1,-1,570.0,118674434000.0
BRNA,🟡 BULLISH LEMAH,1,0,1,650.0,2887607500.0
BRPT,🟡 BULLISH LEMAH,3,1,2,1420.0,45788899500.0
BRRC,🟠 BEARISH LEMAH,0,1,-1,48.0,145465300.0
BSBK,🟡 BULLISH LEMAH,2,1,1,39.0,389585000.0
BSDE,⚪ NETRAL,0,0,0,535.0,39049401000.0
BSIM,⚪ NETRAL,0,0,0,920.0,10032000.0
BSML,⚪ NETRAL,0,0,0,545.0,6372618000.0
BSSR,🟡 BULLISH LEMAH,1,0,1,5250.0,11650444000.0
BTPS,⚪ NETRAL,0,0,0,930.0,4128878500.0
BUAH,⚪ NETRAL,0,0,0,484.0,156486600.0
BUDI,⚪ NETRAL,0,0,0,220.0,47452000.0
BUKA,⚪ NETRAL,0,0,0,105.0,9274522800.0
BUKK,⚪ NETRAL,0,0,0,960.0,8951000.0
BULL,🟠 BEARISH LEMAH,0,1,-1,346.0,95185356200.0
BUMI,🟡 BULLISH LEMAH,2,0,2,175.0,307482899300.0
BUVA,🟢 AKUMULASI,3,0,3,590.0,17462548500.0
BVIC,⚪ NETRAL,0,0,0,86.0,47896500.0
BWPT,🟠 BEARISH LEMAH,0,1,-1,103.0,6787649000.0
BYAN,⚪ NETRAL,0,0,0,11750.0,7245567500.0
CAKK,⚪ NETRAL,0,0,0,155.0,13024800.0
CAMP,⚪ NETRAL,0,0,0,160.0,65940300.0
CARE,🟡 BULLISH LEMAH,2,0,2,372.0,93173800.0
CARS,⚪ NETRAL,0,0,0,107.0,738855900.0
CASA,🟢 AKUMULASI,3,0,3,1865.0,560500.0
CASH,⚪ NETRAL,0,0,0,244.0,515668800.0
CASS,⚪ NETRAL,0,0,0,1820.0,39629500.0
CBDK,🟠 BEARISH LEMAH,0,1,-1,3300.0,3615832000.0
CBPE,⚪ NETRAL,0,0,0,494.0,1822800.0
CBRE,⚪ NETRAL,0,0,0,715.0,6848008500.0
CBUT,⚪ NETRAL,0,0,0,915.0,164873500.0
CCSI,🟢 AKUMULASI,3,0,3,400.0,29453579700.0
CDIA,🟠 BEARISH LEMAH,0,1,-1,555.0,12261446500.0
CENT,⚪ NETRAL,0,0,0,91.0,200832000.0
CFIN,⚪ NETRAL,0,0,0,350.0,583443800.0
CGAS,⚪ NETRAL,0,0,0,146.0,318481900.0
CHEK,🟠 BEARISH LEMAH,0,1,-1,118.0,374938900.0
CHEM,🟠 BEARISH LEMAH,0,1,-1,54.0,310930000.0
CHIP,🟠 BEARISH LEMAH,0,1,-1,650.0,95309000.0
CINT,⚪ NETRAL,0,0,0,188.0,366116300.0
CITA,⚪ NETRAL,0,0,0,3350.0,114982000.0
CITY,🟠 BEARISH LEMAH,0,1,-1,158.0,50645200.0
CLAY,⚪ NETRAL,0,0,0,2770.0,28810000.0
CLEO,⚪ NETRAL,0,0,0,416.0,3766407800.0
CLPI,🟡 BULLISH LEMAH,1,0,1,1590.0,125313500.0
CMNP,🟡 BULLISH LEMAH,2,0,2,1460.0,1459300500.0
CMNT,🟡 BULLISH LEMAH,1,0,1,750.0,8277682500.0
CMRY,⚪ NETRAL,0,0,0,4380.0,1555881000.0
CNMA,🟡 BULLISH LEMAH,1,0,1,89.0,1966500600.0
COCO,⚪ NETRAL,0,0,0,115.0,47112280500.0
COIN,🟠 BEARISH LEMAH,0,1,-1,730.0,11184708500.0
CPIN,⚪ NETRAL,0,0,0,2910.0,41746357000.0
CPRO,🟡 BULLISH LEMAH,2,1,1,39.0,3244004900.0
CRAB,⚪ NETRAL,0,0,0,216.0,130557200.0
CRSN,⚪ NETRAL,0,0,0,139.0,96047800.0
CSAP,⚪ NETRAL,0,0,0,282.0,31952400.0
CSIS,🟠 BEARISH LEMAH,0,1,-1,180.0,423756700.0
CSMI,🟡 BULLISH LEMAH,1,0,1,332.0,51401552200.0
CSRA,🟠 BEARISH LEMAH,0,1,-1,665.0,199469000.0
CTRA,🟠 BEARISH LEMAH,0,1,-1,535.0,4595522500.0
CTTH,🟠 BEARISH LEMAH,0,1,-1,92.0,321470700.0
CUAN,🟡 BULLISH LEMAH,2,1,1,845.0,222813349000.0
CYBR,⚪ NETRAL,0,0,0,505.0,19343555000.0
DAAZ,🟢 AKUMULASI KUAT,5,0,5,1985.0,1056305500.0
DADA,⚪ NETRAL,2,2,0,24.0,4561942000.0
DART,⚪ NETRAL,0,0,0,152.0,5753400.0
DATA,⚪ NETRAL,0,0,0,1525.0,1194877000.0
DEFI,⚪ NETRAL,0,0,0,89.0,839668400.0
DEPO,⚪ NETRAL,0,0,0,228.0,16951600.0
DEWA,🟡 BULLISH LEMAH,2,1,1,338.0,134599400000.0
DEWI,⚪ NETRAL,1,1,0,246.0,12548274400.0
DFAM,🟠 BEARISH LEMAH,0,1,-1,66.0,510731200.0
DGIK,⚪ NETRAL,0,0,0,138.0,831023500.0
DGNS,⚪ NETRAL,0,0,0,284.0,171289800.0
DGWG,⚪ NETRAL,0,0,0,324.0,4112443800.0
DILD,⚪ NETRAL,0,0,0,107.0,1005097300.0
DIVA,🟡 BULLISH LEMAH,2,0,2,129.0,19980623800.0
DKFT,⚪ NETRAL,0,0,0,650.0,1252041500.0
DKHH,⚪ NETRAL,0,0,0,69.0,655722300.0
DLTA,🟡 BULLISH LEMAH,1,0,1,1770.0,146205500.0
DMAS,⚪ NETRAL,0,0,0,180.0,11473320000.0
DMMX,🟠 BEARISH LEMAH,0,1,-1,172.0,113207700.0
DNAR,⚪ NETRAL,0,0,0,120.0,52847100.0
DOID,🟡 BULLISH LEMAH,1,0,1,208.0,647004800.0
DOOH,⚪ NETRAL,0,0,0,366.0,167149699600.0
DOSS,⚪ NETRAL,0,0,0,158.0,77672200.0
DPUM,⚪ NETRAL,0,0,0,106.0,1011564700.0
DRMA,⚪ NETRAL,0,0,0,935.0,314140500.0
DSFI,⚪ NETRAL,0,0,0,82.0,586253700.0
DSNG,⚪ NETRAL,0,0,0,1575.0,2143473500.0
DSSA,🟡 BULLISH LEMAH,3,1,2,1140.0,299635688000.0
DWGL,⚪ NETRAL,0,0,0,212.0,256316000.0
DYAN,⚪ NETRAL,0,0,0,85.0,10071930800.0
EAST,🟡 BULLISH LEMAH,1,0,1,89.0,48359100.0
ECII,⚪ NETRAL,0,0,0,150.0,40274300.0
EKAD,⚪ NETRAL,0,0,0,370.0,832743000.0
ELIT,⚪ NETRAL,0,0,0,250.0,847583400.0
ELPI,🟠 BEARISH LEMAH,0,1,-1,560.0,418641000.0
ELSA,🟠 BEARISH LEMAH,0,1,-1,630.0,8137027000.0
EMAS,⚪ NETRAL,0,0,0,7700.0,55683055000.0
EMDE,🟠 BEARISH LEMAH,0,1,-1,64.0,53714900.0
EMMI,⚪ NETRAL,0,0,0,440.0,974170200.0
EMTK,🟠 BEARISH LEMAH,0,1,-1,382.0,10765362800.0
ENAK,🟠 BEARISH LEMAH,0,1,-1,182.0,65141800.0
ENRG,🟢 AKUMULASI KUAT,5,0,5,1440.0,105534943000.0
ENZO,🟠 BEARISH LEMAH,0,1,-1,59.0,329756200.0
EPAC,🟡 BULLISH LEMAH,2,1,1,45.0,6115666900.0
ERAA,🟡 BULLISH LEMAH,2,0,2,600.0,37149122500.0
ERAL,⚪ NETRAL,0,0,0,300.0,614543000.0
ERTX,⚪ NETRAL,0,0,0,165.0,66661300.0
ESIP,⚪ NETRAL,0,0,0,94.0,269255400.0
ESSA,⚪ NETRAL,0,0,0,590.0,33156452000.0
ESTA,⚪ NETRAL,0,0,0,160.0,241076200.0
ESTI,⚪ NETRAL,0,0,0,149.0,1276015900.0
EURO,🟡 BULLISH LEMAH,1,0,1,1395.0,7427981500.0
EXCL,⚪ NETRAL,0,0,0,2380.0,10678990000.0
FAST,🟠 BEARISH LEMAH,0,1,-1,394.0,1258196200.0
FILM,🟠 BEARISH LEMAH,0,1,-1,590.0,4598037500.0
FIRE,⚪ NETRAL,0,0,0,103.0,364843500.0
FISH,⚪ NETRAL,0,0,0,605.0,52503000.0
FITT,⚪ NETRAL,0,0,0,404.0,414370800.0
FLMC,🟡 BULLISH LEMAH,2,0,2,145.0,1396233100.0
FMII,🟡 BULLISH LEMAH,1,0,1,244.0,20807000.0
FOLK,⚪ NETRAL,0,0,0,173.0,1928771400.0
FORE,🟡 BULLISH LEMAH,2,0,2,790.0,1890993000.0
FORU,🟠 BEARISH LEMAH,0,2,-2,163.0,516465500.0
FPNI,⚪ NETRAL,0,0,0,486.0,756376000.0
FUJI,⚪ NETRAL,0,0,0,296.0,446411000.0
FUTR,🟠 BEARISH LEMAH,0,1,-1,250.0,3748052400.0
FWCT,⚪ NETRAL,0,0,0,78.0,137033900.0
GDST,⚪ NETRAL,0,0,0,106.0,146999700.0
GDYR,🟡 BULLISH LEMAH,2,0,2,1125.0,1125000.0
GEMA,⚪ NETRAL,0,0,0,78.0,11979200.0
GEMS,🟢 AKUMULASI,4,0,4,8425.0,5207020000.0
GGRM,⚪ NETRAL,0,0,0,16900.0,21977412500.0
GGRP,🟢 AKUMULASI,3,0,3,370.0,598440400.0
GIAA,🟡 BULLISH LEMAH,2,1,1,50.0,2735460000.0
GJTL,⚪ NETRAL,0,0,0,1245.0,6239817500.0
GMFI,🟠 BEARISH LEMAH,0,1,-1,51.0,6228662600.0
GOLD,⚪ NETRAL,0,0,0,264.0,2476400.0
GOLF,⚪ NETRAL,0,0,0,155.0,408580500.0
GOOD,🟡 BULLISH LEMAH,1,0,1,308.0,13184600.0
GOTO,🟡 BULLISH LEMAH,5,4,1,30.0,2688277471300.0
GPRA,⚪ NETRAL,0,0,0,98.0,1323170400.0
GPSO,⚪ NETRAL,0,0,0,226.0,4436183800.0
GRIA,⚪ NETRAL,0,0,0,161.0,268241100.0
GRPH,⚪ NETRAL,0,0,0,99.0,1039344100.0
GRPM,🟠 BEARISH LEMAH,0,1,-1,129.0,622287200.0
GSMF,⚪ NETRAL,0,0,0,89.0,630374900.0
GTBO,🟡 BULLISH LEMAH,1,0,1,159.0,10239600.0
GTRA,⚪ NETRAL,0,0,0,262.0,238083200.0
GTSI,🟠 BEARISH LEMAH,0,1,-1,130.0,1681740900.0
GULA,⚪ NETRAL,0,0,0,770.0,7563507500.0
GUNA,⚪ NETRAL,0,0,0,218.0,13987400.0
GWSA,🟠 BEARISH LEMAH,0,1,-1,145.0,96085300.0
GZCO,🟠 BEARISH LEMAH,0,1,-1,161.0,1041481100.0
HAIS,⚪ NETRAL,0,0,0,175.0,39156000.0
HAJJ,⚪ NETRAL,0,0,0,106.0,599150700.0
HALO,⚪ NETRAL,0,0,0,60.0,527821500.0
HATM,⚪ NETRAL,0,0,0,530.0,8499877500.0
HBAT,🟡 BULLISH LEMAH,1,0,1,394.0,858215000.0
HDFA,⚪ NETRAL,0,0,0,94.0,227379500.0
HDIT,🟡 BULLISH LEMAH,2,1,1,35.0,187133000.0
HEAL,⚪ NETRAL,0,0,0,600.0,4181899000.0
HELI,🟡 BULLISH LEMAH,1,0,1,272.0,641333800.0
HERO,⚪ NETRAL,0,0,0,328.0,27309600.0
HEXA,🟠 BEARISH LEMAH,0,1,-1,3520.0,1466629000.0
HGII,⚪ NETRAL,0,0,0,140.0,105843500.0
HMSP,⚪ NETRAL,0,0,0,615.0,7965988500.0
HOKI,🟠 BEARISH LEMAH,0,1,-1,39.0,314869600.0
HOMI,🟡 BULLISH LEMAH,1,0,1,250.0,781348400.0
HOPE,⚪ NETRAL,0,0,0,252.0,37371440600.0
HRTA,⚪ NETRAL,0,0,0,2190.0,9477256000.0
HRUM,🟠 BEARISH LEMAH,0,1,-1,820.0,7236715500.0
HUMI,⚪ NETRAL,0,0,0,120.0,2343068000.0
HYGN,⚪ NETRAL,0,0,0,184.0,215734400.0
IATA,⚪ NETRAL,0,0,0,90.0,11630593000.0
IBOS,⚪ NETRAL,0,0,0,84.0,278003400.0
ICBP,⚪ NETRAL,0,0,0,6750.0,12513082500.0
ICON,⚪ NETRAL,0,0,0,125.0,1403545700.0
IDPR,🟠 BEARISH LEMAH,0,1,-1,236.0,3991800.0
IFII,⚪ NETRAL,0,0,0,208.0,38370000.0
IFSH,🟢 AKUMULASI,3,0,3,1325.0,124161000.0
IGAR,⚪ NETRAL,0,0,0,470.0,2998600.0
IKAN,⚪ NETRAL,0,0,0,77.0,123724200.0
IKBI,⚪ NETRAL,0,0,0,560.0,452505000.0
IKPM,⚪ NETRAL,0,0,0,175.0,33768800.0
IMAS,⚪ NETRAL,0,0,0,840.0,6405000.0
IMJS,🟠 BEARISH LEMAH,0,2,-2,161.0,153962000.0
IMPC,🟠 BEARISH LEMAH,0,1,-1,1340.0,9682725500.0
INAI,⚪ NETRAL,0,0,0,152.0,38649800.0
INCI,⚪ NETRAL,0,0,0,815.0,425658500.0
INCO,🟡 BULLISH LEMAH,2,1,1,4170.0,24173796000.0
INDF,🟢 AKUMULASI,3,0,3,6825.0,22972670000.0
INDO,⚪ NETRAL,0,0,0,165.0,4245663200.0
INDR,⚪ NETRAL,0,0,0,2900.0,62769000.0
INDS,⚪ NETRAL,0,0,0,238.0,50454200.0
INDY,⚪ NETRAL,0,0,0,2540.0,21013988000.0
INET,🟠 BEARISH LEMAH,0,1,-1,262.0,142882104400.0
INKP,🟠 BEARISH LEMAH,0,1,-1,8050.0,7400585000.0
INOV,⚪ NETRAL,0,0,0,139.0,202376100.0
INPC,🟠 BEARISH LEMAH,0,1,-1,139.0,207170900.0
INTD,⚪ NETRAL,0,0,0,388.0,68946000.0
INTP,⚪ NETRAL,0,0,0,4880.0,5056541000.0
IOTF,🟠 BEARISH LEMAH,0,1,-1,46.0,644764000.0
IPCC,⚪ NETRAL,0,0,0,1030.0,1950835000.0
IPCM,⚪ NETRAL,0,0,0,280.0,245602800.0
IPOL,⚪ NETRAL,0,0,0,111.0,29233500.0
IRRA,⚪ NETRAL,0,0,0,360.0,1187187600.0
IRSX,🟠 BEARISH LEMAH,0,1,-1,316.0,20322900600.0
ISAT,🟢 AKUMULASI,3,0,3,2250.0,75108715000.0
ISEA,⚪ NETRAL,0,0,0,77.0,44742300.0
ISSP,⚪ NETRAL,0,0,0,396.0,413370000.0
ITIC,⚪ NETRAL,0,0,0,198.0,25676800.0
ITMA,⚪ NETRAL,0,0,0,1310.0,49371000.0
ITMG,🟡 BULLISH LEMAH,2,0,2,25200.0,28574152500.0
JARR,⚪ NETRAL,0,0,0,3420.0,19733365000.0
JAST,🟡 BULLISH LEMAH,1,0,1,82.0,581158300.0
JATI,⚪ NETRAL,0,0,0,104.0,1495823700.0
JAWA,⚪ NETRAL,0,0,0,176.0,5000351600.0
JAYA,⚪ NETRAL,0,0,0,149.0,109023300.0
JECC,⚪ NETRAL,0,0,0,725.0,24229500.0
JECX,🟠 BEARISH LEMAH,0,1,-1,1305.0,772749000.0
JELI,🟡 BULLISH LEMAH,2,1,1,394.0,1373554000.0
JGLE,🟠 BEARISH LEMAH,0,1,-1,46.0,9981875400.0
JIHD,⚪ NETRAL,0,0,0,396.0,33182000.0
JKON,⚪ NETRAL,0,0,0,79.0,203982400.0
JPFA,🟠 BEARISH LEMAH,0,1,-1,1995.0,27909989000.0
JRPT,🟡 BULLISH LEMAH,2,0,2,1160.0,308142000.0
JSMR,🟡 BULLISH LEMAH,3,1,2,2540.0,8927693000.0
JTPE,⚪ NETRAL,0,0,0,585.0,441176500.0
KAEF,⚪ NETRAL,0,0,0,412.0,650807600.0
KAQI,🟠 BEARISH LEMAH,0,1,-1,78.0,932159700.0
KBLI,🟡 BULLISH LEMAH,1,0,1,356.0,134821800.0
KBLM,⚪ NETRAL,0,0,0,354.0,43601400.0
KBLV,⚪ NETRAL,0,0,0,101.0,296764400.0
KDTN,🟡 BULLISH LEMAH,1,0,1,426.0,3780293400.0
KEEN,⚪ NETRAL,0,0,0,840.0,7270118500.0
KEJU,⚪ NETRAL,0,0,0,580.0,7755500.0
KETR,🟢 AKUMULASI,3,0,3,935.0,24219499000.0
KICI,⚪ NETRAL,0,0,0,270.0,127351600.0
KIJA,⚪ NETRAL,2,2,0,151.0,20743948600.0
KING,🟡 BULLISH LEMAH,2,0,2,388.0,2707314200.0
KIOS,⚪ NETRAL,0,0,0,77.0,517034700.0
KJEN,🟡 BULLISH LEMAH,2,1,1,145.0,917079200.0
KKGI,⚪ NETRAL,0,0,0,286.0,944325000.0
KLAS,🟠 BEARISH LEMAH,0,1,-1,72.0,131311200.0
KLBF,🟡 BULLISH LEMAH,2,0,2,725.0,16426708000.0
KLIN,⚪ NETRAL,0,0,0,117.0,50265100.0
KMDS,⚪ NETRAL,0,0,0,510.0,136244800.0
KMTR,⚪ NETRAL,0,0,0,238.0,5789000.0
KOBX,⚪ NETRAL,0,0,0,170.0,26184700.0
KOCI,⚪ NETRAL,0,0,0,97.0,290113100.0
KOKA,🟠 BEARISH LEMAH,0,1,-1,146.0,577578200.0
KOPI,⚪ NETRAL,0,0,0,194.0,120771400.0
KOTA,🟢 AKUMULASI,5,1,4,154.0,38333441100.0
KPIG,🟠 BEARISH LEMAH,0,1,-1,43.0,12499417900.0
KRAS,⚪ NETRAL,0,0,0,216.0,522060600.0
KRYA,🟠 BEARISH LEMAH,0,1,-1,47.0,1157154600.0
KSIX,🟡 BULLISH LEMAH,1,0,1,418.0,326208000.0
KUAS,⚪ NETRAL,0,0,0,86.0,473771800.0
LABA,⚪ NETRAL,0,0,0,108.0,4539944400.0
LABS,⚪ NETRAL,0,0,0,146.0,134437800.0
LAJU,🟠 BEARISH LEMAH,0,1,-1,54.0,348486900.0
LAND,🟠 BEARISH LEMAH,0,1,-1,53.0,459718000.0
LAPD,⚪ NETRAL,0,0,0,72.0,1395523100.0
LEAD,🟠 BEARISH LEMAH,0,1,-1,92.0,562927400.0
LION,🟡 BULLISH LEMAH,2,1,1,272.0,503086800.0
LIVE,⚪ NETRAL,0,0,0,164.0,141563800.0
LMAX,⚪ NETRAL,0,0,0,105.0,42001700.0
LMPI,⚪ NETRAL,0,0,0,157.0,21463600.0
LOPI,⚪ NETRAL,0,0,0,60.0,169429400.0
LPCK,⚪ NETRAL,0,0,0,510.0,31900000.0
LPIN,🟡 BULLISH LEMAH,1,0,1,428.0,41115800.0
LPKR,🟠 BEARISH LEMAH,0,1,-1,47.0,9607331800.0
LPLI,🟠 BEARISH LEMAH,0,1,-1,206.0,43360400.0
LPPF,🟡 BULLISH LEMAH,1,0,1,1585.0,1729482500.0
LPPS,🟠 BEARISH LEMAH,0,1,-1,61.0,18764400.0
LRNA,⚪ NETRAL,0,0,0,212.0,5134200.0
LSIP,⚪ NETRAL,0,0,0,1455.0,9605402500.0
LTLS,⚪ NETRAL,0,0,0,900.0,104843000.0
LUCK,⚪ NETRAL,0,0,0,109.0,223819600.0
LUCY,🟡 BULLISH LEMAH,3,1,2,256.0,17368442600.0
MAHA,⚪ NETRAL,0,0,0,136.0,333031900.0
MAIN,⚪ NETRAL,0,0,0,630.0,116156000.0
MAPA,⚪ NETRAL,0,0,0,650.0,8699518500.0
MAPI,⚪ NETRAL,0,0,0,1485.0,8432107000.0
MARK,⚪ NETRAL,0,0,0,1155.0,10244556000.0
MAXI,🟡 BULLISH LEMAH,2,1,1,26.0,1553131600.0
MAYA,⚪ NETRAL,0,0,0,197.0,268372000.0
MBAP,⚪ NETRAL,0,0,0,1640.0,84803000.0
MBMA,🟢 AKUMULASI,3,0,3,470.0,63204995200.0
MBSS,🟢 AKUMULASI,4,0,4,3630.0,63521887000.0
MBTO,🟡 BULLISH LEMAH,2,0,2,144.0,1512691900.0
MCAS,🟡 BULLISH LEMAH,1,0,1,230.0,1175904200.0
MCOR,🟡 BULLISH LEMAH,1,0,1,66.0,178199000.0
MDIA,🟠 BEARISH LEMAH,0,1,-1,155.0,48354874800.0
MDIY,🟡 BULLISH LEMAH,1,0,1,945.0,153114000.0
MDKA,⚪ NETRAL,0,0,0,2850.0,49108481000.0
MDKI,⚪ NETRAL,0,0,0,194.0,10183300.0
MDLA,🟡 BULLISH LEMAH,1,0,1,206.0,192336200.0
MDLN,🟡 BULLISH LEMAH,2,1,1,38.0,261039600.0
MEDC,⚪ NETRAL,0,0,0,1375.0,29469987500.0
MEDS,⚪ NETRAL,0,0,0,74.0,4486794500.0
MEGA,⚪ NETRAL,0,0,0,1945.0,54786500.0
MEJA,🟡 BULLISH LEMAH,2,0,2,133.0,10483926800.0
MERI,⚪ NETRAL,0,0,0,104.0,119916300.0
MGLV,⚪ NETRAL,0,0,0,14850.0,12506617500.0
MGNA,⚪ NETRAL,0,0,0,196.0,10571819900.0
MGRO,⚪ NETRAL,0,0,0,720.0,2647760500.0
MHKI,⚪ NETRAL,0,0,0,119.0,76190500.0
MICE,🟡 BULLISH LEMAH,2,0,2,472.0,209561100.0
MIDI,⚪ NETRAL,0,0,0,250.0,1710125600.0
MIKA,⚪ NETRAL,0,0,0,1670.0,744380500.0
MINA,⚪ NETRAL,0,0,0,206.0,4435022000.0
MINE,⚪ NETRAL,0,0,0,272.0,61870000.0
MITI,🟡 BULLISH LEMAH,1,0,1,280.0,1083700200.0
MKAP,🟡 BULLISH LEMAH,1,0,1,1135.0,2038323500.0
MKTR,⚪ NETRAL,0,0,0,119.0,38957200.0
MLBI,🟡 BULLISH LEMAH,1,0,1,6850.0,137160000.0
MLIA,🟡 BULLISH LEMAH,2,0,2,212.0,14203200.0
MLPL,⚪ NETRAL,0,0,0,74.0,421721400.0
MLPT,🟠 BEARISH LEMAH,0,1,-1,945.0,1063830500.0
MMIX,🟡 BULLISH LEMAH,1,0,1,920.0,28967425500.0
MMLP,⚪ NETRAL,0,0,0,292.0,169676000.0
MNCN,🟠 BEARISH LEMAH,0,1,-1,119.0,6145465400.0
MOLI,🟡 BULLISH LEMAH,1,0,1,420.0,2871328600.0
MORA,🟡 BULLISH LEMAH,2,1,1,4460.0,441582000.0
MPIX,🟡 BULLISH LEMAH,1,0,1,192.0,2455369100.0
MPMX,🟡 BULLISH LEMAH,1,0,1,1015.0,2335514000.0
MPOW,⚪ NETRAL,0,0,0,98.0,250454300.0
MPXL,🟡 BULLISH LEMAH,2,0,2,260.0,3472632600.0
MRAT,⚪ NETRAL,0,0,0,390.0,122325400.0
MSIE,⚪ NETRAL,0,0,0,116.0,395133200.0
MSIN,🟢 AKUMULASI,4,1,3,181.0,5166788300.0
MSJA,⚪ NETRAL,0,0,0,840.0,15313372000.0
MSKY,🟠 BEARISH LEMAH,0,1,-1,44.0,131510200.0
MSTI,⚪ NETRAL,0,0,0,1320.0,810729500.0
MTDL,🟡 BULLISH LEMAH,1,0,1,498.0,773062800.0
MTEL,⚪ NETRAL,0,0,0,446.0,647716400.0
MTLA,🟢 AKUMULASI KUAT,6,0,6,690.0,828907000.0
MTWI,⚪ NETRAL,0,0,0,262.0,1466400.0
MUTU,⚪ NETRAL,0,0,0,119.0,750244600.0
MYOH,⚪ NETRAL,0,0,0,990.0,29351000.0
MYOR,⚪ NETRAL,0,0,0,1370.0,10747652000.0
NAIK,🟠 BEARISH LEMAH,0,1,-1,81.0,170974500.0
NASI,⚪ NETRAL,0,0,0,186.0,1793794100.0
NATO,⚪ NETRAL,0,0,0,995.0,104803000.0
NAYZ,🟡 BULLISH LEMAH,1,0,1,73.0,4877970800.0
NCKL,⚪ NETRAL,1,1,0,845.0,30764606000.0
NELY,⚪ NETRAL,0,0,0,190.0,93048800.0
NEST,⚪ NETRAL,0,0,0,765.0,4039727500.0
NETV,🟡 BULLISH LEMAH,2,1,1,33.0,884391800.0
NICE,⚪ NETRAL,0,0,0,324.0,278255000.0
NICL,🟠 BEARISH LEMAH,0,1,-1,358.0,8490343200.0
NIKL,⚪ NETRAL,0,0,0,188.0,265585600.0
NINE,⚪ NETRAL,0,0,0,74.0,1468330600.0
NIRO,⚪ NETRAL,0,0,0,161.0,27954800.0
NISP,🟡 BULLISH LEMAH,1,0,1,1230.0,5215720000.0
NOBU,🟡 BULLISH LEMAH,1,0,1,510.0,1934990900.0
NPGF,⚪ NETRAL,1,1,0,44.0,1079291600.0
NRCA,⚪ NETRAL,0,0,0,525.0,849814000.0
NSSS,🟢 AKUMULASI,4,0,4,715.0,1482040000.0
NTBK,🟠 BEARISH LEMAH,0,1,-1,62.0,410987000.0
NZIA,⚪ NETRAL,0,0,0,144.0,219437200.0
OASA,🟠 BEARISH LEMAH,0,1,-1,240.0,1675294000.0
OBAT,⚪ NETRAL,0,0,0,218.0,13435200.0
OBMD,🟡 BULLISH LEMAH,2,0,2,178.0,228375400.0
OILS,⚪ NETRAL,0,0,0,288.0,350814000.0
OKAS,🟠 BEARISH LEMAH,0,1,-1,98.0,132406500.0
OLIV,⚪ NETRAL,0,0,0,48.0,247128300.0
OMED,⚪ NETRAL,0,0,0,214.0,320959400.0
OPMS,⚪ NETRAL,0,0,0,89.0,155058500.0
PACK,🟡 BULLISH LEMAH,2,0,2,428.0,72241441800.0
PADA,⚪ NETRAL,0,0,0,163.0,5588723700.0
PADI,🟠 BEARISH LEMAH,0,1,-1,40.0,4252300400.0
PALM,⚪ NETRAL,0,0,0,274.0,15187400.0
PAMG,🟠 BEARISH LEMAH,0,1,-1,46.0,427254100.0
PANI,🟠 BEARISH LEMAH,0,2,-2,4300.0,32765296000.0
PANR,⚪ NETRAL,0,0,0,402.0,6205400.0
PANS,🟡 BULLISH LEMAH,1,0,1,1645.0,84073000.0
PART,🟠 BEARISH LEMAH,0,1,-1,121.0,2700816000.0
PBID,🟡 BULLISH LEMAH,1,0,1,520.0,274911000.0
PBSA,⚪ NETRAL,0,0,0,740.0,420683000.0
PDES,⚪ NETRAL,0,0,0,370.0,2240600.0
PDPP,⚪ NETRAL,0,0,0,322.0,41852000.0
PEGE,🟡 BULLISH LEMAH,2,0,2,137.0,1115084400.0
PEHA,⚪ NETRAL,0,0,0,280.0,73323000.0
PEVE,⚪ NETRAL,0,0,0,324.0,360759600.0
PGAS,🟡 BULLISH LEMAH,1,0,1,1375.0,41623272500.0
PGEO,⚪ NETRAL,0,0,0,940.0,8982076000.0
PGJO,⚪ NETRAL,0,0,0,860.0,505385500.0
PGLI,🟡 BULLISH LEMAH,2,0,2,266.0,1203645200.0
PICO,🟠 BEARISH LEMAH,0,1,-1,154.0,952112800.0
PIPA,⚪ NETRAL,0,0,0,137.0,2462272700.0
PJAA,⚪ NETRAL,0,0,0,442.0,75603200.0
PJHB,🟠 BEARISH LEMAH,0,1,-1,151.0,125471800.0
PKPK,⚪ NETRAL,0,0,0,5850.0,19969972500.0
PMJS,⚪ NETRAL,0,0,0,139.0,116981600.0
PMUI,⚪ NETRAL,0,0,0,97.0,267354300.0
PNBN,⚪ NETRAL,0,0,0,830.0,1197108000.0
PNBS,🟡 BULLISH LEMAH,2,1,1,40.0,234327000.0
PNIN,⚪ NETRAL,0,0,0,660.0,358524500.0
PNLF,⚪ NETRAL,0,0,0,194.0,3320523000.0
POLA,🟡 BULLISH LEMAH,1,0,1,83.0,1092133000.0
POWR,⚪ NETRAL,0,0,0,950.0,4144999000.0
PPRE,🟡 BULLISH LEMAH,2,0,2,89.0,544565600.0
PPRI,🟠 BEARISH LEMAH,0,1,-1,138.0,754996600.0
PRDA,🟡 BULLISH LEMAH,1,0,1,2820.0,1720999000.0
PRDL,🟠 BEARISH LEMAH,0,1,-1,173.0,1074668600.0
PRIM,⚪ NETRAL,0,0,0,123.0,421348700.0
PSAB,⚪ NETRAL,0,0,0,515.0,34573936500.0
PSAT,⚪ NETRAL,0,0,0,810.0,21393000.0
PSDN,🟠 BEARISH LEMAH,0,1,-1,117.0,200446200.0
PSGO,🟡 BULLISH LEMAH,1,0,1,193.0,5245100.0
PSKT,⚪ NETRAL,0,0,0,234.0,2448104600.0
PSSI,⚪ NETRAL,0,0,0,360.0,63494000.0
PTBA,🟡 BULLISH LEMAH,2,0,2,3180.0,112063482000.0
PTIS,🟡 BULLISH LEMAH,2,1,1,194.0,219090700.0
PTMP,🟠 BEARISH LEMAH,0,1,-1,49.0,343379100.0
PTPP,🟠 BEARISH LEMAH,0,1,-1,161.0,802720000.0
PTPS,⚪ NETRAL,0,0,0,149.0,219263900.0
PTPW,⚪ NETRAL,0,0,0,1095.0,14299500.0
PTRO,🟢 AKUMULASI,4,0,4,5125.0,223129622500.0
PTSN,⚪ NETRAL,0,0,0,380.0,616542800.0
PUDP,⚪ NETRAL,0,0,0,258.0,4646200.0
PURI,⚪ NETRAL,0,0,0,140.0,167225700.0
PWON,⚪ NETRAL,0,0,0,256.0,7532044600.0
PYFA,🟠 BEARISH LEMAH,0,1,-1,198.0,3383041500.0
PZZA,⚪ NETRAL,0,0,0,172.0,143012600.0
RAAM,🟠 BEARISH LEMAH,0,1,-1,149.0,391116300.0
RAJA,⚪ NETRAL,0,0,0,640.0,20808648000.0
RALS,🟡 BULLISH LEMAH,1,0,1,376.0,778051800.0
RANC,⚪ NETRAL,0,0,0,545.0,2839000.0
RATU,🟡 BULLISH LEMAH,1,0,1,4080.0,9575725000.0
RBMS,🟠 BEARISH LEMAH,0,1,-1,44.0,139491900.0
RCCC,⚪ NETRAL,0,0,0,105.0,36415400.0
REAL,🟡 BULLISH LEMAH,2,1,1,38.0,2647150400.0
RGAS,🟠 BEARISH LEMAH,0,1,-1,90.0,930004600.0
RICY,🟠 BEARISH LEMAH,0,1,-1,63.0,121783500.0
RIGS,⚪ NETRAL,0,0,0,640.0,11052500.0
RISE,🟡 BULLISH LEMAH,3,1,2,610.0,1168369500.0
RLCO,⚪ NETRAL,0,0,0,4120.0,1052626000.0
RMKE,🟠 BEARISH LEMAH,0,1,-1,328.0,12486889800.0
RMKO,⚪ NETRAL,0,0,0,270.0,491617600.0
ROCK,🟢 AKUMULASI,4,0,4,2960.0,2816404000.0
RODA,🟠 BEARISH LEMAH,0,1,-1,37.0,466241800.0
ROTI,⚪ NETRAL,0,0,0,560.0,219491500.0
RSCH,🟡 BULLISH LEMAH,1,0,1,560.0,22504277000.0
RUIS,⚪ NETRAL,0,0,0,195.0,8327800.0
RUNS,⚪ NETRAL,0,0,0,65.0,25387000.0
SAFE,🟡 BULLISH LEMAH,1,0,1,670.0,1746416500.0
SAME,⚪ NETRAL,0,0,0,294.0,49364000.0
SAMF,🟢 AKUMULASI,3,0,3,360.0,4545512400.0
SAPX,🟡 BULLISH LEMAH,1,0,1,398.0,3378669000.0
SATU,🟡 BULLISH LEMAH,1,0,1,242.0,676716800.0
SBMA,⚪ NETRAL,0,0,0,110.0,45611200.0
SCMA,⚪ NETRAL,0,0,0,172.0,5294901300.0
SCNP,⚪ NETRAL,0,0,0,162.0,1073717500.0
SDMU,🟠 BEARISH LEMAH,0,1,-1,64.0,1750331000.0
SDPC,⚪ NETRAL,0,0,0,191.0,41641200.0
SDRA,⚪ NETRAL,0,0,0,208.0,4437600.0
SEMA,🟢 AKUMULASI,3,0,3,470.0,29652928800.0
SGER,⚪ NETRAL,0,0,0,740.0,27932627000.0
SGRO,⚪ NETRAL,0,0,0,4300.0,24789000.0
SICO,⚪ NETRAL,0,0,0,111.0,289716100.0
SIDO,🟡 BULLISH LEMAH,1,0,1,346.0,4873989800.0
SILO,⚪ NETRAL,0,0,0,2000.0,165895000.0
SIMP,⚪ NETRAL,0,0,0,575.0,3630082500.0
SINI,🟡 BULLISH LEMAH,2,0,2,15850.0,273064137500.0
SKBM,⚪ NETRAL,0,0,0,488.0,25352200.0
SKLT,⚪ NETRAL,0,0,0,194.0,4939700.0
SKRN,⚪ NETRAL,0,0,0,414.0,28547200.0
SLIS,⚪ NETRAL,0,0,0,71.0,699330200.0
SMAR,🟢 AKUMULASI,4,0,4,8500.0,10851410000.0
SMBR,⚪ NETRAL,0,0,0,147.0,284149500.0
SMDM,🟡 BULLISH LEMAH,2,0,2,494.0,48069200.0
SMDR,⚪ NETRAL,0,0,0,392.0,7107012200.0
SMGA,⚪ NETRAL,0,0,0,86.0,396720200.0
SMGR,⚪ NETRAL,0,0,0,1505.0,19582972500.0
SMIL,🟡 BULLISH LEMAH,2,0,2,446.0,18250016800.0
SMKL,⚪ NETRAL,0,0,0,146.0,5256200.0
SMKM,⚪ NETRAL,0,0,0,90.0,212576900.0
SMLE,🟡 BULLISH LEMAH,2,0,2,302.0,26962172200.0
SMMT,🟡 BULLISH LEMAH,2,0,2,3010.0,6706984000.0
SMRA,🟠 BEARISH LEMAH,0,1,-1,234.0,5057781800.0
SMSM,🟡 BULLISH LEMAH,1,0,1,1675.0,1924399000.0
SNLK,⚪ NETRAL,0,0,0,236.0,2988472600.0
SOCI,⚪ NETRAL,0,0,0,650.0,8827283000.0
SOFA,🟠 BEARISH LEMAH,0,1,-1,262.0,2575793000.0
SOHO,⚪ NETRAL,0,0,0,1275.0,33212500.0
SOLA,⚪ NETRAL,0,0,0,72.0,69328400.0
SOTS,🟠 BEARISH LEMAH,0,1,-1,505.0,95152200.0
SPMA,⚪ NETRAL,0,0,0,160.0,16047300.0
SPRE,⚪ NETRAL,0,0,0,92.0,103100200.0
SPTO,🟡 BULLISH LEMAH,1,0,1,600.0,245946500.0
SQMI,⚪ NETRAL,0,0,0,92.0,13828642900.0
SRSN,🟡 BULLISH LEMAH,1,0,1,132.0,47260695600.0
SRTG,⚪ NETRAL,0,0,0,1710.0,4116889000.0
SSIA,🟢 AKUMULASI,3,0,3,1660.0,12868116500.0
SSMS,⚪ NETRAL,0,0,0,1065.0,12932361000.0
SSTM,🟠 BEARISH LEMAH,0,1,-1,410.0,17773600.0
STAA,⚪ NETRAL,0,0,0,1215.0,6765956500.0
STAR,⚪ NETRAL,0,0,0,386.0,324887800.0
STRK,⚪ NETRAL,0,0,0,52.0,400203500.0
SULI,⚪ NETRAL,0,0,0,75.0,221584700.0
SUNI,🟠 BEARISH LEMAH,0,1,-1,620.0,116543000.0
SUPA,⚪ NETRAL,0,0,0,490.0,4636122000.0
SURI,⚪ NETRAL,0,0,0,80.0,101764600.0
SWID,⚪ NETRAL,0,0,0,110.0,5902028200.0
TALF,⚪ NETRAL,0,0,0,665.0,14579000.0
TAMA,⚪ NETRAL,0,0,0,190.0,206353100.0
TAPG,⚪ NETRAL,0,0,0,1935.0,12084017000.0
TBIG,⚪ NETRAL,0,0,0,1445.0,170952000.0
TBLA,⚪ NETRAL,0,0,0,605.0,331349000.0
TCPI,🟠 BEARISH LEMAH,0,1,-1,1365.0,2915719500.0
TFAS,⚪ NETRAL,0,0,0,177.0,26032600.0
TIFA,🟡 BULLISH LEMAH,1,0,1,356.0,506677200.0
TINS,⚪ NETRAL,0,0,0,4630.0,99791282000.0
TIRA,🟠 BEARISH LEMAH,0,1,-1,338.0,2555200.0
TKIM,⚪ NETRAL,0,0,0,7050.0,7336375000.0
TLDN,⚪ NETRAL,0,0,0,595.0,967535000.0
TLKM,🟢 AKUMULASI,4,1,3,2250.0,327637394000.0
TMAS,🟠 BEARISH LEMAH,0,1,-1,118.0,424836400.0
TMPO,⚪ NETRAL,0,0,0,164.0,2868458800.0
TNCA,⚪ NETRAL,0,0,0,174.0,53633500.0
TOBA,⚪ NETRAL,1,1,0,462.0,1401547600.0
TOOL,🟠 BEARISH LEMAH,0,1,-1,53.0,505205100.0
TOSK,⚪ NETRAL,0,0,0,76.0,952299300.0
TOTL,⚪ NETRAL,0,0,0,1555.0,3342240000.0
TOTO,🟡 BULLISH LEMAH,1,0,1,240.0,121084400.0
TOWR,🟡 BULLISH LEMAH,1,0,1,416.0,15186997800.0
TPIA,🟢 AKUMULASI,4,1,3,1700.0,118315124000.0
TPMA,⚪ NETRAL,0,0,0,444.0,334986800.0
TRGU,⚪ NETRAL,0,0,0,162.0,46336100.0
TRIM,🟡 BULLISH LEMAH,2,0,2,765.0,368844000.0
TRIN,⚪ NETRAL,1,1,0,260.0,5388002800.0
TRIS,⚪ NETRAL,0,0,0,170.0,18909000.0
TRJA,⚪ NETRAL,0,0,0,120.0,48504000.0
TRON,🟠 BEARISH LEMAH,0,1,-1,76.0,240151100.0
TRUE,🟠 BEARISH LEMAH,0,1,-1,45.0,4912550600.0
TRUS,⚪ NETRAL,0,0,0,452.0,19650800.0
TSPC,⚪ NETRAL,0,0,0,2640.0,1579462000.0
TUGU,⚪ NETRAL,0,0,0,1410.0,2730397000.0
TYRE,⚪ NETRAL,0,0,0,108.0,40339700.0
UANG,⚪ NETRAL,0,0,0,3570.0,457894000.0
UCID,⚪ NETRAL,0,0,0,480.0,952532800.0
UDNG,⚪ NETRAL,1,1,0,376.0,1877280000.0
UFOE,⚪ NETRAL,0,0,0,138.0,22455700.0
ULTJ,⚪ NETRAL,0,0,0,2060.0,35609552000.0
UNIQ,🟢 AKUMULASI,3,0,3,138.0,9682195700.0
UNSP,🟢 AKUMULASI,4,1,3,358.0,6910485000.0
UNTD,⚪ NETRAL,0,0,0,74.0,1468854800.0
UNTR,🟡 BULLISH LEMAH,1,0,1,26000.0,68595562500.0
UNVR,🟡 BULLISH LEMAH,2,0,2,1580.0,28437345000.0
URBN,🟡 BULLISH LEMAH,2,0,2,290.0,95967800.0
UVCR,🟢 AKUMULASI,4,1,3,266.0,15457127400.0
VAST,⚪ NETRAL,0,0,0,103.0,1142563100.0
VERN,🟠 BEARISH LEMAH,0,1,-1,175.0,1558139400.0
VICI,🟡 BULLISH LEMAH,1,0,1,1015.0,3475188500.0
VICO,⚪ NETRAL,0,0,0,153.0,173816700.0
VINS,⚪ NETRAL,0,0,0,140.0,20509100.0
VISI,⚪ NETRAL,0,0,0,1050.0,841242000.0
VKTR,🟡 BULLISH LEMAH,2,1,1,835.0,50142135500.0
VOKS,⚪ NETRAL,0,0,0,262.0,339030800.0
VRNA,⚪ NETRAL,0,0,0,73.0,57709300.0
VTNY,⚪ NETRAL,1,1,0,59.0,598479000.0
WBSA,⚪ NETRAL,0,0,0,600.0,4084389000.0
WEGE,⚪ NETRAL,1,1,0,37.0,342357100.0
WEHA,⚪ NETRAL,0,0,0,105.0,244349200.0
WGSH,🟠 BEARISH LEMAH,0,1,-1,106.0,2760395800.0
WIFI,⚪ NETRAL,1,1,0,1435.0,202422981000.0
WIIM,🟠 BEARISH LEMAH,0,1,-1,1460.0,2305916000.0
WINE,⚪ NETRAL,0,0,0,128.0,14500700.0
WINS,⚪ NETRAL,0,0,0,585.0,494016000.0
WIRG,🟠 BEARISH LEMAH,0,1,-1,56.0,2119251300.0
WMUU,🟡 BULLISH LEMAH,2,1,1,28.0,6476278900.0
WOMF,⚪ NETRAL,0,0,0,270.0,7874600.0
WOOD,⚪ NETRAL,1,1,0,176.0,2607786500.0
WOWS,⚪ NETRAL,0,0,0,50.0,237723100.0
WTON,🟠 BEARISH LEMAH,0,1,-1,68.0,147505200.0
YELO,⚪ NETRAL,0,0,0,76.0,1905245200.0
YOII,⚪ NETRAL,0,0,0,75.0,208787400.0
YPAS,⚪ NETRAL,0,0,0,1225.0,14955000.0
ZATA,🟠 BEARISH LEMAH,0,1,-1,50.0,888853500.0
ZONE,🟠 BEARISH LEMAH,0,1,-1,620.0,2075500.0
ZYRX,⚪ NETRAL,0,0,0,125.0,9900100.0
