kondisi,coverage_%,baseline_%,lift,n_match
vol_ratio_5 > 3.0,7.42135578201152,2.5523124083699855,2.9076988215369415,670
vol_ratio_20 > 3.0,12.649534780682323,4.388244702119152,2.882595579634304,1142
ret_1d > 5%,20.458573327425785,7.1404771424763425,2.865154935616905,1847
ret_5d > 10%,20.968099246787773,7.931827269092364,2.6435395698155624,1893
vol tinggi close tinggi,9.138236597252991,3.9992336398773825,2.2849969319454844,825
vol_z_20 > 2,12.15108551174125,5.5619418899107025,2.184684010054686,1097
vol_ratio_20 > 2.0,18.642002658396102,9.026389444222312,2.0652779024872046,1683
vol_ratio_5 > 2.0,15.839610101905183,8.007630281220845,1.978064614078345,1430
ret_5d > 5%,29.95126273814798,16.565040650406505,1.8081007689777677,2704
ret_1d > 2%,31.535223748338503,18.0994268959083,1.7423327230028263,2847
gap up > 1%,25.886132033673015,15.472977475676398,1.6729897057218723,2337
vol_ratio_20 > 1.5,24.534780682321667,14.720778355324537,1.6666768624668127,2215
vol_ratio_5 > 1.5,25.232609658839166,16.156870585099295,1.5617262963107466,2278
ret_20d < -10%,34.725299069561366,22.947487671598026,1.5132505817855026,3135
rsi_14 > 70,11.74124944616748,8.236705317872852,1.4254788769351876,1060
atr high (>70%),33.26318121400089,23.338997734239637,1.4252189229703685,3003
rsi_14 < 30,20.691182986264952,14.949020391843263,1.384116312902672,1868
naik >10% dari low 20d,63.20336730172795,47.53348660535786,1.329659821221779,5706
jauh dari high 20d,73.02835622507754,56.40577102492337,1.2946965336722256,6593
px > 2% above sma20,33.872396987151085,26.95505131280821,1.2566252089105083,3058
rsi_14 > 60,23.670801949490475,20.370185259229643,1.1620317463124366,2137
ret_1d > 0,44.14045192733717,38.043949087031855,1.1602489485610066,3985
rsi_14 < 40,34.7585290208241,30.98260695721711,1.1218723159358746,3138
ret_5d > 0,43.56446610544971,39.88154738104758,1.0923464350370797,3933
close > open,48.23881258307488,45.37851526056244,1.063031972423264,4355
gap down < -1%,24.545857332742578,23.84962681594029,1.0291925119908774,2216
clv > 0.7,25.143996455471868,24.443555910968946,1.0286554275103894,2270
px > sma20,40.56269384138236,39.774090363854455,1.0198270650645618,3662
clv > 0.6,32.17766947275144,32.73690523790484,0.9829172684134516,2905
ret_20d > 0,36.143110323438194,36.787784886045586,0.982475852661302,3263
px < sma20,52.54762959680992,54.38991070238571,0.9661282564765272,4744
dekat high 20d,9.725299069561364,11.870251899240305,0.8193001422475107,878
atr low (<30%),23.593265396544087,34.243802479008394,0.6889791345749896,2130
bb squeeze,16.160832964111652,23.73633879781421,0.6808477542290492,1459
