condition,coverage,baseline,lift,n_match_event
vol_ratio_20 > 3.0,0.08412397216951296,0.0480883777816605,1.749361821924369,266
vol naik harga turun,0.08918406072106262,0.0563638674015598,1.5822913655955866,282
vol_z_20 > 2,0.09108159392789374,0.058770271772797304,1.5497902456536232,288
vol_ratio_20 > 2.0,0.1461100569259962,0.0944692409104627,1.5466415895569472,462
vol_ratio_5 > 2.0,0.12555344718532574,0.08350937941769779,1.5034652162523163,397
vol tinggi close tinggi,0.06293485135989879,0.0425131438918627,1.4803622032748547,199
ret_20d < -10%,0.3349146110056926,0.2280207125498356,1.4687903009359051,1059
rsi_14 < 30 (oversold),0.209044908285895,0.14542465492320156,1.4374791426962035,661
ret_5d > 5%,0.2441492726122707,0.17190304493543213,1.4202731121137193,772
vol_z_20 > 1,0.1733080328905756,0.1227663325762028,1.4116902350487732,548
ret_1d > 2%,0.2605945604048071,0.1855075686579729,1.4047651116881104,824
vol_ratio_20 > 1.5,0.20556609740670462,0.150761630954461,1.3635173359778645,650
vol_ratio_5 > 1.5,0.22232764073371283,0.16443763203456327,1.352048420929472,703
gap up > 1%,0.21094244149272612,0.158346172784599,1.3321600249832037,667
rsi_14 > 70 (overbought),0.10942441492726122,0.0833028892736312,1.3135728650158423,346
