tanggal,hari,n_signal,n_exec,n_win,n_skip,n_pending,pl_high,pl_real
2026-09-01,Sel,7,4,3,2,1,40.14580323357413,35.712345201238385
2026-09-02,Rab,6,4,4,2,0,20.7810884891942,16.54127760430224
2026-09-03,Kam,6,2,2,3,1,27.52379905233122,25.232561061807914
2026-09-04,Jum,6,4,4,2,0,31.14896369520741,26.805474058255395
2026-09-07,Sen,7,6,6,1,0,63.647957022186176,56.963477451964295
2026-09-08,Sel,5,5,4,0,0,32.52999212369938,27.164692202462387
2026-09-09,Rab,5,4,4,1,0,64.41477791614776,59.73863013698628
2026-09-10,Kam,7,5,3,2,0,19.944049529924328,14.704609034625085
2026-09-11,Jum,4,4,4,0,0,34.20145347682777,29.8274389420595
2026-09-14,Sen,8,8,7,0,0,61.654450502076564,52.973905997055795
2026-09-15,Sel,7,5,5,2,0,45.808125912132255,40.310044653010976
2026-09-16,Rab,2,2,2,0,0,19.058826765696992,16.852238498040006
2026-09-17,Kam,5,4,4,1,0,29.740713022570887,25.411305892345215
2026-09-18,Jum,4,3,2,1,0,29.2872224641753,25.97035023953356
2026-09-21,Sen,7,7,5,0,0,23.754919284317747,16.461370091474574
2026-09-22,Sel,2,0,0,2,0,0.0,0.0
2026-09-23,Rab,3,3,3,0,0,13.96469988867295,10.8010528897862
2026-09-24,Kam,5,2,2,1,2,10.278276435238464,8.159493670886066
2026-09-25,Jum,2,0,0,1,1,0.0,0.0
2026-09-28,Sen,3,2,2,0,1,20.263799283154114,18.045161290322564
2026-09-29,Sel,4,3,3,1,0,45.89519595448799,42.4122439949431
2026-09-30,Rab,2,0,0,1,1,0.0,0.0
