rule,n_cond,n_match,n_hit,precision,lift
M:vol_ratio_5>3 AND M:gap_up>2% AND M:vol_high_hi,3,202,118,0.5841584158415841,7.4365130369336825
M:vol_ratio_5>3 AND M:gap_up>2% AND M:clv>0.7,3,205,118,0.5756097560975609,7.327686016880994
M:range>12% AND M:gap_up>2% AND M:vol_high_hi,3,361,203,0.5623268698060941,7.158590863244814
M:vol_ratio_20>3 AND M:gap_up>2% AND M:vol_high_hi,3,341,186,0.5454545454545454,6.943801079170742
M:vol_ratio_20>3 AND M:gap_up>2% AND M:clv>0.7,3,341,186,0.5454545454545454,6.943801079170742
M:range>12% AND M:gap_up>2% AND M:clv>0.7,3,400,218,0.545,6.938014578271434
M:ret_20d>20% AND M:gap_up>2% AND M:vol_high_hi,3,261,139,0.5325670498084292,6.77973936784934
M:ret_5d>15% AND M:vol_ratio_5>3 AND M:vol_high_hi,3,454,241,0.5308370044052864,6.757715367430851
M:ret_5d>15% AND M:gap_up>2% AND M:vol_high_hi,3,426,226,0.5305164319248826,6.753634382949321
M:ret_5d>15% AND M:vol_ratio_5>3 AND M:clv>0.7,3,457,242,0.5295404814004376,6.74121023805708
M:ret_5d>15% AND M:gap_up>2% AND M:clv>0.7,3,503,257,0.510934393638171,6.504349122205331
M:range>12% AND M:gap_up>1% AND M:vol_high_hi,3,542,275,0.507380073800738,6.459101557346709
M:body>5% AND M:gap_up>2% AND M:vol_high_hi,3,393,197,0.5012722646310432,6.381347302189567
M:ret_20d>20% AND M:vol_ratio_5>3 AND M:vol_high_hi,3,308,154,0.5,6.365150989239847
M:rsi>70 AND M:gap_up>2% AND M:vol_high_hi,3,263,131,0.49809885931558934,6.340948894223725
M:ret_20d>20% AND M:gap_up>2% AND M:clv>0.7,3,317,157,0.4952681388012618,6.304912967259659
M:ret_20d>20% AND M:vol_ratio_5>3 AND M:clv>0.7,3,313,155,0.4952076677316294,6.304143152282276
M:ret_5d>10% AND M:gap_up>2% AND M:vol_high_hi,3,476,235,0.49369747899159666,6.28491799357716
M:range>8% AND M:gap_up>2% AND M:vol_high_hi,3,462,228,0.4935064935064935,6.28248669067829
M:vol_ratio_5>3 AND M:gap_up>1% AND M:vol_high_hi,3,304,150,0.4934210526315789,6.281399002539322
