n_train,n_test,hit_train,hit_test,precision_train,precision_test,baseline_train,baseline_test,lift_train,lift_test,recall_test,cand_per_day,rule,n_conditions
413,222,171,99,0.41404358353510895,0.44594594594594594,0.07871434103523944,0.05677634383598806,5.260078126675122,7.8544322479476065,0.03378839590443686,3.0833333333333335,gap_up>2% AND vol_high_close_high,2
451,267,171,96,0.37915742793791574,0.3595505617977528,0.07871434103523944,0.05677634383598806,4.816878639283426,6.332753000728611,0.032764505119453925,3.7083333333333335,gap_up>2% AND dekat_high_20d,2
333,326,125,104,0.37537537537537535,0.31901840490797545,0.07871434103523944,0.05677634383598806,4.768830818355252,5.618861366444021,0.03549488054607509,4.527777777777778,vol_ratio_5>3.0 AND dekat_high_20d,2
621,499,214,156,0.3446054750402576,0.312625250501002,0.07871434103523944,0.05677634383598806,4.377924918230364,5.506258934250754,0.05324232081911263,6.930555555555555,vol_ratio_5>3.0 AND ret_5d>10%,2
502,421,178,131,0.3545816733067729,0.31116389548693585,0.07871434103523944,0.05677634383598806,4.504664190074729,5.480520133276045,0.0447098976109215,5.847222222222222,vol_ratio_5>3.0 AND vol_high_close_high,2
1165,419,332,127,0.2849785407725322,0.3031026252983294,0.07871434103523944,0.05677634383598806,3.620414488955079,5.338537229059927,0.04334470989761092,5.819444444444445,clv>0.7 AND gap_up>2%,2
578,438,199,132,0.34429065743944637,0.3013698630136986,0.07871434103523944,0.05677634383598806,4.373925423390277,5.3080181401655055,0.04505119453924915,6.083333333333333,vol_ratio_5>3.0 AND clv>0.7,2
686,484,226,141,0.3294460641399417,0.29132231404958675,0.07871434103523944,0.05677634383598806,4.185337256300637,5.131050968888387,0.04812286689419795,6.722222222222222,gap_up>1% AND vol_high_close_high,2
1454,553,431,161,0.29642365887207706,0.2911392405063291,0.07871434103523944,0.05677634383598806,3.7658151611708446,5.127826500194409,0.05494880546075085,7.680555555555555,gap_up>2% AND ret_1d>5%,2
1413,635,359,184,0.254069355980184,0.28976377952755905,0.07871434103523944,0.05677634383598806,3.2277390960617995,5.103600548224987,0.06279863481228669,8.819444444444445,gap_up>2% AND ret_5d>10%,2
697,668,209,181,0.2998565279770445,0.27095808383233533,0.07871434103523944,0.05677634383598806,3.809426897733952,4.7723764075943675,0.061774744027303756,9.277777777777779,vol_z_20>3 AND ret_5d>10%,2
410,333,119,90,0.29024390243902437,0.2702702702702703,0.07871434103523944,0.05677634383598806,3.687306513930997,4.760261968453095,0.030716723549488054,4.625,vol_z_20>3 AND gap_up>2%,2
1252,1161,370,312,0.2955271565495208,0.268733850129199,0.07871434103523944,0.05677634383598806,3.7544258474731675,4.733201047702199,0.10648464163822526,16.125,vol_ratio_20>3.0 AND ret_5d>10%,2
722,578,201,154,0.278393351800554,0.2664359861591695,0.07871434103523944,0.05677634383598806,3.536755159722683,4.692728840180922,0.05255972696245734,8.027777777777779,vol_ratio_20>3.0 AND gap_up>2%,2
602,529,171,139,0.2840531561461794,0.2627599243856333,0.07871434103523944,0.05677634383598806,3.608658249695723,4.627982477080201,0.04744027303754266,7.347222222222222,vol_z_20>3 AND vol_high_close_high,2
603,530,171,139,0.2835820895522388,0.2622641509433962,0.07871434103523944,0.05677634383598806,3.6026737418189474,4.619250434670616,0.04744027303754266,7.361111111111111,vol_z_20>3 AND clv>0.7,2
1224,921,373,239,0.3047385620915033,0.25950054288816504,0.07871434103523944,0.05677634383598806,3.871449066124756,4.570575090882814,0.08156996587030717,12.791666666666666,ret_5d>10% AND vol_high_close_high,2
289,464,89,120,0.3079584775086505,0.25862068965517243,0.07871434103523944,0.05677634383598806,3.9123554038365294,4.555078262916323,0.040955631399317405,6.444444444444445,vol_ratio_5>3.0 AND rsi_14>70,2
499,717,132,184,0.26452905811623245,0.25662482566248257,0.07871434103523944,0.05677634383598806,3.3606208809879514,4.519925171719479,0.06279863481228669,9.958333333333334,vol_z_20>3 AND ret_20d>10%,2
409,660,122,169,0.2982885085574572,0.25606060606060604,0.07871434103523944,0.05677634383598806,3.7895065198337505,4.509987589202606,0.05767918088737201,9.166666666666666,vol_ratio_5>3.0 AND ret_20d>10%,2
879,792,255,202,0.2901023890784983,0.255050505050505,0.07871434103523944,0.05677634383598806,3.685508704806701,4.49219671113869,0.0689419795221843,11.0,vol_ratio_5>3.0 AND ret_5d>5%,2
1447,994,413,252,0.28541810642709053,0.2535211267605634,0.07871434103523944,0.05677634383598806,3.625998803690834,4.465259818295438,0.08600682593856655,13.805555555555555,vol_ratio_5>2.0 AND ret_5d>10%,2
413,438,121,111,0.2929782082324455,0.2534246575342466,0.07871434103523944,0.05677634383598806,3.722043586711636,4.463560708775539,0.0378839590443686,6.083333333333333,vol_z_20>3 AND dekat_high_20d,2
924,769,261,194,0.2824675324675325,0.25227568270481143,0.07871434103523944,0.05677634383598806,3.5885142243784425,4.44332385039744,0.06621160409556313,10.680555555555555,vol_ratio_5>3.0 AND ret_1d>5%,2
764,518,199,129,0.2604712041884817,0.24903474903474904,0.07871434103523944,0.05677634383598806,3.3090692339261523,4.386241385217494,0.04402730375426621,7.194444444444445,vol_z_20>2 AND gap_up>2%,2
730,1068,179,263,0.2452054794520548,0.24625468164794007,0.07871434103523944,0.05677634383598806,3.115130943448784,4.3372761437281895,0.08976109215017065,14.833333333333334,vol_ratio_20>3.0 AND rsi_14>70,2
929,1342,249,330,0.2680301399354144,0.2459016393442623,0.07871434103523944,0.05677634383598806,3.4050992031480085,4.3310580204778155,0.11262798634812286,18.63888888888889,vol_ratio_20>3.0 AND ret_20d>10%,2
1331,1246,397,305,0.29827197595792637,0.2447833065810594,0.07871434103523944,0.05677634383598806,3.7892964869564705,4.311360859871042,0.10409556313993173,17.305555555555557,vol_ratio_20>3.0 AND ret_1d>5%,2
982,830,295,202,0.3004073319755601,0.2433734939759036,0.07871434103523944,0.05677634383598806,3.816424402779049,4.286529873761256,0.0689419795221843,11.527777777777779,vol_ratio_20>3.0 AND clv>0.7,2
982,830,295,202,0.3004073319755601,0.2433734939759036,0.07871434103523944,0.05677634383598806,3.816424402779049,4.286529873761256,0.0689419795221843,11.527777777777779,vol_ratio_20>3.0 AND vol_high_close_high,2
1632,623,383,151,0.2346813725490196,0.24237560192616373,0.07871434103523944,0.05677634383598806,2.9814309497167186,4.2689540317411625,0.051535836177474405,8.652777777777779,close>open AND gap_up>2%,2
407,312,119,75,0.29238329238329236,0.2403846153846154,0.07871434103523944,0.05677634383598806,3.7144856774243458,4.233886846941455,0.025597269624573378,4.333333333333333,vol_ratio_5>3.0 AND gap_up>2%,2
1364,1095,369,260,0.27052785923753664,0.2374429223744292,0.07871434103523944,0.05677634383598806,3.4368306420354156,4.182074898312217,0.08873720136518772,15.208333333333334,vol_z_20>2 AND ret_5d>10%,2
1106,793,274,188,0.24773960216998192,0.23707440100882723,0.07871434103523944,0.05677634383598806,3.147324857348065,4.175584142819638,0.06416382252559727,11.01388888888889,vol_ratio_20>2.0 AND gap_up>2%,2
668,651,192,154,0.2874251497005988,0.23655913978494625,0.07871434103523944,0.05677634383598806,3.6514966132019335,4.166508862710558,0.05255972696245734,9.041666666666666,vol_ratio_20>3.0 AND dekat_high_20d,2
2252,1001,571,236,0.25355239786856126,0.23576423576423577,0.07871434103523944,0.05677634383598806,3.2211715747585177,4.152508242610632,0.08054607508532423,13.902777777777779,gap_up>1% AND ret_1d>5%,2
818,823,228,194,0.2787286063569682,0.23572296476306198,0.07871434103523944,0.05677634383598806,3.54101428902498,4.1517813377346675,0.06621160409556313,11.430555555555555,vol_z_20>3 AND ret_1d>5%,2
724,592,181,139,0.25,0.23479729729729729,0.07871434103523944,0.05677634383598806,3.1760413250245985,4.135477585093626,0.04744027303754266,8.222222222222221,vol_ratio_5>3.0 AND cmf_pos,2
447,606,114,142,0.2550335570469799,0.23432343234323433,0.07871434103523944,0.05677634383598806,3.239988465796906,4.1271314162132935,0.048464163822525594,8.416666666666666,vol_z_20>3 AND rsi_14>70,2
843,684,231,160,0.27402135231316727,0.23391812865497075,0.07871434103523944,0.05677634383598806,3.4812125555429763,4.119992814801509,0.05460750853242321,9.5,vol_ratio_5>3.0 AND clv>0.5,2
2818,1571,695,366,0.24662881476224272,0.23297262889879058,0.07871434103523944,0.05677634383598806,3.1332132305068785,4.103339756638562,0.12491467576791809,21.819444444444443,ret_1d>5% AND ret_5d>10%,2
2048,1724,509,401,0.24853515625,0.2325986078886311,0.07871434103523944,0.05677634383598806,3.1574317078857823,4.096752136075323,0.13686006825938565,23.944444444444443,vol_ratio_20>2.0 AND ret_5d>10%,2
989,1304,242,299,0.24469160768452983,0.22929447852760737,0.07871434103523944,0.05677634383598806,3.108602631571093,4.03855660713164,0.10204778156996587,18.11111111111111,ret_1d>5% AND rsi_14>70,2
548,860,137,196,0.25,0.22790697674418606,0.07871434103523944,0.05677634383598806,3.1760413250245985,4.0141185808397495,0.06689419795221843,11.944444444444445,vol_ratio_5>3.0 AND rsi_14>60,2
618,541,163,123,0.26375404530744334,0.22735674676524953,0.07871434103523944,0.05677634383598806,3.350774990155401,4.004427397122003,0.041979522184300344,7.513888888888889,vol_z_20>3 AND gap_up>1%,2
1680,1175,452,267,0.26904761904761904,0.2272340425531915,0.07871434103523944,0.05677634383598806,3.418025425978853,4.002266211604096,0.09112627986348124,16.319444444444443,ret_1d>5% AND vol_high_close_high,2
477,673,115,152,0.24109014675052412,0.22585438335809807,0.07871434103523944,0.05677634383598806,3.062849076543638,3.977966316579525,0.05187713310580205,9.347222222222221,gap_up>2% AND rsi_14>70,2
1092,947,279,213,0.2554945054945055,0.2249208025343189,0.07871434103523944,0.05677634383598806,3.2458444310690946,3.961523186206847,0.0726962457337884,13.152777777777779,vol_ratio_20>3.0 AND gap_up>1%,2
1675,1669,428,375,0.2555223880597015,0.22468544038346316,0.07871434103523944,0.05677634383598806,3.246198655786336,3.957377759873379,0.12798634812286688,23.180555555555557,vol_ratio_20>3.0 AND ret_5d>5%,2
1673,942,409,211,0.24447101016138673,0.22399150743099788,0.07871434103523944,0.05677634383598806,3.105800124172291,3.9451555400969545,0.0720136518771331,13.083333333333334,ret_1d>5% AND dekat_high_20d,2
1177,1074,291,237,0.24723874256584538,0.2206703910614525,0.07871434103523944,0.05677634383598806,3.1409618541449724,3.886660819493965,0.08088737201365187,14.916666666666666,vol_ratio_5>3.0 AND ret_1d>2%,2
926,970,239,214,0.2580993520518359,0.22061855670103092,0.07871434103523944,0.05677634383598806,3.2789368323148125,3.8857478624960415,0.07303754266211604,13.472222222222221,vol_z_20>3 AND ret_5d>5%,2
890,1080,220,237,0.24719101123595505,0.21944444444444444,0.07871434103523944,0.05677634383598806,3.1403554674400525,3.8650682593856653,0.08088737201365187,15.0,vol_ratio_5>3.0 AND px>2pct_above_sma20,2
2334,1245,528,273,0.2262210796915167,0.21927710843373494,0.07871434103523944,0.05677634383598806,2.87394999076776,3.862120975369053,0.0931740614334471,17.291666666666668,gap_up>1% AND ret_5d>10%,2
976,633,258,138,0.26434426229508196,0.21800947867298578,0.07871434103523944,0.05677634383598806,3.358273204329288,3.839794251330411,0.04709897610921502,8.791666666666666,vol_ratio_5>2.0 AND gap_up>2%,2
2002,1037,411,226,0.20529470529470528,0.21793635486981677,0.07871434103523944,0.05677634383598806,2.608097871298921,3.838506324031319,0.07713310580204778,14.402777777777779,gap_up>2% AND ret_5d>5%,2
2097,1732,540,377,0.2575107296137339,0.2176674364896074,0.07871434103523944,0.05677634383598806,3.2714588755618177,3.833769872860983,0.1286689419795222,24.055555555555557,vol_ratio_20>2.0 AND ret_1d>5%,2
865,1127,226,244,0.261271676300578,0.21650399290150843,0.07871434103523944,0.05677634383598806,3.319238563956343,3.8132781766809707,0.08327645051194539,15.652777777777779,ret_20d>10% AND vol_high_close_high,2
1928,736,424,159,0.21991701244813278,0.21603260869565216,0.07871434103523944,0.05677634383598806,2.793862078444875,3.8049757011426024,0.05426621160409556,10.222222222222221,clv>0.5 AND gap_up>2%,2
1315,1131,312,243,0.23726235741444868,0.21485411140583555,0.07871434103523944,0.05677634383598806,3.014220208084182,3.784218864576638,0.08293515358361775,15.708333333333334,vol_ratio_5>3.0 AND naik_10pct_dari_low,2
627,517,157,111,0.2503987240829346,0.21470019342359767,0.07871434103523944,0.05677634383598806,3.18110678168333,3.781507911883338,0.0378839590443686,7.180555555555555,vol_ratio_5>3.0 AND gap_up>1%,2
1557,841,277,180,0.17790622992935132,0.2140309155766944,0.07871434103523944,0.05677634383598806,2.2601501529397914,3.769719941723854,0.06143344709897611,11.680555555555555,gap_up>2% AND cmf_pos,2
1557,1269,414,270,0.2658959537572254,0.2127659574468085,0.07871434103523944,0.05677634383598806,3.3779861491591103,3.747440273037543,0.09215017064846416,17.625,vol_z_20>2 AND ret_1d>5%,2
905,1310,222,278,0.24530386740331492,0.21221374045801528,0.07871434103523944,0.05677634383598806,3.116380880245131,3.737714092176224,0.09488054607508532,18.194444444444443,vol_z_20>2 AND ret_20d>10%,2
1745,1771,446,374,0.2555873925501433,0.2111801242236025,0.07871434103523944,0.05677634383598806,3.247024483578157,3.719509041188816,0.12764505119453926,24.59722222222222,vol_ratio_20>3.0 AND ret_1d>2%,2
1210,1164,269,245,0.22231404958677686,0.2104810996563574,0.07871434103523944,0.05677634383598806,2.8243144344846844,3.707197142957672,0.08361774744027303,16.166666666666668,vol_z_20>3 AND naik_10pct_dari_low,2
2247,2114,507,440,0.22563417890520696,0.20813623462630085,0.07871434103523944,0.05677634383598806,2.8664939061637233,3.665897107209857,0.15017064846416384,29.36111111111111,vol_ratio_20>3.0 AND naik_10pct_dari_low,2
1589,1913,367,396,0.23096286972938956,0.20700470465237847,0.07871434103523944,0.05677634383598806,2.9341904752272567,3.645967504536056,0.13515358361774743,26.569444444444443,ret_1d>5% AND ret_20d>10%,2
1289,1756,287,363,0.22265321955003878,0.20671981776765375,0.07871434103523944,0.05677634383598806,2.828623305762792,3.6409498005861907,0.12389078498293515,24.38888888888889,vol_ratio_20>3.0 AND rsi_14>60,2
840,786,197,162,0.23452380952380952,0.20610687022900764,0.07871434103523944,0.05677634383598806,2.979429242999266,3.630153974415757,0.0552901023890785,10.916666666666666,vol_z_20>3 AND clv>0.5,2
1049,1127,255,231,0.2430886558627264,0.20496894409937888,0.07871434103523944,0.05677634383598806,3.0882384666588085,3.610111716447968,0.078839590443686,15.652777777777779,vol_z_20>3 AND ret_1d>2%,2
2513,1001,512,205,0.20374054914444886,0.2047952047952048,0.07871434103523944,0.05677634383598806,2.5883536146638986,3.607051651420252,0.06996587030716724,13.902777777777779,gap_up>2% AND ret_1d>2%,2
698,1031,161,211,0.23065902578796563,0.2046556741028128,0.07871434103523944,0.05677634383598806,2.9303303915699734,3.6045941016210774,0.0720136518771331,14.319444444444445,vol_ratio_5>2.0 AND rsi_14>70,2
1415,1281,354,262,0.25017667844522967,0.20452771272443404,0.07871434103523944,0.05677634383598806,3.1782858771977605,3.6023403217942467,0.089419795221843,17.791666666666668,vol_ratio_20>3.0 AND clv>0.5,2
1477,1316,324,269,0.21936357481381177,0.20440729483282674,0.07871434103523944,0.05677634383598806,2.7868311152551652,3.6002194051682106,0.09180887372013652,18.27777777777778,vol_ratio_20>3.0 AND cmf_pos,2
1848,2088,422,424,0.22835497835497837,0.20306513409961685,0.07871434103523944,0.05677634383598806,2.901059392122036,3.576579969400965,0.1447098976109215,29.0,vol_ratio_20>3.0 AND px>2pct_above_sma20,2
1541,2172,339,441,0.2199870214146658,0.20303867403314918,0.07871434103523944,0.05677634383598806,2.7947514839281995,3.576113929063036,0.15051194539249146,30.166666666666668,vol_ratio_20>2.0 AND ret_20d>10%,2
1209,1208,280,245,0.23159636062861869,0.20281456953642385,0.07871434103523944,0.05677634383598806,2.942238448327171,3.572166783445969,0.08361774744027303,16.77777777777778,vol_ratio_5>3.0 AND ret_5d>0,2
1205,893,275,181,0.22821576763485477,0.2026875699888018,0.07871434103523944,0.05677634383598806,2.8992908361220397,3.569929944314712,0.061774744027303756,12.402777777777779,vol_z_20>2 AND gap_up>1%,2
1769,2048,415,411,0.23459581684567551,0.20068359375,0.07871434103523944,0.05677634383598806,2.980344035919069,3.53463397237628,0.14027303754266213,28.444444444444443,vol_ratio_20>3.0 AND mfi_overbought,2
2646,1500,586,301,0.2214663643235072,0.20066666666666666,0.07871434103523944,0.05677634383598806,2.813545300777649,3.5343358361774744,0.10273037542662115,20.833333333333332,clv>0.7 AND ret_5d>10%,2
1015,1187,229,238,0.22561576354679802,0.2005054759898905,0.07871434103523944,0.05677634383598806,2.8662599544064356,3.531496789738665,0.08122866894197953,16.48611111111111,vol_z_20>3 AND px>2pct_above_sma20,2
2459,2050,622,411,0.2529483529890199,0.2004878048780488,0.07871434103523944,0.05677634383598806,3.2134976887601465,3.5311855489885957,0.14027303754266213,28.47222222222222,ret_1d>5% AND mfi_overbought,2
746,994,169,199,0.22654155495978553,0.20020120724346077,0.07871434103523944,0.05677634383598806,2.8780213615504406,3.5261377136539376,0.06791808873720137,13.805555555555555,vol_z_20>3 AND rsi_14>60,2
2112,1478,538,295,0.2547348484848485,0.19959404600811909,0.07871434103523944,0.05677634383598806,3.236193622847034,3.515443801465868,0.10068259385665529,20.52777777777778,vol_ratio_5>2.0 AND ret_1d>5%,2
1492,1094,332,218,0.2225201072386059,0.19926873857404023,0.07871434103523944,0.05677634383598806,2.8269322249548705,3.5097141716218156,0.07440273037542662,15.194444444444445,ret_5d>10% AND dekat_high_20d,2
811,773,181,154,0.22318125770653513,0.19922380336351875,0.07871434103523944,0.05677634383598806,2.835331589787681,3.5089227291391634,0.05255972696245734,10.73611111111111,vol_z_20>3 AND cmf_pos,2
1012,1498,242,298,0.2391304347826087,0.19893190921228304,0.07871434103523944,0.05677634383598806,3.037952571762659,3.503781606419481,0.10170648464163823,20.805555555555557,vol_ratio_5>2.0 AND ret_20d>10%,2
720,983,174,195,0.24166666666666667,0.19837232960325535,0.07871434103523944,0.05677634383598806,3.070173280857112,3.4939257479541284,0.06655290102389079,13.652777777777779,rsi_14>70 AND vol_high_close_high,2
2170,651,425,129,0.195852534562212,0.19815668202764977,0.07871434103523944,0.05677634383598806,2.4881429735215748,3.490127553828974,0.04402730375426621,9.041666666666666,ret_1d>5% AND atr_high_30pct,2
2162,1701,493,336,0.22802960222016652,0.19753086419753085,0.07871434103523944,0.05677634383598806,2.8969257599206792,3.4791050436101627,0.11467576791808874,23.625,vol_ratio_5>2.0 AND ret_5d>5%,2
1790,2029,399,400,0.22290502793296088,0.19714144898965008,0.07871434103523944,0.05677634383598806,2.8318223210833846,3.472246285515318,0.13651877133105803,28.180555555555557,ret_1d>5% AND rsi_14>60,2
1032,1198,252,236,0.2441860465116279,0.19699499165275458,0.07871434103523944,0.05677634383598806,3.1021798988612357,3.469666736939267,0.08054607508532423,16.63888888888889,vol_ratio_5>3.0 AND mfi_overbought,2
635,1112,149,219,0.2346456692913386,0.19694244604316546,0.07871434103523944,0.05677634383598806,2.980977369629387,3.4687412527316033,0.07474402730375426,15.444444444444445,vol_ratio_5>3.0 AND px>sma50,2
1337,1267,308,249,0.23036649214659685,0.19652722967640096,0.07871434103523944,0.05677634383598806,2.926613995834185,3.4614280596178664,0.08498293515358361,17.59722222222222,vol_ratio_5>3.0 AND ret_1d>0,2
1149,1715,224,337,0.19495213228894692,0.19650145772594751,0.07871434103523944,0.05677634383598806,2.476704114205431,3.4609741390461597,0.11501706484641638,23.819444444444443,vol_ratio_20>2.0 AND rsi_14>70,2
1862,846,295,166,0.15843179377013963,0.19621749408983452,0.07871434103523944,0.05677634383598806,2.012743696846953,3.455972696245734,0.05665529010238908,11.75,ret_5d>10% AND atr_high_30pct,2
1020,1275,234,250,0.22941176470588234,0.19607843137254902,0.07871434103523944,0.05677634383598806,2.914484980610808,3.4535233888777355,0.08532423208191127,17.708333333333332,vol_ratio_5>3.0 AND px>sma20,2
752,1123,170,220,0.22606382978723405,0.19590382902938558,0.07871434103523944,0.05677634383598806,2.8719522619903284,3.4504481231708097,0.07508532423208192,15.597222222222221,vol_z_20>2 AND rsi_14>70,2
3982,2217,818,434,0.20542440984429935,0.19576003608479928,0.07871434103523944,0.05677634383598806,2.609745659337139,3.4479155024546593,0.14812286689419796,30.791666666666668,ret_1d>2% AND ret_5d>10%,2
978,1124,200,220,0.20449897750511248,0.19572953736654805,0.07871434103523944,0.05677634383598806,2.597988813926052,3.447378329466921,0.07508532423208192,15.61111111111111,gap_up>2% AND ret_20d>10%,2
2640,1659,528,323,0.2,0.1946955997588909,0.07871434103523944,0.05677634383598806,2.5408330600196787,3.429167618142431,0.11023890784982936,23.041666666666668,ret_1d>5% AND cmf_pos,2
3768,2230,811,433,0.2152335456475584,0.19417040358744395,0.07871434103523944,0.05677634383598806,2.734362542032855,3.419917354107042,0.1477815699658703,30.97222222222222,ret_1d>5% AND ret_5d>5%,2
956,1185,226,230,0.23640167364016737,0.1940928270042194,0.07871434103523944,0.05677634383598806,3.0032859391445994,3.4185510001296064,0.07849829351535836,16.458333333333332,vol_z_20>3 AND mfi_overbought,2
972,1057,225,205,0.23148148148148148,0.19394512771996217,0.07871434103523944,0.05677634383598806,2.940779004652406,3.415949577172822,0.06996587030716724,14.680555555555555,vol_ratio_5>3.0 AND vol_z_20>3,2
1420,1299,310,250,0.21830985915492956,0.1924557351809084,0.07871434103523944,0.05677634383598806,2.7734445373454237,3.3897169521317263,0.08532423208191127,18.041666666666668,vol_ratio_5>3.0 AND close>open,2
1641,1419,410,273,0.2498476538695917,0.19238900634249473,0.07871434103523944,0.05677634383598806,3.174105894601061,3.388541659150438,0.0931740614334471,19.708333333333332,ret_5d>5% AND vol_high_close_high,2
1363,1317,308,253,0.22597212032281733,0.1921032649962035,0.07871434103523944,0.05677634383598806,2.870787169794795,3.3835089055952485,0.0863481228668942,18.291666666666668,vol_ratio_5>3.0 AND obv_above_ma10,2
2159,2275,470,434,0.2176933765632237,0.19076923076923077,0.07871434103523944,0.05677634383598806,2.7656126405957595,3.3600126017327385,0.14812286689419796,31.59722222222222,vol_ratio_20>3.0 AND ret_5d>0,2
718,1217,156,232,0.21727019498607242,0.19063270336894,0.07871434103523944,0.05677634383598806,2.7602364718876733,3.3576079488250916,0.07918088737201365,16.90277777777778,vol_ratio_5>3.0 AND ret_20d>0,2
1890,1685,423,321,0.22380952380952382,0.19050445103857566,0.07871434103523944,0.05677634383598806,2.8433131862124976,3.3553490444698757,0.10955631399317406,23.40277777777778,vol_z_20>2 AND ret_5d>5%,2
1492,2233,308,424,0.2064343163538874,0.18987908643081056,0.07871434103523944,0.05677634383598806,2.6225756785725904,3.3443345168424607,0.1447098976109215,31.01388888888889,vol_ratio_20>3.0 AND ret_20d>0,2
757,1175,163,222,0.21532364597093792,0.18893617021276596,0.07871434103523944,0.05677634383598806,2.7355071914346607,3.327726962457338,0.0757679180887372,16.319444444444443,vol_z_20>3 AND px>sma50,2
1316,2065,290,390,0.22036474164133737,0.18886198547215496,0.07871434103523944,0.05677634383598806,2.799550104125026,3.3264203488996684,0.13310580204778158,28.680555555555557,vol_ratio_20>3.0 AND px>sma50,2
1397,1102,299,208,0.2140300644237652,0.18874773139745918,0.07871434103523944,0.05677634383598806,2.7190733176302215,3.3244079953915624,0.07098976109215017,15.305555555555555,vol_ratio_5>2.0 AND vol_high_close_high,2
1199,1304,262,246,0.21851542952460384,0.18865030674846625,0.07871434103523944,0.05677634383598806,2.776056137302568,3.322692058041416,0.08395904436860069,18.11111111111111,vol_z_20>3 AND ret_5d>0,2
2050,2369,442,446,0.21560975609756097,0.18826509075559308,0.07871434103523944,0.05677634383598806,2.739141981777312,3.3159072605915143,0.1522184300341297,32.90277777777778,vol_ratio_20>3.0 AND px>sma20,2
1669,2285,310,430,0.18573996405032953,0.18818380743982493,0.07871434103523944,0.05677634383598806,2.3596712061297196,3.314475620047647,0.14675767918088736,31.73611111111111,ret_5d>10% AND rsi_14>70,2
2104,2310,423,434,0.20104562737642587,0.18787878787878787,0.07871434103523944,0.05677634383598806,2.5541168830521013,3.3091033198883024,0.14812286689419796,32.083333333333336,ret_1d>5% AND px>sma50,2
1348,1401,300,263,0.22255192878338279,0.18772305496074232,0.07871434103523944,0.05677634383598806,2.8273364911198207,3.3063604007863714,0.08976109215017065,19.458333333333332,vol_ratio_5>3.0 AND vol_ratio_20>3.0,2
858,1243,170,233,0.19813519813519814,0.18744971842316976,0.07871434103523944,0.05677634383598806,2.5171423088773044,3.301546132746109,0.0795221843003413,17.26388888888889,vol_z_20>3 AND ret_20d>0,2
2036,2100,474,393,0.23280943025540274,0.18714285714285714,0.07871434103523944,0.05677634383598806,2.9576494853863644,3.2961413944417357,0.13412969283276452,29.166666666666668,vol_ratio_20>3.0 AND ret_1d>0,2
2855,2690,598,503,0.20945709281961472,0.18698884758364312,0.07871434103523944,0.05677634383598806,2.6609775304584375,3.2934288288059683,0.17167235494880545,37.361111111111114,vol_ratio_20>2.0 AND ret_5d>5%,2
1215,1303,331,243,0.27242798353909464,0.18649270913277052,0.07871434103523944,0.05677634383598806,3.4609701352531426,3.2846903575104966,0.08293515358361775,18.09722222222222,vol_high_close_high AND mfi_overbought,2
2222,2333,483,435,0.21737173717371738,0.18645520788684097,0.07871434103523944,0.05677634383598806,2.7615264806244486,3.284029849217855,0.14846416382252559,32.40277777777778,vol_ratio_20>3.0 AND obv_above_ma10,2
1197,1298,268,242,0.22389306599832914,0.1864406779661017,0.07871434103523944,0.05677634383598806,2.844374519988613,3.2837739341701857,0.08259385665529011,18.02777777777778,vol_z_20>3 AND ret_1d>0,2
1334,1300,303,241,0.22713643178410794,0.1853846153846154,0.07871434103523944,0.05677634383598806,2.88557877505983,3.26517353636125,0.08225255972696245,18.055555555555557,vol_ratio_5>3.0 AND vol_z_20>2,2
3193,2564,655,475,0.20513623551518947,0.18525741029641185,0.07871434103523944,0.05677634383598806,2.606084645024882,3.2629330770500444,0.1621160409556314,35.611111111111114,ret_1d>5% AND px>2pct_above_sma20,2
1421,1745,275,323,0.19352568613652357,0.1851002865329513,0.07871434103523944,0.05677634383598806,2.4585823064933554,3.2601656610305407,0.11023890784982936,24.23611111111111,ret_1d>5% AND ma20>ma50,2
1131,1344,239,248,0.21131741821396993,0.18452380952380953,0.07871434103523944,0.05677634383598806,2.6846114117802973,3.250012189176012,0.08464163822525597,18.666666666666668,vol_z_20>3 AND px>sma20,2
1832,1437,393,265,0.21451965065502182,0.18441196938065413,0.07871434103523944,0.05677634383598806,2.725293102040758,3.2480423521699784,0.09044368600682594,19.958333333333332,vol_ratio_20>2.0 AND gap_up>1%,2
1225,1340,266,247,0.21714285714285714,0.1843283582089552,0.07871434103523944,0.05677634383598806,2.758618750878508,3.246569711171107,0.08430034129692833,18.61111111111111,vol_z_20>3 AND obv_above_ma10,2
2114,2134,459,388,0.21712393566698202,0.18181818181818182,0.07871434103523944,0.05677634383598806,2.7583783693212687,3.202358051504809,0.13242320819112627,29.63888888888889,vol_ratio_20>3.0 AND close>open,2
2280,2500,450,453,0.19736842105263158,0.1812,0.07871434103523944,0.05677634383598806,2.5074010460720513,3.1914700341296927,0.15460750853242322,34.72222222222222,ret_1d>5% AND ret_20d>0,2
3368,2472,608,447,0.18052256532066507,0.1808252427184466,0.07871434103523944,0.05677634383598806,2.293388510231539,3.1848694456410085,0.15255972696245734,34.333333333333336,ret_5d>10% AND cmf_pos,2
1234,1302,259,235,0.2098865478119935,0.18049155145929338,0.07871434103523944,0.05677634383598806,2.6664333976705703,3.178992151743445,0.08020477815699659,18.083333333333332,vol_z_20>3 AND close>open,2
3976,1470,666,265,0.1675050301810865,0.18027210884353742,0.07871434103523944,0.05677634383598806,2.128011592018493,3.1751271156926935,0.09044368600682594,20.416666666666668,ret_5d>10% AND jauh_dari_high_20d,2
1060,1244,196,224,0.18490566037735848,0.18006430868167203,0.07871434103523944,0.05677634383598806,2.349072074357816,3.1714671378246986,0.07645051194539249,17.27777777777778,gap_up>2% AND rsi_14>60,2
3529,2693,681,483,0.19297251345990366,0.17935388043074638,0.07871434103523944,0.05677634383598806,2.451554709370078,3.158954386863173,0.16484641638225256,37.40277777777778,ret_1d>5% AND px>sma20,2
4567,2632,894,472,0.19575213488066565,0.17933130699088146,0.07871434103523944,0.05677634383598806,2.4868674793711327,3.1585568015602146,0.16109215017064846,36.55555555555556,ret_1d>5% AND ret_5d>0,2
639,1589,133,284,0.2081377151799687,0.1787287602265576,0.07871434103523944,0.05677634383598806,2.6442159388311213,3.1479441639084405,0.09692832764505119,22.069444444444443,vol_ratio_20>3.0 AND ma20>ma50,2
2168,1886,466,337,0.21494464944649447,0.17868504772004243,0.07871434103523944,0.05677634383598806,2.7306923569399686,3.147174256873894,0.11501706484641638,26.194444444444443,vol_z_20>2 AND ret_1d>2%,2
353,914,71,163,0.20113314447592068,0.17833698030634573,0.07871434103523944,0.05677634383598806,2.5552287147506685,3.1410437562079445,0.05563139931740614,12.694444444444445,vol_ratio_5>3.0 AND ma20>ma50,2
331,859,65,153,0.19637462235649547,0.1781140861466822,0.07871434103523944,0.05677634383598806,2.494775663161316,3.137117928220369,0.052218430034129695,11.930555555555555,vol_z_20>3 AND ma20>ma50,2
1629,1146,350,203,0.21485573971761818,0.17713787085514834,0.07871434103523944,0.05677634383598806,2.729562833047537,3.1199238782767185,0.06928327645051195,15.916666666666666,vol_ratio_5>2.0 AND gap_up>1%,2
4842,2685,896,475,0.18504750103263115,0.17690875232774675,0.07871434103523944,0.05677634383598806,2.3508740414886744,3.115888420691365,0.1621160409556314,37.291666666666664,ret_1d>0 AND ret_5d>10%,2
3780,2189,740,387,0.19576719576719576,0.17679305619004113,0.07871434103523944,0.05677634383598806,2.4870588153631776,3.1138506681717617,0.13208191126279864,30.40277777777778,clv>0.5 AND ret_5d>10%,2
1800,1965,393,347,0.21833333333333332,0.17659033078880407,0.07871434103523944,0.05677634383598806,2.773742757188149,3.1102800719068338,0.11843003412969283,27.291666666666668,vol_z_20>2 AND mfi_overbought,2
758,324,118,57,0.15567282321899736,0.17592592592592593,0.07871434103523944,0.05677634383598806,1.9776932789071378,3.0985779294653018,0.019453924914675767,4.5,atr_high_30pct AND vol_high_close_high,2
1040,728,228,128,0.21923076923076923,0.17582417582417584,0.07871434103523944,0.05677634383598806,2.785143931175417,3.096785808048607,0.04368600682593857,10.11111111111111,gap_up>1% AND dekat_high_20d,2
1334,1043,292,183,0.21889055472263869,0.17545541706615533,0.07871434103523944,0.05677634383598806,2.7808217898266347,3.0902908713706525,0.062457337883959047,14.48611111111111,vol_z_20>2 AND vol_high_close_high,2
1586,1592,324,279,0.2042875157629256,0.17525125628140703,0.07871434103523944,0.05677634383598806,2.595302368998663,3.086694993740031,0.09522184300341296,22.11111111111111,vol_ratio_5>3.0 AND vol_ratio_20>2.0,2
4867,2762,962,483,0.19765769467844668,0.17487328023171614,0.07871434103523944,0.05677634383598806,2.511076026031365,3.080037713187011,0.16484641638225256,38.361111111111114,ret_1d>5% AND obv_above_ma10,2
3010,2746,622,479,0.20664451827242525,0.174435542607429,0.07871434103523944,0.05677634383598806,2.625246118492093,3.0723278538563075,0.163481228668942,38.138888888888886,vol_ratio_20>2.0 AND ret_1d>2%,2
1402,1051,310,183,0.2211126961483595,0.17411988582302568,0.07871434103523944,0.05677634383598806,2.8090522418191886,3.066768200608554,0.062457337883959047,14.597222222222221,vol_z_20>2 AND clv>0.7,2
2593,2179,507,379,0.195526417277285,0.1739329967875172,0.07871434103523944,0.05677634383598806,2.483999925626643,3.063476529766762,0.12935153583617748,30.26388888888889,vol_z_20>2 AND naik_10pct_dari_low,2
996,612,198,106,0.19879518072289157,0.17320261437908496,0.07871434103523944,0.05677634383598806,2.525526836766548,3.0506123268419993,0.03617747440273038,8.5,vol_ratio_20>3.0 AND atr_high_30pct,2
4890,2635,834,454,0.1705521472392638,0.17229601518026566,0.07871434103523944,0.05677634383598806,2.1667226708143272,3.034644423000952,0.15494880546075085,36.59722222222222,close>open AND ret_5d>10%,2
1569,2493,286,429,0.1822817080943276,0.17208182912154033,0.07871434103523944,0.05677634383598806,2.315736950814621,3.0308719705277167,0.14641638225255973,34.625,ret_5d>10% AND ma20>ma50,2
1841,1568,337,269,0.1830526887561108,0.17155612244897958,0.07871434103523944,0.05677634383598806,2.3255316165850943,3.0216127150518908,0.09180887372013652,21.77777777777778,gap_up>2% AND px>2pct_above_sma20,2
4725,1974,904,338,0.1913227513227513,0.171225937183384,0.07871434103523944,0.05677634383598806,2.4305958584738514,3.0157971721111654,0.11535836177474403,27.416666666666668,clv>0.7 AND ret_1d>5%,2
491,833,76,142,0.15478615071283094,0.17046818727490998,0.07871434103523944,0.05677634383598806,1.966428844821747,3.002450946248807,0.048464163822525594,11.569444444444445,vol_ratio_5>3.0 AND atr_low_30pct,2
2253,1723,480,292,0.21304926764314247,0.1694718514219385,0.07871434103523944,0.05677634383598806,2.706613113203386,2.984902513474593,0.09965870307167235,23.930555555555557,ret_1d>2% AND vol_high_close_high,2
2841,1619,481,274,0.16930658218936995,0.1692402717726992,0.07871434103523944,0.05677634383598806,2.1508988065284504,2.9808237082259095,0.09351535836177474,22.48611111111111,gap_up>2% AND ret_5d>0,2
535,278,106,47,0.19813084112149532,0.16906474820143885,0.07871434103523944,0.05677634383598806,2.5170869566550085,2.97773221695681,0.016040955631399317,3.861111111111111,vol_z_20>3 AND atr_high_30pct,2
2369,1766,484,297,0.20430561418319967,0.1681766704416761,0.07871434103523944,0.05677634383598806,2.5955322943214956,2.962090530652948,0.10136518771331059,24.52777777777778,naik_10pct_dari_low AND vol_high_close_high,2
2036,2192,391,368,0.19204322200392926,0.1678832116788321,0.07871434103523944,0.05677634383598806,2.43974883710141,2.9569218504770682,0.12559726962457338,30.444444444444443,vol_z_20>2 AND px>2pct_above_sma20,2
1703,1651,332,277,0.19495008807985909,0.16777710478497881,0.07871434103523944,0.05677634383598806,2.4766781442352714,2.955052993014886,0.09453924914675768,22.930555555555557,vol_ratio_20>3.0 AND vol_z_20>3,2
2001,1588,408,266,0.20389805097451275,0.16750629722921914,0.07871434103523944,0.05677634383598806,2.590354543948098,2.950283267853612,0.09078498293515358,22.055555555555557,vol_ratio_20>2.0 AND clv>0.7,2
2001,1588,408,266,0.20389805097451275,0.16750629722921914,0.07871434103523944,0.05677634383598806,2.590354543948098,2.950283267853612,0.09078498293515358,22.055555555555557,vol_ratio_20>2.0 AND vol_high_close_high,2
2569,2383,490,399,0.1907356948228883,0.16743600503566933,0.07871434103523944,0.05677634383598806,2.4231377956590943,2.949045213607765,0.13617747440273037,33.09722222222222,vol_ratio_5>2.0 AND vol_ratio_20>3.0,2
1018,902,227,151,0.22298624754420432,0.1674057649667406,0.07871434103523944,0.05677634383598806,2.832854148450231,2.948512596202599,0.051535836177474405,12.527777777777779,vol_ratio_5>2.0 AND dekat_high_20d,2
1354,1859,256,311,0.18906942392909898,0.16729424421732114,0.07871434103523944,0.05677634383598806,2.401969214789652,2.9465483846686262,0.10614334470989761,25.819444444444443,vol_z_20>2 AND rsi_14>60,2
3006,2341,602,391,0.20026613439787092,0.1670226398974797,0.07871434103523944,0.05677634383598806,2.544214075402273,2.9417646261260537,0.1334470989761092,32.513888888888886,vol_ratio_5>2.0 AND ret_1d>2%,2
1772,1296,340,216,0.19187358916478556,0.16666666666666666,0.07871434103523944,0.05677634383598806,2.4375937934726037,2.935494880546075,0.07372013651877134,18.0,vol_ratio_20>3.0 AND jauh_dari_high_20d,2
1968,1575,380,262,0.19308943089430894,0.16634920634920636,0.07871434103523944,0.05677634383598806,2.4530400477832264,2.9299034617259876,0.089419795221843,21.875,gap_up>2% AND mfi_overbought,2
1868,1315,378,218,0.20235546038543897,0.16577946768060836,0.07871434103523944,0.05677634383598806,2.570757218114129,2.919868672056476,0.07440273037542662,18.26388888888889,vol_ratio_5>2.0 AND clv>0.7,2
1697,1666,332,276,0.19563936358279316,0.16566626650660263,0.07871434103523944,0.05677634383598806,2.485434814161854,2.917874863255882,0.09419795221843004,23.13888888888889,vol_ratio_5>2.0 AND vol_z_20>3,2
925,1433,173,237,0.18702702702702703,0.16538729937194696,0.07871434103523944,0.05677634383598806,2.3760222669373214,2.9129614236821486,0.08088737201365187,19.90277777777778,gap_up>1% AND rsi_14>70,2
1413,2012,263,331,0.18612880396319886,0.16451292246520874,0.07871434103523944,0.05677634383598806,2.3646110926580874,2.897561050081762,0.1129692832764505,27.944444444444443,vol_ratio_5>2.0 AND rsi_14>60,2
1940,1794,376,294,0.19381443298969073,0.16387959866220736,0.07871434103523944,0.05677634383598806,2.4622505942458743,2.886406337393131,0.10034129692832765,24.916666666666668,vol_ratio_5>3.0,1
1940,1794,376,294,0.19381443298969073,0.16387959866220736,0.07871434103523944,0.05677634383598806,2.4622505942458743,2.886406337393131,0.10034129692832765,24.916666666666668,vol_ratio_5>2.0 AND vol_ratio_5>3.0,2
2822,2561,530,419,0.18781006378454995,0.1636079656384225,0.07871434103523944,0.05677634383598806,2.3859700953409453,2.8816220732888844,0.1430034129692833,35.56944444444444,vol_ratio_20>3.0 AND vol_z_20>2,2
5877,2561,1100,419,0.18717032499574612,0.1636079656384225,0.07871434103523944,0.05677634383598806,2.377842748019097,2.8816220732888844,0.1430034129692833,35.56944444444444,clv>0.5 AND ret_1d>5%,2
3414,1576,582,256,0.1704745166959578,0.16243654822335024,0.07871434103523944,0.05677634383598806,2.1657364395598315,2.8609899343393215,0.08737201365187713,21.88888888888889,gap_up>2% AND ret_1d>0,2
520,825,81,134,0.15576923076923077,0.16242424242424242,0.07871434103523944,0.05677634383598806,1.9789180563614805,2.8607731926776294,0.04573378839590444,11.458333333333334,vol_z_20>3 AND atr_low_30pct,2
1224,1546,261,251,0.21323529411764705,0.16235446313065977,0.07871434103523944,0.05677634383598806,2.708976424285687,2.8595441721231496,0.08566552901023891,21.47222222222222,rsi_14>60 AND vol_high_close_high,2
4007,1982,684,321,0.17070127277264788,0.16195761856710394,0.07871434103523944,0.05677634383598806,2.168617186240904,2.8525545610150056,0.10955631399317406,27.52777777777778,gap_up>2% AND naik_10pct_dari_low,2
2274,2448,476,396,0.20932277924362358,0.16176470588235295,0.07871434103523944,0.05677634383598806,2.659271188586999,2.8491567958241317,0.13515358361774743,34.0,vol_ratio_5>2.0 AND mfi_overbought,2
1840,1820,403,294,0.2190217391304348,0.16153846153846155,0.07871434103523944,0.05677634383598806,2.7824883782280723,2.8451719611446578,0.10034129692832765,25.27777777777778,px>2pct_above_sma20 AND vol_high_close_high,2
857,1289,140,208,0.1633605600933489,0.1613653995345229,0.07871434103523944,0.05677634383598806,2.0753595589425613,2.8421238253851837,0.07098976109215017,17.90277777777778,vol_ratio_20>3.0 AND atr_low_30pct,2
2266,2529,438,407,0.19329214474845544,0.1609331751680506,0.07871434103523944,0.05677634383598806,2.4556153580949234,2.834511070895024,0.13890784982935153,35.125,vol_ratio_5>2.0 AND px>2pct_above_sma20,2
1822,1742,340,280,0.18660812294182216,0.16073478760045926,0.07871434103523944,0.05677634383598806,2.370700440193992,2.8310168767608532,0.09556313993174062,24.194444444444443,vol_ratio_20>2.0 AND vol_z_20>3,2
2479,1314,467,211,0.18838241226300928,0.16057838660578386,0.07871434103523944,0.05677634383598806,2.3932413050205525,2.8282621908457615,0.0720136518771331,18.25,clv>0.7 AND gap_up>1%,2
1832,1748,343,280,0.18722707423580787,0.16018306636155608,0.07871434103523944,0.05677634383598806,2.3785636997454964,2.8212994275271206,0.09556313993174062,24.27777777777778,vol_z_20>3,1
1832,1748,343,280,0.18722707423580787,0.16018306636155608,0.07871434103523944,0.05677634383598806,2.3785636997454964,2.8212994275271206,0.09556313993174062,24.27777777777778,vol_z_20>2 AND vol_z_20>3,2
1615,2402,289,383,0.17894736842105263,0.1594504579517069,0.07871434103523944,0.05677634383598806,2.27337694843866,2.8083960181077767,0.13071672354948805,33.361111111111114,ret_1d>2% AND rsi_14>70,2
1522,1266,219,201,0.14388961892247043,0.15876777251184834,0.07871434103523944,0.05677634383598806,1.82799750375923,2.796371900425408,0.06860068259385665,17.583333333333332,ret_1d>5% AND atr_low_30pct,2
1242,1707,207,271,0.16666666666666666,0.15875805506736965,0.07871434103523944,0.05677634383598806,2.117360883349732,2.796200747374293,0.0924914675767918,23.708333333333332,gap_up>2% AND px>sma50,2
1216,532,198,84,0.16282894736842105,0.15789473684210525,0.07871434103523944,0.05677634383598806,2.0686058630094424,2.780995149991018,0.028668941979522185,7.388888888888889,vol_z_20>2 AND atr_high_30pct,2
2218,1864,360,294,0.1623083859332732,0.157725321888412,0.07871434103523944,0.05677634383598806,2.0619925644884676,2.7780112496154916,0.10034129692832765,25.88888888888889,gap_up>2% AND px>sma20,2
3680,2839,668,446,0.1815217391304348,0.15709756956674886,0.07871434103523944,0.05677634383598806,2.3060821794743824,2.766954667256533,0.1522184300341297,39.43055555555556,vol_ratio_5>2.0 AND naik_10pct_dari_low,2
2610,2451,467,385,0.1789272030651341,0.15707874337005304,0.07871434103523944,0.05677634383598806,2.2731207644237355,2.7666230820324085,0.13139931740614336,34.041666666666664,vol_z_20>2 AND ret_5d>0,2
3738,2268,644,356,0.17228464419475656,0.15696649029982362,0.07871434103523944,0.05677634383598806,2.1887325985188246,2.7646459721545042,0.12150170648464163,31.5,gap_up>1% AND ret_5d>5%,2
533,288,104,45,0.1951219512195122,0.15625,0.07871434103523944,0.05677634383598806,2.478861521970418,2.7520264505119454,0.015358361774744027,4.0,vol_ratio_5>3.0 AND atr_high_30pct,2
1550,1846,250,285,0.16129032258064516,0.1543878656554713,0.07871434103523944,0.05677634383598806,2.0490589193707085,2.7192287355004274,0.09726962457337884,25.63888888888889,gap_up>2% AND ret_20d>0,2
2585,2327,492,359,0.19032882011605415,0.1542758917060593,0.07871434103523944,0.05677634383598806,2.417968792127044,2.7172565417689065,0.12252559726962457,32.31944444444444,vol_z_20>2 AND ret_1d>0,2
1619,2373,278,365,0.17171093267449042,0.15381373788453434,0.07871434103523944,0.05677634383598806,2.1814440725307924,2.7091166407062386,0.12457337883959044,32.958333333333336,vol_z_20>2 AND ret_20d>0,2
1982,1559,376,239,0.18970736629667004,0.15330339961513792,0.07871434103523944,0.05677634383598806,2.410073740079211,2.700128068443279,0.08156996587030717,21.65277777777778,vol_z_20>2 AND clv>0.5,2
2340,2559,408,392,0.17435897435897435,0.1531848378272763,0.07871434103523944,0.05677634383598806,2.2150852318120275,2.698039843315502,0.13378839590443686,35.541666666666664,vol_z_20>2 AND px>sma20,2
963,951,206,145,0.21391484942886813,0.15247108307045215,0.07871434103523944,0.05677634383598806,2.717609607289999,2.685468502707766,0.04948805460750853,13.208333333333334,vol_z_20>2 AND dekat_high_20d,2
2684,2514,483,383,0.17995529061102833,0.15234685759745425,0.07871434103523944,0.05677634383598806,2.2861817585497484,2.6832805232676535,0.13071672354948805,34.916666666666664,vol_z_20>2 AND obv_above_ma10,2
1415,2235,258,336,0.1823321554770318,0.15033557046979865,0.07871434103523944,0.05677634383598806,2.3163778427034525,2.6478557848684057,0.11467576791808874,31.041666666666668,vol_z_20>2 AND px>sma50,2
3025,2495,518,375,0.1712396694214876,0.15030060120240482,0.07871434103523944,0.05677634383598806,2.1754570662647827,2.64723987223594,0.12798634812286688,34.65277777777778,vol_ratio_5>2.0 AND vol_z_20>2,2
1454,1894,273,284,0.18775790921595598,0.14994720168954592,0.07871434103523944,0.05677634383598806,2.385307515080372,2.641015457471231,0.09692832764505119,26.305555555555557,ret_20d>0 AND vol_high_close_high,2
1960,710,328,106,0.1673469387755102,0.14929577464788732,0.07871434103523944,0.05677634383598806,2.126003172669527,2.6295418929962024,0.03617747440273038,9.86111111111111,gap_up>2% AND atr_high_30pct,2
1842,1501,265,224,0.14386536373507058,0.1492338441039307,0.07871434103523944,0.05677634383598806,1.8276893618491175,2.628451112227798,0.07645051194539249,20.84722222222222,ret_5d>10% AND atr_low_30pct,2
916,645,174,96,0.18995633187772926,0.14883720930232558,0.07871434103523944,0.05677634383598806,2.4132366399750222,2.6214651956504484,0.032764505119453925,8.958333333333334,vol_z_20>3 AND jauh_dari_high_20d,2
1843,1586,311,236,0.16874660879001627,0.14880201765447668,0.07871434103523944,0.05677634383598806,2.1437848118994034,2.620845366237858,0.08054607508532423,22.02777777777778,vol_z_20>2 AND cmf_pos,2
4482,2211,745,329,0.16622043730477465,0.14880144730890998,0.07871434103523944,0.05677634383598806,2.1116919117744986,2.620835320758911,0.11228668941979522,30.708333333333332,gap_up>1% AND ret_1d>2%,2
3192,1909,496,284,0.15538847117794485,0.14876898899947616,0.07871434103523944,0.05677634383598806,1.9740808235741865,2.6202636335518656,0.09692832764505119,26.51388888888889,gap_up>2% AND obv_above_ma10,2
2712,2384,481,354,0.1773598820058997,0.14848993288590603,0.07871434103523944,0.05677634383598806,2.2532092586088965,2.6153486267952446,0.12081911262798635,33.111111111111114,vol_z_20>2 AND close>open,2
2054,1058,343,157,0.16699123661148976,0.14839319470699433,0.07871434103523944,0.05677634383598806,2.121484273580209,2.6136447802215526,0.053583617747440276,14.694444444444445,vol_ratio_20>2.0 AND atr_high_30pct,2
1222,1338,245,198,0.20049099836333878,0.14798206278026907,0.07871434103523944,0.05677634383598806,2.5470707843896125,2.6064035262247662,0.06757679180887372,18.583333333333332,dekat_high_20d AND vol_high_close_high,2
1335,1804,250,266,0.18726591760299627,0.14745011086474502,0.07871434103523944,0.05677634383598806,2.37905717230307,2.5970342734764613,0.09078498293515358,25.055555555555557,px>sma50 AND vol_high_close_high,2
2133,1168,338,172,0.1584622597280825,0.14726027397260275,0.07871434103523944,0.05677634383598806,2.013130741412685,2.5936906821263266,0.05870307167235495,16.22222222222222,vol_z_20>2 AND jauh_dari_high_20d,2
289,1686,30,248,0.10380622837370242,0.14709371293001186,0.07871434103523944,0.05677634383598806,1.3187714844392795,2.590757047599383,0.08464163822525597,23.416666666666668,ret_5d>5% AND ma50>ma200,2
2936,2455,445,361,0.15156675749318801,0.1470468431771894,0.07871434103523944,0.05677634383598806,1.9255291411933873,2.5899315320826064,0.12320819112627987,34.09722222222222,vol_ratio_20>2.0 AND cmf_pos,2
3753,1912,629,279,0.16759925393018918,0.1459205020920502,0.07871434103523944,0.05677634383598806,2.129208626102289,2.5700933211475574,0.09522184300341296,26.555555555555557,close>open AND gap_up>1%,2
2151,2077,419,303,0.19479311947931194,0.14588348579682234,0.07871434103523944,0.05677634383598806,2.474683989186995,2.5694413542767283,0.10341296928327645,28.84722222222222,px>sma20 AND vol_high_close_high,2
1249,1297,231,189,0.18494795836669337,0.14572089437162683,0.07871434103523944,0.05677634383598806,2.349609435006188,2.5665776364990354,0.06450511945392491,18.01388888888889,vol_ratio_20>2.0 AND dekat_high_20d,2
2918,2406,508,350,0.17409184372858122,0.14546965918536992,0.07871434103523944,0.05677634383598806,2.2116915601267935,2.5621526388806144,0.11945392491467577,33.416666666666664,vol_ratio_20>2.0 AND clv>0.5,2
1109,1515,194,220,0.17493237150586113,0.14521452145214522,0.07871434103523944,0.05677634383598806,2.222369763948682,2.557658905822323,0.07508532423208192,21.041666666666668,gap_up>2% AND ma20>ma50,2
680,1317,110,191,0.16176470588235295,0.14502657555049356,0.07871434103523944,0.05677634383598806,2.0550855632512106,2.5543486204296144,0.06518771331058021,18.291666666666668,ma20>ma50 AND vol_high_close_high,2
2240,2036,438,293,0.19553571428571428,0.14390962671905697,0.07871434103523944,0.05677634383598806,2.484118036358525,2.5346758349705305,0.1,28.27777777777778,ret_5d>0 AND vol_high_close_high,2
2004,2676,330,383,0.16467065868263472,0.1431240657698057,0.07871434103523944,0.05677634383598806,2.0920032679802745,2.520839774101226,0.13071672354948805,37.166666666666664,gap_up>1% AND ret_20d>10%,2
3657,2209,592,316,0.1618813234891988,0.14305115436849253,0.07871434103523944,0.05677634383598806,2.056567092605482,2.5195555878294966,0.10784982935153584,30.680555555555557,vol_ratio_20>2.0 AND jauh_dari_high_20d,2
3645,1473,453,210,0.1242798353909465,0.1425661914460285,0.07871434103523944,0.05677634383598806,1.5788715722756028,2.5110139507726097,0.07167235494880546,20.458333333333332,ret_5d>5% AND atr_high_30pct,2
2464,2120,456,302,0.18506493506493507,0.14245283018867924,0.07871434103523944,0.05677634383598806,2.3510955263169104,2.5090173224290035,0.10307167235494881,29.444444444444443,vol_high_close_high AND obv_above_ma10,2
2661,2122,493,302,0.1852686959789553,0.1423185673892554,0.07871434103523944,0.05677634383598806,2.3536841386503227,2.5066525558668653,0.10307167235494881,29.47222222222222,ret_1d>0 AND vol_high_close_high,2
823,1391,108,197,0.13122721749696234,0.14162473040977713,0.07871434103523944,0.05677634383598806,1.6671322629533738,2.494432026459713,0.06723549488054607,19.319444444444443,rsi_14>70 AND jauh_dari_high_20d,2
2271,1745,345,247,0.15191545574636725,0.14154727793696276,0.07871434103523944,0.05677634383598806,1.929959061441632,2.4930678584351194,0.08430034129692833,24.23611111111111,vol_ratio_5>2.0 AND cmf_pos,2
2204,1776,365,248,0.16560798548094374,0.13963963963963963,0.07871434103523944,0.05677634383598806,2.103911222566204,2.4594686837007655,0.08464163822525597,24.666666666666668,vol_high_close_high AND cmf_pos,2
2745,2016,483,281,0.17595628415300546,0.13938492063492064,0.07871434103523944,0.05677634383598806,2.235377719470865,2.454982325694783,0.09590443686006826,28.0,vol_ratio_5>2.0 AND clv>0.5,2
592,1222,75,170,0.1266891891891892,0.13911620294599017,0.07871434103523944,0.05677634383598806,1.609480401194898,2.450249409293778,0.05802047781569966,16.97222222222222,rsi_14>70 AND atr_high_30pct,2
1690,2775,287,385,0.16982248520710058,0.13873873873873874,0.07871434103523944,0.05677634383598806,2.15745292374452,2.443601143805922,0.13139931740614336,38.541666666666664,vol_ratio_5>2.0 AND px>sma50,2
4297,1210,722,167,0.16802420293227832,0.13801652892561983,0.07871434103523944,0.05677634383598806,2.134607248468941,2.4308808845513776,0.05699658703071672,16.805555555555557,ret_1d>5% AND jauh_dari_high_20d,2
744,1734,117,239,0.15725806451612903,0.13783160322952712,0.07871434103523944,0.05677634383598806,1.997832446386441,2.4276237939464083,0.08156996587030717,24.083333333333332,vol_z_20>2 AND ma20>ma50,2
3500,2158,450,297,0.12857142857142856,0.1376274328081557,0.07871434103523944,0.05677634383598806,1.6333926814412218,2.42402774658624,0.10136518771331059,29.97222222222222,gap_up>1% AND cmf_pos,2
5840,2719,903,373,0.15462328767123287,0.13718278778962853,0.07871434103523944,0.05677634383598806,1.9643598058200085,2.416196227532959,0.1273037542662116,37.763888888888886,gap_up>2%,1
5840,2719,903,373,0.15462328767123287,0.13718278778962853,0.07871434103523944,0.05677634383598806,1.9643598058200085,2.416196227532959,0.1273037542662116,37.763888888888886,gap_up>1% AND gap_up>2%,2
751,285,158,39,0.2103861517976032,0.1368421052631579,0.07871434103523944,0.05677634383598806,2.672780449288344,2.4101957966588827,0.013310580204778157,3.9583333333333335,vol_ratio_20>3.0 AND ret_20d<-10%,2
2792,2195,480,300,0.17191977077363896,0.1366742596810934,0.07871434103523944,0.05677634383598806,2.184097186263334,2.407239537577647,0.10238907849829351,30.48611111111111,close>open AND vol_high_close_high,2
1168,880,204,118,0.17465753424657535,0.1340909090909091,0.07871434103523944,0.05677634383598806,2.2188781859760893,2.361739062984797,0.040273037542662114,12.222222222222221,vol_ratio_5>3.0 AND jauh_dari_high_20d,2
1589,764,239,101,0.15040906230333542,0.13219895287958114,0.07871434103523944,0.05677634383598806,1.9108215901343713,2.3284160963493736,0.03447098976109215,10.61111111111111,vol_ratio_5>2.0 AND atr_high_30pct,2
2563,712,338,94,0.1318767069840031,0.13202247191011235,0.07871434103523944,0.05677634383598806,1.6753834847574158,2.325307742455037,0.032081911262798635,9.88888888888889,ret_5d>10% AND rsi_14_40_60,2
3170,2456,507,318,0.15993690851735015,0.12947882736156352,0.07871434103523944,0.05677634383598806,2.031864923391131,2.2805066091538726,0.10853242320819112,34.111111111111114,vol_high_close_high,1
3170,2456,507,318,0.15993690851735015,0.12947882736156352,0.07871434103523944,0.05677634383598806,2.031864923391131,2.2805066091538726,0.10853242320819112,34.111111111111114,clv>0.7 AND vol_high_close_high,2
3170,2456,507,318,0.15993690851735015,0.12947882736156352,0.07871434103523944,0.05677634383598806,2.031864923391131,2.2805066091538726,0.10853242320819112,34.111111111111114,clv>0.5 AND vol_high_close_high,2
1046,310,171,40,0.16347992351816443,0.12903225806451613,0.07871434103523944,0.05677634383598806,2.076875971622204,2.2726411978421224,0.013651877133105802,4.305555555555555,vol_z_20>2 AND ret_20d<-10%,2
1156,2409,176,305,0.1522491349480969,0.1266085512660855,0.07871434103523944,0.05677634383598806,1.93419817717761,2.2299525244496956,0.10409556313993173,33.458333333333336,vol_ratio_5>2.0 AND ma20>ma50,2
935,893,137,113,0.146524064171123,0.1265397536394177,0.07871434103523944,0.05677634383598806,1.861465931672171,2.228740793964433,0.03856655290102389,12.402777777777779,vol_ratio_20>3.0 AND rsi_14_40_60,2
2831,2011,471,254,0.16637230660543978,0.12630532073595227,0.07871434103523944,0.05677634383598806,2.1136212844741586,2.2246117344367073,0.08668941979522184,27.930555555555557,ret_1d>2% AND dekat_high_20d,2
4291,2303,645,285,0.15031461197855978,0.12375162831089882,0.07871434103523944,0.05677634383598806,1.9096216775957735,2.1796336281953055,0.09726962457337884,31.98611111111111,clv>0.5 AND gap_up>1%,2
3971,1547,548,190,0.13800050365147318,0.12281835811247575,0.07871434103523944,0.05677634383598806,1.7531812098851471,2.1631959688574827,0.06484641638225255,21.48611111111111,gap_up>1% AND atr_high_30pct,2
1717,530,288,65,0.16773442050087362,0.12264150943396226,0.07871434103523944,0.05677634383598806,2.130925804559311,2.1600811385150362,0.02218430034129693,7.361111111111111,vol_ratio_20>2.0 AND ret_20d<-10%,2
524,495,69,60,0.1316793893129771,0.12121212121212122,0.07871434103523944,0.05677634383598806,1.6728767284480708,2.134905367669873,0.020477815699658702,6.875,vol_z_20>3 AND rsi_14_40_60,2
1132,1689,140,204,0.12367491166077739,0.12078152753108348,0.07871434103523944,0.05677634383598806,1.5711865212135823,2.127321334392182,0.0696245733788396,23.458333333333332,vol_z_20>2 AND atr_low_30pct,2
1090,390,177,47,0.16238532110091744,0.12051282051282051,0.07871434103523944,0.05677634383598806,2.062969961575611,2.122588605933316,0.016040955631399317,5.416666666666667,jauh_dari_high_20d AND vol_high_close_high,2
4704,1546,643,186,0.1366921768707483,0.1203104786545925,0.07871434103523944,0.05677634383598806,1.7365600101962728,2.119024764999625,0.06348122866894199,21.47222222222222,ret_1d>2% AND atr_high_30pct,2
4249,1658,612,197,0.1440338903271358,0.11881785283474065,0.07871434103523944,0.05677634383598806,1.829830351532176,2.0927351922831487,0.06723549488054607,23.02777777777778,gap_up>2% AND jauh_dari_high_20d,2
2061,314,333,37,0.1615720524017467,0.1178343949044586,0.07871434103523944,0.05677634383598806,2.05263806158795,2.0754135779656964,0.012627986348122866,4.361111111111111,gap_up>2% AND ret_20d<-10%,2
642,606,97,71,0.15109034267912771,0.11716171617161716,0.07871434103523944,0.05677634383598806,1.9194766886441497,2.0635657081066467,0.024232081911262797,8.416666666666666,vol_ratio_5>3.0 AND rsi_14_40_60,2
2253,736,356,86,0.158011540168664,0.11684782608695653,0.07871434103523944,0.05677634383598806,2.007404725625845,2.058037171687194,0.029351535836177476,10.222222222222221,ret_20d<-10% AND mfi_overbought,2
285,577,29,67,0.10175438596491228,0.11611785095320624,0.07871434103523944,0.05677634383598806,1.2927045393082575,2.0451801420788946,0.02286689419795222,8.01388888888889,vol_ratio_5>3.0 AND bb_squeeze,2
3571,2160,515,250,0.1442173060767292,0.11574074074074074,0.07871434103523944,0.05677634383598806,1.8321604955336523,2.03853811149033,0.08532423208191127,30.0,vol_ratio_5>2.0 AND jauh_dari_high_20d,2
2349,322,408,37,0.17369093231162197,0.11490683229813664,0.07871434103523944,0.05677634383598806,2.2065983152150466,2.023850507705679,0.012627986348122866,4.472222222222222,ret_1d>5% AND ret_20d<-10%,2
725,584,92,67,0.12689655172413794,0.11472602739726027,0.07871434103523944,0.05677634383598806,1.612114769115934,2.0206659965402776,0.02286689419795222,8.11111111111111,ret_1d>5% AND bb_squeeze,2
2265,880,297,100,0.13112582781456952,0.11363636363636363,0.07871434103523944,0.05677634383598806,1.665844191668531,2.0014737821905055,0.034129692832764506,12.222222222222221,ret_1d>5% AND rsi_14_40_60,2
1059,934,115,106,0.10859301227573183,0.11349036402569593,0.07871434103523944,0.05677634383598806,1.3795835783865111,1.9989022955324451,0.03617747440273038,12.972222222222221,gap_up>2% AND atr_low_30pct,2
1556,2410,240,273,0.15424164524421594,0.11327800829875519,0.07871434103523944,0.05677634383598806,1.9595113573416545,1.9951620806367099,0.0931740614334471,33.47222222222222,clv>0.7 AND rsi_14>70,2
1023,1374,143,155,0.13978494623655913,0.11280931586608442,0.07871434103523944,0.05677634383598806,1.775851063454614,1.9869070152167756,0.052901023890784986,19.083333333333332,atr_low_30pct AND vol_high_close_high,2
1822,2567,190,288,0.10428100987925357,0.11219322165952474,0.07871434103523944,0.05677634383598806,1.324803187167231,1.9760557668810352,0.09829351535836177,35.65277777777778,vol_ratio_20>2.0 AND atr_low_30pct,2
1895,2834,199,317,0.10501319261213721,0.1118560338743825,0.07871434103523944,0.05677634383598806,1.3341049576356625,1.9701168887786291,0.10819112627986348,39.361111111111114,rsi_14>60 AND atr_high_30pct,2
2466,2304,369,257,0.14963503649635038,0.1115451388888889,0.07871434103523944,0.05677634383598806,1.9009882383358911,1.9646411049488055,0.08771331058020478,32.0,ret_5d>5% AND dekat_high_20d,2
369,329,39,36,0.10569105691056911,0.1094224924012158,0.07871434103523944,0.05677634383598806,1.3427166577339766,1.927254997562165,0.012286689419795221,4.569444444444445,jauh_dari_high_20d AND vol_high_price_flat,2
1158,369,124,40,0.1070811744386874,0.10840108401084012,0.07871434103523944,0.05677634383598806,1.3603769405977555,1.9092649629567968,0.013651877133105802,5.125,ret_5d>10% AND nr7,2
651,467,90,50,0.1382488479262673,0.10706638115631692,0.07871434103523944,0.05677634383598806,1.7563362166034646,1.8857568825777784,0.017064846416382253,6.486111111111111,ret_5d>10% AND bb_squeeze,2
1639,2356,169,252,0.10311165344722392,0.10696095076400679,0.07871434103523944,0.05677634383598806,1.309947489759993,1.8838999403164964,0.08600682593856655,32.72222222222222,vol_ratio_5>2.0 AND atr_low_30pct,2
446,875,58,93,0.13004484304932734,0.10628571428571429,0.07871434103523944,0.05677634383598806,1.6521111825240062,1.8720070209653827,0.03174061433447099,12.152777777777779,vol_ratio_20>3.0 AND bb_squeeze,2
788,298,111,31,0.14086294416243655,0.1040268456375839,0.07871434103523944,0.05677634383598806,1.7895461272981241,1.8322216368509059,0.010580204778156996,4.138888888888889,gap_up>2% AND nr7,2
287,2169,23,224,0.08013937282229965,0.103273397879207,0.07871434103523944,0.05677634383598806,1.0181038393807074,1.8189511846260602,0.07645051194539249,30.125,ma50>ma200 AND atr_high_30pct,2
1458,2342,199,241,0.1364883401920439,0.10290350128095645,0.07871434103523944,0.05677634383598806,1.733970435335789,1.8124362072030848,0.08225255972696245,32.52777777777778,ret_20d>10% AND dekat_high_20d,2
1251,1028,137,105,0.10951239008792965,0.10214007782101167,0.07871434103523944,0.05677634383598806,1.391263506085915,1.7989900532529448,0.03583617747440273,14.277777777777779,vol_z_20>2 AND rsi_14_40_60,2
3563,278,466,28,0.13078866124052765,0.10071942446043165,0.07871434103523944,0.05677634383598806,1.6615607717782352,1.7739681292508656,0.00955631399317406,3.861111111111111,ret_5d>5% AND ret_20d<-10%,2
492,232,87,23,0.17682926829268292,0.09913793103448276,0.07871434103523944,0.05677634383598806,2.2464682542856913,1.746113334117924,0.007849829351535836,3.2222222222222223,vol_ratio_20>3.0 AND rsi_14<30,2
1665,525,249,52,0.14954954954954955,0.09904761904761905,0.07871434103523944,0.05677634383598806,1.8999021980327326,1.7445226718673819,0.017747440273037544,7.291666666666667,vol_ratio_5>2.0 AND ret_20d<-10%,2
1985,1061,201,105,0.10125944584382872,0.09896324222431668,0.07871434103523944,0.05677634383598806,1.2864167381963614,1.7430365454703367,0.03583617747440273,14.73611111111111,gap_up>2% AND rsi_14_40_60,2
4452,923,605,88,0.13589398023360288,0.09534127843986999,0.07871434103523944,0.05677634383598806,1.7264195881759947,1.6792430085897374,0.030034129692832763,12.819444444444445,gap_up>1% AND ret_20d<-10%,2
2146,1837,229,175,0.10671015843429636,0.09526401741970604,0.07871434103523944,0.05677634383598806,1.3556634919489898,1.6778822126147952,0.059726962457337884,25.51388888888889,vol_ratio_20>2.0 AND rsi_14_40_60,2
274,557,31,52,0.11313868613138686,0.0933572710951526,0.07871434103523944,0.05677634383598806,1.4373325704490882,1.644298748169435,0.017747440273037544,7.736111111111111,vol_z_20>3 AND bb_squeeze,2
504,284,77,26,0.1527777777777778,0.09154929577464789,0.07871434103523944,0.05677634383598806,1.940914143070588,1.6124549343844639,0.008873720136518772,3.9444444444444446,vol_ratio_5>3.0 AND rsi_14<40,2
10714,2160,1293,196,0.12068321821915251,0.09074074074074075,0.07871434103523944,0.05677634383598806,1.5331795532039596,1.5982138794084189,0.06689419795221843,30.0,ret_20d<-10% AND naik_10pct_dari_low,2
371,454,27,41,0.07277628032345014,0.09030837004405286,0.07871434103523944,0.05677634383598806,0.9245618951554088,1.5905985476086661,0.013993174061433447,6.305555555555555,vol_ratio_20>3.0 AND vol_high_price_flat,2
2015,1879,222,169,0.11017369727047147,0.08994145822245875,0.07871434103523944,0.05677634383598806,1.3996648618470686,1.5841361409652581,0.05767918088737201,26.09722222222222,vol_ratio_5>2.0 AND rsi_14_40_60,2
5219,2396,541,211,0.103659704924315,0.08806343906510851,0.07871434103523944,0.05677634383598806,1.3169100263179212,1.5510586472334436,0.0720136518771331,33.27777777777778,ret_5d>5% AND rsi_14_40_60,2
5032,892,692,78,0.13751987281399047,0.08744394618834081,0.07871434103523944,0.05677634383598806,1.7470751962774422,1.5401475382237255,0.026621160409556314,12.38888888888889,ret_1d>2% AND ret_20d<-10%,2
390,402,30,35,0.07692307692307693,0.08706467661691543,0.07871434103523944,0.05677634383598806,0.9772434846229534,1.5334674749121289,0.011945392491467578,5.583333333333333,naik_10pct_dari_low AND vol_high_price_flat,2
835,427,137,37,0.16407185628742516,0.08665105386416862,0.07871434103523944,0.05677634383598806,2.084395983369437,1.526182350073135,0.012627986348122866,5.930555555555555,vol_ratio_20>3.0 AND rsi_14<40,2
1960,393,303,34,0.15459183673469387,0.08651399491094147,0.07871434103523944,0.05677634383598806,1.963960247923374,1.5237683349399473,0.011604095563139932,5.458333333333333,gap_up>2% AND rsi_14<40,2
1484,637,234,55,0.15768194070080863,0.08634222919937205,0.07871434103523944,0.05677634383598806,2.0032174395033855,1.520743030738155,0.01877133105802048,8.847222222222221,rsi_14<40 AND mfi_overbought,2
1029,694,100,59,0.09718172983479106,0.08501440922190202,0.07871434103523944,0.05677634383598806,1.2346127599706895,1.4973561782612546,0.020136518771331057,9.63888888888889,rsi_14_40_60 AND vol_high_close_high,2
773,400,29,34,0.037516170763260026,0.085,0.07871434103523944,0.05677634383598806,0.47661163480317387,1.4971023890784985,0.011604095563139932,5.555555555555555,atr_high_30pct AND dekat_high_20d,2
1798,766,182,65,0.10122358175750834,0.08485639686684072,0.07871434103523944,0.05677634383598806,1.2859611149154102,1.4945731115051817,0.02218430034129693,10.63888888888889,ret_1d>2% AND nr7,2
490,236,83,20,0.16938775510204082,0.0847457627118644,0.07871434103523944,0.05677634383598806,2.1519300406289115,1.4926245155319025,0.006825938566552901,3.2777777777777777,vol_z_20>3 AND rsi_14<40,2
996,1713,78,145,0.0783132530120482,0.0846468184471687,0.07871434103523944,0.05677634383598806,0.9949045114534887,1.4908818132370607,0.04948805460750853,23.791666666666668,vol_ratio_5>2.0 AND bb_squeeze,2
470,596,31,50,0.06595744680851064,0.08389261744966443,0.07871434103523944,0.05677634383598806,0.8379343070277664,1.4775980942346016,0.017064846416382253,8.277777777777779,vol_ratio_5>2.0 AND vol_high_price_flat,2
449,251,69,21,0.15367483296213807,0.08366533864541832,0.07871434103523944,0.05677634383598806,1.9523104804160114,1.473595039636675,0.007167235494880546,3.486111111111111,vol_ratio_20>3.0 AND mfi_oversold,2
764,263,108,22,0.14136125654450263,0.08365019011406843,0.07871434103523944,0.05677634383598806,1.7958767701709772,1.4733282290193228,0.007508532423208191,3.6527777777777777,vol_z_20>2 AND rsi_14<30,2
1555,348,158,29,0.10160771704180065,0.08333333333333333,0.07871434103523944,0.05677634383598806,1.29084123306466,1.4677474402730375,0.009897610921501706,4.833333333333333,ret_20d<-10% AND px>sma20,2
1950,244,327,20,0.1676923076923077,0.08196721311475409,0.07871434103523944,0.05677634383598806,2.1303907964780384,1.4436860068259385,0.006825938566552901,3.388888888888889,ret_1d>5% AND rsi_14<40,2
640,1124,64,92,0.1,0.08185053380782918,0.07871434103523944,0.05677634383598806,1.2704165300098393,1.441630937777076,0.031399317406143344,15.61111111111111,vol_z_20>2 AND bb_squeeze,2
285,393,13,32,0.0456140350877193,0.08142493638676845,0.07871434103523944,0.05677634383598806,0.5794882417588741,1.4341349034728919,0.010921501706484642,5.458333333333333,px>2pct_above_sma20 AND vol_high_price_flat,2
7947,1758,918,143,0.11551528878822197,0.0813424345847554,0.07871434103523944,0.05677634383598806,1.4675253234541745,1.432681801768221,0.04880546075085324,24.416666666666668,ret_20d<-10% AND obv_above_ma10,2
11116,2120,1562,172,0.1405181720043181,0.08113207547169811,0.07871434103523944,0.05677634383598806,1.7851660848105155,1.4289767531714854,0.05870307167235495,29.444444444444443,ret_20d<-10% AND atr_high_30pct,2
294,422,20,34,0.06802721088435375,0.08056872037914692,0.07871434103523944,0.05677634383598806,0.8642289319794826,1.419054397230804,0.011604095563139932,5.861111111111111,vol_high_price_flat AND mfi_overbought,2
1206,436,173,35,0.14344941956882257,0.08027522935779817,0.07871434103523944,0.05677634383598806,1.8224051384054911,1.4138851488868711,0.011945392491467578,6.055555555555555,vol_ratio_20>2.0 AND rsi_14<30,2
319,262,23,21,0.07210031347962383,0.08015267175572519,0.07871434103523944,0.05677634383598806,0.9159743006340535,1.4117265456061276,0.007167235494880546,3.638888888888889,vol_ratio_20>2.0 AND nr7,2
2330,1449,246,116,0.1055793991416309,0.0800552104899931,0.07871434103523944,0.05677634383598806,1.3412981389803456,1.4100099633264793,0.039590443686006824,20.125,gap_up>1% AND nr7,2
1048,1783,89,141,0.08492366412213741,0.07908020190689849,0.07871434103523944,0.05677634383598806,1.078884266897669,1.392837167101503,0.04812286689419795,24.76388888888889,vol_ratio_20>2.0 AND bb_squeeze,2
1687,2759,190,218,0.11262596324836989,0.079014135556361,0.07871434103523944,0.05677634383598806,1.4308188541900977,1.3916735424988278,0.07440273037542662,38.31944444444444,rsi_14>70 AND dekat_high_20d,2
8995,1994,1054,155,0.11717620900500278,0.07773319959879639,0.07871434103523944,0.05677634383598806,1.4886259284384333,1.3691124568243982,0.052901023890784986,27.694444444444443,rsi_14<40 AND naik_10pct_dari_low,2
5762,2092,540,162,0.09371745921555015,0.07743785850860421,0.07871434103523944,0.05677634383598806,1.1906020933795787,1.363910623274754,0.0552901023890785,29.055555555555557,ret_20d<-10% AND rsi_14_40_60,2
3510,660,530,50,0.150997150997151,0.07575757575757576,0.07871434103523944,0.05677634383598806,1.9182927661117233,1.3343158547936704,0.017064846416382253,9.166666666666666,rsi_14<30 AND naik_10pct_dari_low,2
580,504,73,38,0.12586206896551724,0.07539682539682539,0.07871434103523944,0.05677634383598806,1.5989725291503152,1.3279619697708434,0.012969283276450512,7.0,vol_ratio_20>3.0 AND dekat_low_20d,2
1926,2457,159,185,0.08255451713395638,0.0752950752950753,0.07871434103523944,0.05677634383598806,1.0487862319395869,1.3261698483541489,0.06313993174061433,34.125,ret_1d>2% AND bb_squeeze,2
1529,1923,163,144,0.1066056245912361,0.0748829953198128,0.07871434103523944,0.05677634383598806,1.3543354767272977,1.318911896407597,0.049146757679180884,26.708333333333332,ret_5d>5% AND bb_squeeze,2
334,339,37,25,0.11077844311377245,0.07374631268436578,0.07871434103523944,0.05677634383598806,1.4073476530049118,1.298891540064635,0.008532423208191127,4.708333333333333,vol_ratio_5>3.0 AND dekat_low_20d,2
249,381,11,28,0.04417670682730924,0.07349081364829396,0.07871434103523944,0.05677634383598806,0.5612281859481218,1.2943914433903954,0.00955631399317406,5.291666666666667,rsi_14>60 AND vol_high_price_flat,2
512,545,23,40,0.044921875,0.07339449541284404,0.07871434103523944,0.05677634383598806,0.5706949255903575,1.2926949932679965,0.013651877133105802,7.569444444444445,vol_z_20>2 AND vol_high_price_flat,2
2161,1245,173,90,0.08005552984729292,0.07228915662650602,0.07871434103523944,0.05677634383598806,1.0170386843669699,1.273226695176611,0.030716723549488054,17.291666666666668,ret_20d<-10% AND bb_squeeze,2
5067,1793,447,129,0.08821788040260509,0.07194645844952594,0.07871434103523944,0.05677634383598806,1.1207345350590057,1.2671907627120258,0.04402730375426621,24.90277777777778,clv>0.7 AND atr_high_30pct,2
2889,1405,365,101,0.12634129456559362,0.07188612099644127,0.07871434103523944,0.05677634383598806,1.6050606903897242,1.2661280410042144,0.03447098976109215,19.51388888888889,ret_20d<-10% AND ma20>ma50,2
311,1092,41,78,0.13183279742765272,0.07142857142857142,0.07871434103523944,0.05677634383598806,1.6748256504952865,1.2580692345197464,0.026621160409556314,15.166666666666666,ret_20d<-10% AND ma50>ma200,2
459,380,53,27,0.11546840958605664,0.07105263157894737,0.07871434103523944,0.05677634383598806,1.4669297623207296,1.2514478174959582,0.009215017064846417,5.277777777777778,ret_20d<-10% AND px>sma50,2
720,310,84,22,0.11666666666666667,0.07096774193548387,0.07871434103523944,0.05677634383598806,1.4821526183448126,1.2499526588131675,0.007508532423208191,4.305555555555555,vol_z_20>2 AND mfi_oversold,2
667,664,57,47,0.08545727136431784,0.07078313253012049,0.07871434103523944,0.05677634383598806,1.0856633015076589,1.2467011390270983,0.016040955631399317,9.222222222222221,gap_up>2% AND bb_squeeze,2
444,665,18,47,0.04054054054054054,0.07067669172932331,0.07871434103523944,0.05677634383598806,0.5150337283823674,1.2448264004721703,0.016040955631399317,9.23611111111111,px>sma20 AND vol_high_price_flat,2
1281,513,159,36,0.12412177985948478,0.07017543859649122,0.07871434103523944,0.05677634383598806,1.5768636086773182,1.2359978444404527,0.012286689419795221,7.125,vol_z_20>2 AND rsi_14<40,2
6790,941,710,66,0.10456553755522828,0.07013815090329437,0.07871434103523944,0.05677634383598806,1.3284178737952665,1.235341097445532,0.022525597269624574,13.069444444444445,ret_5d>0 AND ret_20d<-10%,2
344,610,14,42,0.040697674418604654,0.06885245901639345,0.07871434103523944,0.05677634383598806,0.5170299831435393,1.2126962457337884,0.014334470989761093,8.472222222222221,ret_20d>0 AND vol_high_price_flat,2
370,497,19,34,0.051351351351351354,0.06841046277665996,0.07871434103523944,0.05677634383598806,0.6523760559509987,1.204911379540039,0.011604095563139932,6.902777777777778,rsi_14_40_60 AND vol_high_price_flat,2
1070,410,131,28,0.12242990654205607,0.06829268292682927,0.07871434103523944,0.05677634383598806,1.555369770385878,1.202836926662782,0.00955631399317406,5.694444444444445,vol_ratio_5>2.0 AND rsi_14<30,2
2035,852,259,58,0.12727272727272726,0.06807511737089202,0.07871434103523944,0.05677634383598806,1.616893765467068,1.1990049512089602,0.019795221843003412,11.833333333333334,vol_ratio_20>2.0 AND rsi_14<40,2
2002,839,226,57,0.11288711288711288,0.06793802145411204,0.07871434103523944,0.05677634383598806,1.4341365423687495,1.1965902850378518,0.019453924914675767,11.652777777777779,vol_ratio_5>2.0 AND rsi_14<40,2
407,427,63,29,0.1547911547911548,0.06791569086651054,0.07871434103523944,0.05677634383598806,1.9664924174599479,1.1961969770843492,0.009897610921501706,5.930555555555555,ret_20d>10% AND rsi_14<40,2
1741,2405,137,163,0.07869040781160253,0.06777546777546778,0.07871434103523944,0.05677634383598806,0.9996959483707524,1.1937272320890069,0.05563139931740614,33.40277777777778,gap_up>1% AND bb_squeeze,2
8240,1845,973,125,0.11808252427184467,0.06775067750677506,0.07871434103523944,0.05677634383598806,1.5001399074023953,1.1932906018479978,0.042662116040955635,25.625,ret_1d>0 AND ret_20d<-10%,2
4746,1005,592,68,0.12473662031184155,0.06766169154228856,0.07871434103523944,0.05677634383598806,1.5846746434172458,1.1917232947888543,0.023208191126279865,13.958333333333334,ret_1d>2% AND rsi_14<40,2
2431,1162,221,78,0.09090909090909091,0.06712564543889846,0.07871434103523944,0.05677634383598806,1.154924118190763,1.1822819312354245,0.026621160409556314,16.13888888888889,ret_5d>5% AND nr7,2
517,629,29,42,0.05609284332688588,0.06677265500794913,0.07871434103523944,0.05677634383598806,0.7126127537772794,1.1760647216178235,0.014334470989761093,8.73611111111111,vol_high_price_flat AND obv_above_ma10,2
10445,2621,1125,174,0.1077070368597415,0.0663868752384586,0.07871434103523944,0.05677634383598806,1.3683280002499467,1.1692699943876772,0.059385665529010236,36.40277777777778,close>open AND ret_20d<-10%,2
10955,2662,1397,176,0.12752167959835692,0.06611570247933884,0.07871434103523944,0.05677634383598806,1.6200564969637112,1.1644938369108397,0.060068259385665526,36.97222222222222,ret_20d<-10% AND rsi_14<30,2
450,581,21,38,0.04666666666666667,0.06540447504302926,0.07871434103523944,0.05677634383598806,0.5928610473379251,1.1519670099216957,0.012969283276450512,8.069444444444445,ret_5d>0 AND vol_high_price_flat,2
8238,1946,841,126,0.10208788540907987,0.06474820143884892,0.07871434103523944,0.05677634383598806,1.2969413713744535,1.1404080830898422,0.043003412969283276,27.02777777777778,clv>0.5 AND ret_20d<-10%,2
4494,1267,538,82,0.11971517578994215,0.06471981057616416,0.07871434103523944,0.05677634383598806,1.5208813821657623,1.1399080356974498,0.027986348122866895,17.59722222222222,gap_up>1% AND rsi_14<40,2
1113,515,136,33,0.12219227313566937,0.06407766990291262,0.07871434103523944,0.05677634383598806,1.552350836310316,1.128598031743928,0.011262798634812287,7.152777777777778,vol_ratio_20>2.0 AND mfi_oversold,2
1001,1132,50,72,0.04995004995004995,0.0636042402826855,0.07871434103523944,0.05677634383598806,0.6345736913136061,1.1202595303850744,0.024573378839590442,15.722222222222221,vol_high_price_flat,1
1001,1132,50,72,0.04995004995004995,0.0636042402826855,0.07871434103523944,0.05677634383598806,0.6345736913136061,1.1202595303850744,0.024573378839590442,15.722222222222221,vol_ratio_20>2.0 AND vol_high_price_flat,2
3747,851,330,54,0.08807045636509207,0.06345475910693302,0.07871434103523944,0.05677634383598806,1.1188616357172325,1.1176267230281178,0.018430034129692834,11.819444444444445,ret_20d<-10% AND cmf_pos,2
1583,2626,139,166,0.08780795957043588,0.06321401370906321,0.07871434103523944,0.05677634383598806,1.1155268330471741,1.1133864817303467,0.05665529010238908,36.47222222222222,ret_20d>10% AND nr7,2
2244,540,321,34,0.14304812834224598,0.06296296296296296,0.07871434103523944,0.05677634383598806,1.8173070683295829,1.1089647326507395,0.011604095563139932,7.5,gap_up>1% AND rsi_14<30,2
329,605,11,38,0.03343465045592705,0.0628099173553719,0.07871434103523944,0.05677634383598806,0.42475932614310735,1.1062691450652977,0.012969283276450512,8.402777777777779,atr_low_30pct AND vol_high_price_flat,2
4932,1092,512,67,0.10381184103811841,0.06135531135531135,0.07871434103523944,0.05677634383598806,1.3188427886557943,1.0806492142669617,0.02286689419795222,15.166666666666666,clv>0.7 AND ret_20d<-10%,2
2089,377,327,23,0.1565342269028243,0.0610079575596817,0.07871434103523944,0.05677634383598806,1.9886366936965891,1.0745312825341071,0.007849829351535836,5.236111111111111,ret_1d>2% AND rsi_14<30,2
405,430,23,26,0.056790123456790124,0.06046511627906977,0.07871434103523944,0.05677634383598806,0.7214711158080569,1.0649702357329947,0.008873720136518772,5.972222222222222,close>open AND vol_high_price_flat,2
7649,2733,794,165,0.10380441887828475,0.06037321624588365,0.07871434103523944,0.05677634383598806,1.3187484963103837,1.0633516032713555,0.05631399317406143,37.958333333333336,ret_20d<-10% AND dekat_low_20d,2
1444,998,112,60,0.07756232686980609,0.06012024048096192,0.07871434103523944,0.05677634383598806,0.9853646216142797,1.0588959488943757,0.020477815699658702,13.86111111111111,vol_ratio_5>2.0 AND dekat_low_20d,2
1890,305,248,18,0.1312169312169312,0.05901639344262295,0.07871434103523944,0.05677634383598806,1.6670015843515351,1.0394539249146757,0.0061433447098976105,4.236111111111111,ret_5d>5% AND rsi_14<40,2
4508,2035,320,120,0.0709849157054126,0.05896805896805897,0.07871434103523944,0.05677634383598806,0.9018041029351123,1.0386026112988571,0.040955631399317405,28.26388888888889,ret_20d<-10% AND atr_low_30pct,2
738,663,40,39,0.05420054200542006,0.058823529411764705,0.07871434103523944,0.05677634383598806,0.688572644991783,1.0360570166633205,0.013310580204778157,9.208333333333334,rsi_14<30 AND bb_squeeze,2
3965,698,426,41,0.10744010088272384,0.05873925501432665,0.07871434103523944,0.05677634383598806,1.364936801473371,1.0345726942898774,0.013993174061433447,9.694444444444445,naik_10pct_dari_low AND mfi_oversold,2
370,426,37,25,0.1,0.05868544600938967,0.07871434103523944,0.05677634383598806,1.2704165300098393,1.0336249579387589,0.008532423208191127,5.916666666666667,ret_20d>0 AND rsi_14<30,2
783,273,105,16,0.13409961685823754,0.05860805860805861,0.07871434103523944,0.05677634383598806,1.703623699246911,1.0322619360162022,0.005460750853242321,3.7916666666666665,gap_up>2% AND dekat_low_20d,2
5885,1605,568,94,0.09651656754460493,0.058566978193146414,0.07871434103523944,0.05677634383598806,1.2261624282847727,1.0315383879302096,0.032081911262798635,22.291666666666668,ret_20d<-10% AND nr7,2
651,1339,35,77,0.053763440860215055,0.05750560119492158,0.07871434103523944,0.05677634383598806,0.6830196397902363,1.0128443874624993,0.02627986348122867,18.59722222222222,rsi_14>70 AND nr7,2
2366,1061,212,61,0.08960270498732037,0.057492931196983975,0.07871434103523944,0.05677634383598806,1.1383275754948687,1.0126212311780052,0.020819112627986348,14.73611111111111,gap_up>1% AND dekat_low_20d,2
1030,437,99,25,0.09611650485436893,0.057208237986270026,0.07871434103523944,0.05677634383598806,1.2210799657376126,1.007606938402543,0.008532423208191127,6.069444444444445,vol_ratio_5>2.0 AND mfi_oversold,2
1268,1842,113,103,0.08911671924290221,0.05591748099891422,0.07871434103523944,0.05677634383598806,1.132153532264289,0.9848728752320708,0.03515358361774744,25.583333333333332,ret_20d>10% AND bb_squeeze,2
11865,2489,1466,139,0.12355667930889169,0.05584572117316191,0.07871434103523944,0.05677634383598806,1.569684477871407,0.983608971625322,0.04744027303754266,34.56944444444444,rsi_14<40 AND atr_high_30pct,2
8463,1813,914,101,0.10799952735436606,0.05570876999448428,0.07871434103523944,0.05677634383598806,1.3720438478423647,0.9811968547219644,0.03447098976109215,25.180555555555557,ret_20d<-10% AND mfi_oversold,2
279,561,8,31,0.02867383512544803,0.05525846702317291,0.07871434103523944,0.05677634383598806,0.3642771412214593,0.973265682320089,0.010580204778156996,7.791666666666667,px>sma50 AND vol_high_price_flat,2
6578,1414,976,78,0.1483733657646701,0.055162659123055166,0.07871434103523944,0.05677634383598806,1.884959764806329,0.9715782207182201,0.026621160409556314,19.63888888888889,rsi_14<30 AND atr_high_30pct,2
221,1833,17,101,0.07692307692307693,0.055100927441352976,0.07871434103523944,0.05677634383598806,0.9772434846229534,0.9704909425045944,0.03447098976109215,25.458333333333332,ma50>ma200 AND nr7,2
270,274,22,15,0.08148148148148149,0.05474452554744526,0.07871434103523944,0.05677634383598806,1.035154209637647,0.9642136468946962,0.005119453924914676,3.8055555555555554,vol_ratio_5>2.0 AND nr7,2
1533,1061,127,58,0.08284409654272668,0.05466540999057493,0.07871434103523944,0.05677634383598806,1.0524650966161095,0.9628201870217099,0.019795221843003412,14.73611111111111,vol_ratio_20>2.0 AND dekat_low_20d,2
1753,1504,154,82,0.08784940102681119,0.05452127659574468,0.07871434103523944,0.05677634383598806,1.1160533121592429,0.9602815699658703,0.027986348122866895,20.88888888888889,dekat_low_20d AND mfi_overbought,2
315,332,16,18,0.050793650793650794,0.05421686746987952,0.07871434103523944,0.05677634383598806,0.6452909358780137,0.9549200213824581,0.0061433447098976105,4.611111111111111,ret_1d>0 AND vol_high_price_flat,2
467,739,35,39,0.07494646680942184,0.05277401894451962,0.07871434103523944,0.05677634383598806,0.9521323030052329,0.9295071746248735,0.013310580204778157,10.26388888888889,bb_squeeze AND vol_high_close_high,2
527,380,26,20,0.04933586337760911,0.05263157894736842,0.07871434103523944,0.05677634383598806,0.6267709635722168,0.9269983833303395,0.006825938566552901,5.277777777777778,px>sma20 AND mfi_oversold,2
220,287,21,15,0.09545454545454546,0.05226480836236934,0.07871434103523944,0.05677634383598806,1.2126703241003012,0.9205384642827413,0.005119453924914676,3.986111111111111,px>sma20 AND rsi_14<40,2
1465,1804,110,94,0.07508532423208192,0.052106430155210645,0.07871434103523944,0.05677634383598806,0.9538963706558522,0.9177489537849148,0.032081911262798635,25.055555555555557,ret_20d>0 AND rsi_14<40,2
2372,1874,253,97,0.1066610455311973,0.05176093916755603,0.07871434103523944,0.05677634383598806,1.3550395535096516,0.9116638316317053,0.03310580204778157,26.02777777777778,ma20>ma50 AND rsi_14<30,2
347,290,45,15,0.12968299711815562,0.05172413793103448,0.07871434103523944,0.05677634383598806,1.6475142320012326,0.9110156525832647,0.005119453924914676,4.027777777777778,vol_z_20>3 AND dekat_low_20d,2
6965,2853,696,147,0.09992821249102656,0.05152471083070452,0.07871434103523944,0.05677634383598806,1.2695045296293583,0.9075031491909001,0.050170648464163824,39.625,rsi_14<40 AND obv_above_ma10,2
1017,645,82,33,0.08062930186823992,0.05116279069767442,0.07871434103523944,0.05677634383598806,1.0243279789656523,0.9011286610048417,0.011262798634812287,8.958333333333334,vol_z_20>2 AND dekat_low_20d,2
5367,2094,455,107,0.08477734302217253,0.051098376313276024,0.07871434103523944,0.05677634383598806,1.077025379456823,0.8999941324310315,0.03651877133105802,29.083333333333332,atr_high_30pct AND nr7,2
337,220,36,11,0.10682492581602374,0.05,0.07871434103523944,0.05677634383598806,1.3571215157375138,0.8806484641638226,0.0037542662116040954,3.0555555555555554,ret_20d<-10% AND rsi_14>60,2
200,1746,25,87,0.125,0.04982817869415808,0.07871434103523944,0.05677634383598806,1.5880206625122992,0.8776221807818163,0.029692832764505118,24.25,ma50>ma200 AND rsi_14<40,2
250,524,9,26,0.036,0.04961832061068702,0.07871434103523944,0.05677634383598806,0.4573499508035421,0.8739259568037934,0.008873720136518772,7.277777777777778,bb_squeeze AND vol_high_price_flat,2
5635,1725,609,85,0.10807453416149068,0.04927536231884058,0.07871434103523944,0.05677634383598806,1.3729967467187083,0.867885442944057,0.02901023890784983,23.958333333333332,close>open AND rsi_14<30,2
355,777,39,38,0.10985915492957747,0.0489060489060489,0.07871434103523944,0.05677634383598806,1.3956688639544714,0.8613807371486552,0.012969283276450512,10.791666666666666,rsi_14>70 AND bb_squeeze,2
2584,1829,136,87,0.05263157894736842,0.047566976489885185,0.07871434103523944,0.05677634383598806,0.668640278952547,0.8377956958146808,0.029692832764505118,25.40277777777778,rsi_14<30 AND atr_low_30pct,2
557,716,38,34,0.06822262118491922,0.04748603351955307,0.07871434103523944,0.05677634383598806,0.8667114567392082,0.8363700497645241,0.011604095563139932,9.944444444444445,ret_20d>0 AND mfi_oversold,2
2197,783,288,36,0.13108784706417842,0.04597701149425287,0.07871434103523944,0.05677634383598806,1.6653616779373406,0.8097916911851242,0.012286689419795221,10.875,rsi_14<30 AND obv_above_ma10,2
3929,1110,482,50,0.12267752608806312,0.04504504504504504,0.07871434103523944,0.05677634383598806,1.558515570029887,0.7933769947421824,0.017064846416382253,15.416666666666666,ret_1d>0 AND rsi_14<30,2
813,1951,55,86,0.06765067650676507,0.044079958995386984,0.07871434103523944,0.05677634383598806,0.8594453770054263,0.7763789637938364,0.029351535836177476,27.09722222222222,px>sma50 AND rsi_14<40,2
4800,1417,471,61,0.098125,0.043048694424841216,0.07871434103523944,0.05677634383598806,1.246596220072155,0.7582153325898825,0.020819112627986348,19.680555555555557,clv>0.5 AND rsi_14<30,2
5443,1819,455,78,0.08359360646702187,0.04288070368334249,0.07871434103523944,0.05677634383598806,1.06198699458842,0.7552565168199907,0.026621160409556314,25.26388888888889,ret_5d>0 AND rsi_14<40,2
2365,453,261,19,0.11035940803382664,0.04194260485651214,0.07871434103523944,0.05677634383598806,1.4020241620827403,0.73873381099835,0.006484641638225256,6.291666666666667,ret_1d>2% AND mfi_oversold,2
3315,1236,312,51,0.09411764705882353,0.0412621359223301,0.07871434103523944,0.05677634383598806,1.1956861458916135,0.7267487325623778,0.0174061433447099,17.166666666666668,rsi_14<30 AND nr7,2
630,343,42,14,0.06666666666666667,0.04081632653061224,0.07871434103523944,0.05677634383598806,0.8469443533398929,0.7188967054398551,0.00477815699658703,4.763888888888889,atr_high_30pct AND bb_squeeze,2
8480,2649,871,108,0.1027122641509434,0.04077010192525481,0.07871434103523944,0.05677634383598806,1.3048735821209552,0.7180825528855631,0.03686006825938567,36.791666666666664,rsi_14<30 AND mfi_oversold,2
358,420,11,17,0.030726256983240222,0.04047619047619048,0.07871434103523944,0.05677634383598806,0.3903514477683864,0.7129058995611897,0.005802047781569966,5.833333333333333,dekat_low_20d AND vol_high_price_flat,2
5779,991,667,40,0.11541789236892196,0.04036326942482341,0.07871434103523944,0.05677634383598806,1.4662879832437494,0.7109170245520263,0.013651877133105802,13.76388888888889,atr_high_30pct AND mfi_oversold,2
468,426,11,17,0.023504273504273504,0.03990610328638498,0.07871434103523944,0.05677634383598806,0.29860217585701354,0.702864971398356,0.005802047781569966,5.916666666666667,vol_high_price_flat AND cmf_pos,2
1807,403,220,16,0.12174875484228002,0.03970223325062035,0.07871434103523944,0.05677634383598806,1.54671630659748,0.6992742147206531,0.005460750853242321,5.597222222222222,gap_up>1% AND mfi_oversold,2
5443,1963,565,77,0.10380304978871946,0.03922567498726439,0.07871434103523944,0.05677634383598806,1.3187311031702356,0.690880608666473,0.02627986348122867,27.26388888888889,atr_high_30pct AND dekat_low_20d,2
2829,812,264,30,0.09331919406150584,0.03694581280788178,0.07871434103523944,0.05677634383598806,1.1855424670293304,0.6507254661309034,0.010238907849829351,11.277777777777779,clv>0.7 AND rsi_14<30,2
2870,1110,174,40,0.06062717770034843,0.036036036036036036,0.07871434103523944,0.05677634383598806,0.7702176871836657,0.634701595793746,0.013651877133105802,15.416666666666666,rsi_14<30 AND cmf_pos,2
381,334,9,12,0.023622047244094488,0.03592814371257485,0.07871434103523944,0.05677634383598806,0.30009839291571005,0.6328012916147228,0.004095563139931741,4.638888888888889,clv>0.5 AND vol_high_price_flat,2
703,370,28,13,0.03982930298719772,0.03513513513513514,0.07871434103523944,0.05677634383598806,0.5059980489370626,0.6188340558989024,0.004436860068259386,5.138888888888889,ret_1d>2% AND dekat_low_20d,2
6813,2784,385,96,0.05650961397328636,0.034482758620689655,0.07871434103523944,0.05677634383598806,0.7179074769613799,0.6073437683888431,0.032764505119453925,38.666666666666664,rsi_14<40 AND cmf_pos,2
6129,2016,475,69,0.07750040789688367,0.03422619047619048,0.07871434103523944,0.05677634383598806,0.984577992747061,0.6028248415407119,0.02354948805460751,28.0,clv>0.7 AND rsi_14<40,2
6470,2151,485,71,0.07496136012364761,0.03300790330079033,0.07871434103523944,0.05677634383598806,0.9523215101310234,0.5813671869421794,0.024232081911262797,29.875,close>open AND mfi_oversold,2
1595,967,48,31,0.030094043887147336,0.03205791106514995,0.07871434103523944,0.05677634383598806,0.38231970809073534,0.5646350028764943,0.010580204778156996,13.430555555555555,rsi_14_40_60 AND mfi_oversold,2
2229,783,176,25,0.07895917451772096,0.031928480204342274,0.07871434103523944,0.05677634383598806,1.003110405032444,0.5623553411007807,0.008532423208191127,10.875,obv_above_ma10 AND mfi_oversold,2
947,1206,33,35,0.03484688489968321,0.02902155887230514,0.07871434103523944,0.05677634383598806,0.44270058595907813,0.5111558249707095,0.011945392491467578,16.75,bb_squeeze AND mfi_oversold,2
1468,452,143,13,0.09741144414168937,0.028761061946902654,0.07871434103523944,0.05677634383598806,1.237531088497323,0.5065677006252076,0.004436860068259386,6.277777777777778,ret_5d>0 AND rsi_14<30,2
4609,1430,393,41,0.08526795400303754,0.028671328671328673,0.07871434103523944,0.05677634383598806,1.0832581824557754,0.5049872311988353,0.013993174061433447,19.86111111111111,ret_1d>0 AND mfi_oversold,2
5746,1890,393,54,0.0683954054994779,0.02857142857142857,0.07871434103523944,0.05677634383598806,0.8689065372326259,0.5032276938078986,0.018430034129692834,26.25,clv>0.5 AND mfi_oversold,2
1856,1712,130,48,0.07004310344827586,0.028037383177570093,0.07871434103523944,0.05677634383598806,0.8898391643387883,0.49382156868999394,0.016382252559726963,23.77777777777778,ma20>ma50 AND mfi_oversold,2
441,646,25,18,0.05668934240362812,0.02786377708978328,0.07871434103523944,0.05677634383598806,0.7201907766495689,0.490763849998415,0.0061433447098976105,8.972222222222221,px>sma50 AND mfi_oversold,2
2632,2309,109,64,0.04141337386018237,0.027717626678215677,0.07871434103523944,0.05677634383598806,0.5261223471545308,0.4881897072887366,0.021843003412969283,32.06944444444444,atr_low_30pct AND mfi_oversold,2
3372,1363,146,37,0.04329774614472123,0.02714600146735143,0.07871434103523944,0.05677634383598806,0.5500617241442365,0.47812169000823823,0.012627986348122866,18.930555555555557,cmf_pos AND mfi_oversold,2
250,227,5,6,0.02,0.02643171806167401,0.07871434103523944,0.05677634383598806,0.2540833060019679,0.4655410383244877,0.0020477815699658703,3.1527777777777777,dekat_low_20d AND vol_high_close_high,2
4226,2839,129,75,0.03052531945101751,0.02641775272983445,0.07871434103523944,0.05677634383598806,0.3877987041440352,0.46529506736376675,0.025597269624573378,39.43055555555556,ret_1d>0 AND dekat_low_20d,2
2711,883,149,22,0.0549612689044633,0.02491506228765572,0.07871434103523944,0.05677634383598806,0.6982370452654595,0.4388282267633997,0.007508532423208191,12.26388888888889,ret_5d>0 AND mfi_oversold,2
3752,1246,243,31,0.06476545842217483,0.024879614767255216,0.07871434103523944,0.05677634383598806,0.8227910895319588,0.43820389067541726,0.010580204778156996,17.305555555555557,clv>0.7 AND mfi_oversold,2
3393,1411,213,35,0.0627763041556145,0.024805102763997167,0.07871434103523944,0.05677634383598806,0.7975205449221803,0.4368915130507979,0.011945392491467578,19.59722222222222,nr7 AND mfi_oversold,2
1387,2721,20,63,0.014419610670511895,0.023153252480705624,0.07871434103523944,0.05677634383598806,0.18318911752124575,0.40779752475061243,0.021501706484641638,37.791666666666664,ret_20d>0 AND dekat_low_20d,2
1238,1903,20,37,0.01615508885298869,0.019442984760903836,0.07871434103523944,0.05677634383598806,0.2052369192261453,0.3424486933690114,0.012627986348122866,26.430555555555557,px>sma20 AND dekat_low_20d,2
1193,2612,46,48,0.038558256496227995,0.018376722817764167,0.07871434103523944,0.05677634383598806,0.48985046421167316,0.32366865451656573,0.016382252559726963,36.27777777777778,bb_squeeze AND dekat_high_20d,2
2317,2208,39,40,0.01683211048769961,0.018115942028985508,0.07871434103523944,0.05677634383598806,0.21383791398525565,0.3190755304941386,0.013651877133105802,30.666666666666668,ret_5d>0 AND dekat_low_20d,2
1697,2094,26,35,0.015321154979375369,0.016714422158548233,0.07871434103523944,0.05677634383598806,0.19464248544641027,0.2943906040662253,0.011945392491467578,29.083333333333332,rsi_14_40_60 AND dekat_high_20d,2
228,243,0,4,0.0,0.01646090534979424,0.07871434103523944,0.05677634383598806,0.0,0.28992542030084695,0.0013651877133105802,3.375,dekat_high_20d AND vol_high_price_flat,2
1517,2016,45,33,0.02966381015161503,0.01636904761904762,0.07871434103523944,0.05677634383598806,0.3768539475968541,0.28830753291077527,0.011262798634812287,28.0,nr7 AND dekat_high_20d,2
2837,2158,50,35,0.017624250969333802,0.016218721037998145,0.07871434103523944,0.05677634383598806,0.22390139760483596,0.28565983545629087,0.011945392491467578,29.97222222222222,clv>0.7 AND dekat_low_20d,2
2243,1844,34,9,0.015158270173874276,0.004880694143167028,0.07871434103523944,0.05677634383598806,0.19257316995245002,0.08596351602466815,0.0030716723549488053,25.61111111111111,dekat_high_20d AND dekat_low_20d,2
246,426,3,2,0.012195121951219513,0.004694835680751174,0.07871434103523944,0.05677634383598806,0.15492884512315114,0.08268999663510071,0.0006825938566552901,5.916666666666667,rsi_14>60 AND dekat_low_20d,2
