rule,n_cond,n_disc,hit_disc,prec_disc,n_test,hit_test,prec_test
ret_20d>20% AND ret_1d>5% AND vol_ratio_20>2 AND range>8%,4,28,11,0.39285714285714285,77,28,0.36363636363636365
ret_20d>20% AND ret_1d>5% AND rsi_14>60 AND vol_ratio_20>2,4,26,12,0.46153846153846156,79,28,0.35443037974683544
px>5%_above_sma20 AND ret_20d>20% AND ret_1d>5% AND vol_ratio_20>2,4,28,12,0.42857142857142855,81,28,0.345679012345679
ret_20d>20% AND ret_1d>5% AND vol_ratio_20>2,3,29,12,0.41379310344827586,81,28,0.345679012345679
ret_5d>10% AND ret_20d>20% AND ret_1d>5% AND vol_ratio_20>2,4,28,12,0.42857142857142855,70,24,0.34285714285714286
ret_5d>10% AND ret_20d>20% AND vol_ratio_20>2 AND range>8%,4,36,12,0.3333333333333333,86,29,0.3372093023255814
ret_5d>10% AND ret_20d>20% AND ret_1d>5% AND range>8%,4,35,14,0.4,90,30,0.3333333333333333
ret_20d>20% AND ret_1d>5% AND ret_5d>5% AND vol_ratio_20>2,4,28,12,0.42857142857142855,76,25,0.32894736842105265
ret_5d>10% AND ret_1d>5% AND vol_ratio_20>2 AND range>8%,4,36,16,0.4444444444444444,95,31,0.3263157894736842
ret_20d>20% AND rsi_14>60 AND vol_ratio_20>2 AND range>8%,4,36,12,0.3333333333333333,106,34,0.32075471698113206
ret_5d>10% AND ret_1d>5% AND range>8%,3,47,19,0.40425531914893614,125,40,0.32
ret_5d>10% AND ret_1d>5% AND ret_5d>5% AND range>8%,4,47,19,0.40425531914893614,125,40,0.32
ret_20d>20% AND ret_1d>5% AND rsi_14>60 AND range>8%,4,42,16,0.38095238095238093,119,38,0.31932773109243695
ret_5d>10% AND ret_20d>20% AND rsi_14>60 AND vol_ratio_20>2,4,36,14,0.3888888888888889,94,30,0.3191489361702128
ret_20d>20% AND ret_5d>5% AND vol_ratio_20>2 AND range>8%,4,38,12,0.3157894736842105,98,31,0.3163265306122449
ret_5d>10% AND px>5%_above_sma20 AND ret_20d>20% AND vol_ratio_20>2,4,39,14,0.358974358974359,95,30,0.3157894736842105
ret_5d>10% AND ret_20d>20% AND vol_ratio_20>2,3,39,14,0.358974358974359,95,30,0.3157894736842105
ret_5d>10% AND ret_20d>20% AND ret_5d>5% AND vol_ratio_20>2,4,39,14,0.358974358974359,95,30,0.3157894736842105
px>5%_above_sma20 AND ret_20d>20% AND vol_ratio_20>2 AND range>8%,4,40,13,0.325,111,35,0.3153153153153153
ret_20d>20% AND vol_ratio_20>2 AND range>8%,3,41,13,0.3170731707317073,112,35,0.3125
ret_5d>10% AND ret_1d>5% AND rsi_14>60 AND vol_ratio_20>2,4,35,15,0.42857142857142855,90,28,0.3111111111111111
ret_5d>10% AND px>5%_above_sma20 AND ret_1d>5% AND range>8%,4,46,19,0.41304347826086957,119,37,0.31092436974789917
ret_1d>5% AND rsi_14>60 AND vol_ratio_20>2 AND range>8%,4,35,14,0.4,116,36,0.3103448275862069
px>5%_above_sma20 AND ret_1d>5% AND vol_ratio_20>2 AND range>8%,4,40,17,0.425,123,38,0.3089430894308943
ret_5d>10% AND ret_1d>5% AND rsi_14>60 AND range>8%,4,41,17,0.4146341463414634,111,34,0.3063063063063063
ret_5d>10% AND px>5%_above_sma20 AND ret_1d>5% AND vol_ratio_20>2,4,40,17,0.425,98,30,0.30612244897959184
ret_20d>20% AND ret_5d>5% AND rsi_14>60 AND vol_ratio_20>2,4,38,14,0.3684210526315789,105,32,0.3047619047619048
ret_5d>10% AND ret_1d>5% AND ret_5d>5% AND vol_ratio_20>2,4,40,17,0.425,102,31,0.30392156862745096
ret_5d>10% AND ret_1d>5% AND vol_ratio_20>2,3,40,17,0.425,102,31,0.30392156862745096
px>5%_above_sma20 AND ret_1d>5% AND rsi_14>60 AND vol_ratio_20>2,4,38,15,0.39473684210526316,119,36,0.3025210084033613
px>5%_above_sma20 AND ret_20d>20% AND ret_1d>5% AND range>8%,4,50,19,0.38,127,38,0.2992125984251969
px>5%_above_sma20 AND ret_20d>20% AND rsi_14>60 AND vol_ratio_20>2,4,39,14,0.358974358974359,117,35,0.29914529914529914
ret_20d>20% AND ret_1d>5% AND ret_5d>5% AND range>8%,4,37,14,0.3783783783783784,107,32,0.29906542056074764
ret_5d>10% AND rsi_14>60 AND vol_ratio_20>2 AND range>8%,4,41,16,0.3902439024390244,114,34,0.2982456140350877
ret_20d>20% AND rsi_14>60 AND vol_ratio_20>2,3,39,14,0.358974358974359,118,35,0.2966101694915254
px>5%_above_sma20 AND ret_20d>20% AND ret_5d>5% AND vol_ratio_20>2,4,41,14,0.34146341463414637,108,32,0.2962962962962963
ret_20d>20% AND ret_5d>5% AND vol_ratio_20>2,3,41,14,0.34146341463414637,108,32,0.2962962962962963
ret_5d>10% AND px>5%_above_sma20 AND vol_ratio_20>2 AND range>8%,4,47,18,0.3829787234042553,126,37,0.29365079365079366
px>5%_above_sma20 AND ret_20d>20% AND vol_ratio_20>2,3,43,15,0.3488372093023256,123,36,0.2926829268292683
ret_5d>10% AND ret_20d>20% AND ret_1d>5% AND rsi_14>60,4,38,16,0.42105263157894735,113,33,0.2920353982300885
ret_5d>10% AND px>5%_above_sma20 AND ret_20d>20% AND ret_1d>5%,4,41,16,0.3902439024390244,113,33,0.2920353982300885
ret_1d>5% AND rsi_14>60 AND vol_ratio_20>2,3,38,15,0.39473684210526316,127,37,0.29133858267716534
px>5%_above_sma20 AND ret_1d>5% AND vol_ratio_20>2,3,44,18,0.4090909090909091,134,39,0.291044776119403
ret_20d>20% AND vol_ratio_20>2,2,44,15,0.3409090909090909,124,36,0.2903225806451613
ret_20d>20% AND ret_1d>5% AND range>8%,3,54,21,0.3888888888888889,131,38,0.2900763358778626
ret_5d>10% AND ret_20d>20% AND ret_1d>5% AND ret_5d>5%,4,41,16,0.3902439024390244,114,33,0.2894736842105263
ret_5d>10% AND ret_20d>20% AND ret_1d>5%,3,41,16,0.3902439024390244,114,33,0.2894736842105263
ret_5d>10% AND vol_ratio_20>2 AND range>8%,3,48,19,0.3958333333333333,133,38,0.2857142857142857
ret_5d>10% AND ret_5d>5% AND vol_ratio_20>2 AND range>8%,4,48,19,0.3958333333333333,133,38,0.2857142857142857
px>5%_above_sma20 AND ret_1d>5% AND rsi_14>60 AND range>8%,4,57,20,0.3508771929824561,158,45,0.2848101265822785
ret_1d>5% AND ret_5d>5% AND rsi_14>60 AND vol_ratio_20>2,4,38,15,0.39473684210526316,113,32,0.2831858407079646
ret_5d>10% AND ret_1d>5%,2,56,21,0.375,153,43,0.28104575163398693
ret_5d>10% AND ret_1d>5% AND ret_5d>5%,3,56,21,0.375,153,43,0.28104575163398693
px>5%_above_sma20 AND ret_20d>20% AND ret_1d>5% AND rsi_14>60,4,47,18,0.3829787234042553,147,41,0.2789115646258503
ret_1d>5% AND rsi_14>60 AND range>8%,3,57,20,0.3508771929824561,165,46,0.2787878787878788
ret_1d>5% AND ret_5d>5% AND vol_ratio_20>2 AND range>8%,4,43,17,0.3953488372093023,122,34,0.2786885245901639
ret_20d>20% AND ret_1d>5% AND ret_5d>5% AND rsi_14>60,4,39,16,0.41025641025641024,126,35,0.2777777777777778
ret_20d>20% AND ret_1d>5% AND rsi_14>60,3,47,18,0.3829787234042553,148,41,0.27702702702702703
ret_5d>10% AND px>5%_above_sma20 AND ret_1d>5%,3,55,21,0.38181818181818183,145,40,0.27586206896551724
ret_5d>10% AND px>5%_above_sma20 AND ret_1d>5% AND ret_5d>5%,4,55,21,0.38181818181818183,145,40,0.27586206896551724
ret_1d>5% AND ret_5d>5% AND rsi_14>60 AND range>8%,4,47,18,0.3829787234042553,138,38,0.2753623188405797
px>5%_above_sma20 AND ret_1d>5% AND ret_5d>5% AND vol_ratio_20>2,4,43,17,0.3953488372093023,124,34,0.27419354838709675
ret_5d>10% AND px>5%_above_sma20 AND ret_1d>5% AND rsi_14>60,4,48,19,0.3958333333333333,135,37,0.2740740740740741
ret_5d>10% AND rsi_14>60 AND vol_ratio_20>2,3,48,19,0.3958333333333333,128,35,0.2734375
ret_5d>10% AND px>5%_above_sma20 AND rsi_14>60 AND vol_ratio_20>2,4,48,19,0.3958333333333333,128,35,0.2734375
ret_5d>10% AND ret_5d>5% AND rsi_14>60 AND vol_ratio_20>2,4,48,19,0.3958333333333333,128,35,0.2734375
ret_5d>10% AND ret_1d>5% AND rsi_14>60,3,48,19,0.3958333333333333,136,37,0.27205882352941174
ret_5d>10% AND ret_1d>5% AND ret_5d>5% AND rsi_14>60,4,48,19,0.3958333333333333,136,37,0.27205882352941174
ret_5d>10% AND ret_20d>20% AND rsi_14>60 AND range>8%,4,63,19,0.30158730158730157,159,43,0.27044025157232704
ret_5d>10% AND px>5%_above_sma20 AND vol_ratio_20>2,3,55,21,0.38181818181818183,141,38,0.2695035460992908
ret_5d>10% AND px>5%_above_sma20 AND ret_5d>5% AND vol_ratio_20>2,4,55,21,0.38181818181818183,141,38,0.2695035460992908
px>5%_above_sma20 AND ret_1d>5% AND range>8%,3,71,26,0.36619718309859156,182,49,0.2692307692307692
px>5%_above_sma20 AND ret_1d>5% AND ret_5d>5% AND range>8%,4,53,20,0.37735849056603776,153,41,0.2679738562091503
ret_5d>10% AND px>5%_above_sma20 AND ret_20d>20% AND range>8%,4,71,19,0.2676056338028169,165,44,0.26666666666666666
px>5%_above_sma20 AND ret_20d>20% AND ret_1d>5% AND ret_5d>5%,4,43,16,0.37209302325581395,132,35,0.26515151515151514
ret_5d>10% AND ret_20d>20% AND ret_5d>5% AND range>8%,4,72,19,0.2638888888888889,166,44,0.26506024096385544
ret_5d>10% AND ret_20d>20% AND range>8%,3,72,19,0.2638888888888889,166,44,0.26506024096385544
ret_5d>5% AND rsi_14>60 AND vol_ratio_20>2 AND range>8%,4,47,16,0.3404255319148936,151,40,0.26490066225165565
ret_20d>20% AND ret_1d>5% AND ret_5d>5%,3,43,16,0.37209302325581395,133,35,0.2631578947368421
px>5%_above_sma20 AND rsi_14>60 AND vol_ratio_20>2 AND range>8%,4,48,16,0.3333333333333333,164,43,0.2621951219512195
ret_5d>10% AND ret_5d>5% AND vol_ratio_20>2,3,56,22,0.39285714285714285,150,39,0.26
ret_5d>10% AND vol_ratio_20>2,2,56,22,0.39285714285714285,150,39,0.26
px>5%_above_sma20 AND ret_20d>20% AND ret_1d>5%,3,57,21,0.3684210526315789,158,41,0.25949367088607594
rsi_14>60 AND vol_ratio_20>2 AND range>8%,3,48,16,0.3333333333333333,185,48,0.2594594594594595
ret_1d>5% AND ret_5d>5% AND range>8%,3,64,22,0.34375,170,44,0.25882352941176473
ret_1d>5% AND vol_ratio_20>2 AND range>8%,3,64,20,0.3125,155,40,0.25806451612903225
px>5%_above_sma20 AND ret_1d>5% AND ret_5d>5% AND rsi_14>60,4,54,20,0.37037037037037035,167,43,0.25748502994011974
ret_1d>5% AND ret_5d>5% AND vol_ratio_20>2,3,47,18,0.3829787234042553,136,35,0.25735294117647056
px>5%_above_sma20 AND ret_5d>5% AND vol_ratio_20>2 AND range>8%,4,53,18,0.33962264150943394,164,42,0.25609756097560976
px>5%_above_sma20 AND vol_ratio_20>2 AND range>8%,3,57,20,0.3508771929824561,188,48,0.2553191489361702
ret_5d>10% AND range>8%,2,93,26,0.27956989247311825,236,60,0.2542372881355932
ret_5d>10% AND ret_5d>5% AND range>8%,3,93,26,0.27956989247311825,236,60,0.2542372881355932
px>5%_above_sma20 AND ret_1d>5% AND rsi_14>60,3,64,22,0.34375,198,50,0.25252525252525254
ret_20d>20% AND ret_1d>5%,2,62,23,0.3709677419354839,163,41,0.25153374233128833
ret_1d>5% AND ret_5d>5% AND rsi_14>60,3,54,20,0.37037037037037035,171,43,0.25146198830409355
ret_5d>10% AND px>5%_above_sma20 AND rsi_14>60 AND range>8%,4,74,23,0.3108108108108108,200,50,0.25
ret_5d>10% AND px>5%_above_sma20 AND range>8%,3,88,25,0.2840909090909091,224,56,0.25
ret_5d>10% AND px>5%_above_sma20 AND ret_5d>5% AND range>8%,4,88,25,0.2840909090909091,224,56,0.25
ret_5d>10% AND ret_5d>5% AND rsi_14>60 AND range>8%,4,74,23,0.3108108108108108,201,50,0.24875621890547264
ret_5d>10% AND rsi_14>60 AND range>8%,3,74,23,0.3108108108108108,201,50,0.24875621890547264
ret_20d>20% AND ret_5d>5% AND rsi_14>60 AND range>8%,4,69,20,0.2898550724637681,191,47,0.24607329842931938
px>5%_above_sma20 AND ret_1d>5% AND ret_5d>5%,3,62,22,0.3548387096774194,188,46,0.24468085106382978
px>5%_above_sma20 AND ret_20d>20% AND rsi_14>60 AND range>8%,4,104,27,0.25961538461538464,282,69,0.24468085106382978
ret_1d>5% AND rsi_14>60,2,64,22,0.34375,210,51,0.24285714285714285
px>5%_above_sma20 AND ret_5d>5% AND rsi_14>60 AND vol_ratio_20>2,4,56,19,0.3392857142857143,169,41,0.24260355029585798
px>5%_above_sma20 AND ret_20d>20% AND range>8%,3,123,32,0.2601626016260163,306,74,0.24183006535947713
ret_5d>5% AND vol_ratio_20>2 AND range>8%,3,59,20,0.3389830508474576,182,44,0.24175824175824176
ret_5d>5% AND rsi_14>60 AND vol_ratio_20>2,3,56,19,0.3392857142857143,174,42,0.2413793103448276
ret_20d>20% AND rsi_14>60 AND range>8%,3,104,27,0.25961538461538464,286,69,0.24125874125874125
px>5%_above_sma20 AND ret_20d>20% AND ret_5d>5% AND range>8%,4,78,20,0.2564102564102564,204,49,0.24019607843137256
ret_5d>10% AND px>5%_above_sma20 AND ret_20d>20% AND rsi_14>60,4,84,24,0.2857142857142857,229,55,0.24017467248908297
ret_5d>10% AND ret_20d>20% AND ret_5d>5% AND rsi_14>60,4,84,24,0.2857142857142857,230,55,0.2391304347826087
ret_5d>10% AND ret_20d>20% AND rsi_14>60,3,84,24,0.2857142857142857,230,55,0.2391304347826087
px>5%_above_sma20 AND ret_1d>5%,2,82,28,0.34146341463414637,226,54,0.23893805309734514
ret_1d>5% AND vol_ratio_20>2,2,69,21,0.30434782608695654,173,41,0.23699421965317918
ret_20d>20% AND ret_5d>5% AND range>8%,3,81,20,0.24691358024691357,207,49,0.23671497584541062
ret_5d>10% AND px>5%_above_sma20 AND ret_20d>20%,3,93,24,0.25806451612903225,238,56,0.23529411764705882
ret_5d>10% AND px>5%_above_sma20 AND ret_20d>20% AND ret_5d>5%,4,93,24,0.25806451612903225,238,56,0.23529411764705882
ret_5d>10% AND ret_20d>20% AND ret_5d>5%,3,94,24,0.2553191489361702,239,56,0.23430962343096234
ret_5d>10% AND ret_20d>20%,2,94,24,0.2553191489361702,239,56,0.23430962343096234
ret_1d>5% AND ret_5d>5%,2,75,24,0.32,210,49,0.23333333333333334
px>5%_above_sma20 AND rsi_14>60 AND vol_ratio_20>2,3,58,19,0.3275862068965517,193,45,0.23316062176165803
px>5%_above_sma20 AND ret_5d>5% AND vol_ratio_20>2,3,63,21,0.3333333333333333,189,44,0.2328042328042328
ret_20d>20% AND range>8%,2,172,39,0.22674418604651161,341,79,0.2316715542521994
px>5%_above_sma20 AND vol_ratio_20>2,2,68,23,0.3382352941176471,219,50,0.228310502283105
rsi_14>60 AND vol_ratio_20>2,2,61,19,0.3114754098360656,233,51,0.21888412017167383
px>5%_above_sma20 AND ret_5d>5% AND rsi_14>60 AND range>8%,4,86,25,0.29069767441860467,267,58,0.21722846441947566
ret_5d>10% AND px>5%_above_sma20,2,120,31,0.25833333333333336,323,70,0.21671826625386997
ret_5d>10% AND px>5%_above_sma20 AND ret_5d>5%,3,120,31,0.25833333333333336,323,70,0.21671826625386997
px>5%_above_sma20 AND rsi_14>60 AND range>8%,3,129,33,0.2558139534883721,383,83,0.21671018276762402
ret_5d>10% AND px>5%_above_sma20 AND ret_5d>5% AND rsi_14>60,4,103,29,0.2815533980582524,291,63,0.21649484536082475
ret_5d>10% AND px>5%_above_sma20 AND rsi_14>60,3,103,29,0.2815533980582524,291,63,0.21649484536082475
ret_5d>5% AND rsi_14>60 AND range>8%,3,86,25,0.29069767441860467,273,59,0.21611721611721613
ret_5d>10% AND ret_5d>5%,2,131,33,0.25190839694656486,344,74,0.21511627906976744
ret_5d>5% AND vol_ratio_20>2,2,70,23,0.32857142857142857,214,46,0.21495327102803738
ret_1d>5% AND range>8%,2,168,36,0.21428571428571427,256,55,0.21484375
px>5%_above_sma20 AND range>8%,2,161,41,0.2546583850931677,438,94,0.2146118721461187
ret_5d>10% AND rsi_14>60,2,103,29,0.2815533980582524,294,63,0.21428571428571427
ret_5d>10% AND ret_5d>5% AND rsi_14>60,3,103,29,0.2815533980582524,294,63,0.21428571428571427
px>5%_above_sma20 AND ret_5d>5% AND range>8%,3,102,27,0.2647058823529412,306,65,0.21241830065359477
rsi_14>60 AND range>8%,2,132,34,0.25757575757575757,426,88,0.20657276995305165
px>5%_above_sma20 AND ret_20d>20% AND ret_5d>5% AND rsi_14>60,4,93,26,0.27956989247311825,302,61,0.20198675496688742
ret_20d>20% AND ret_5d>5% AND rsi_14>60,3,93,26,0.27956989247311825,303,61,0.20132013201320131
ret_5d>5% AND range>8%,2,127,30,0.23622047244094488,353,71,0.20113314447592068
px>5%_above_sma20 AND ret_20d>20% AND ret_5d>5%,3,105,26,0.24761904761904763,320,63,0.196875
ret_20d>20% AND ret_5d>5%,2,108,26,0.24074074074074073,325,63,0.19384615384615383
vol_ratio_20>2 AND range>8%,2,178,32,0.1797752808988764,345,66,0.19130434782608696
px>5%_above_sma20 AND ret_20d>20% AND rsi_14>60,3,148,36,0.24324324324324326,534,98,0.18352059925093633
px>5%_above_sma20 AND ret_20d>20%,2,173,41,0.23699421965317918,572,103,0.18006993006993008
ret_20d>20% AND rsi_14>60,2,153,37,0.24183006535947713,558,98,0.17562724014336917
px>5%_above_sma20 AND ret_5d>5% AND rsi_14>60,3,133,32,0.24060150375939848,450,78,0.17333333333333334
px>5%_above_sma20 AND ret_5d>5%,2,156,34,0.21794871794871795,508,87,0.17125984251968504
ret_5d>5% AND rsi_14>60,2,134,32,0.23880597014925373,478,80,0.16736401673640167
px>5%_above_sma20 AND rsi_14>60,2,217,45,0.2073732718894009,809,120,0.14833127317676142
