date,kode,close,ret_5d,vol_ratio_5,touch_today,touch_next
2026-10-02,TIFA,356,0.2108843537414966,4.47,1,0
2026-10-02,PGLI,266,0.2314814814814814,4.02,1,0
2026-10-02,MBSS,3630,0.25605536332179923,4.05,1,0
2026-10-02,SAMF,360,0.139240506329114,4.85,1,0
2026-10-01,GEMS,8150,0.12802768166089962,3.75,1,0
2026-10-01,UNIQ,137,0.1416666666666666,4.33,1,0
2026-10-01,SAPX,444,0.13265306122448983,3.09,1,0
2026-09-30,AIMS,605,0.219758064516129,3.86,1,1
2026-09-30,ASGR,2520,0.18867924528301883,3.95,1,0
2026-09-30,IFSH,1520,0.48292682926829267,3.11,1,0
2026-09-29,SMAR,6875,0.12244897959183665,3.97,1,1
2026-09-28,URBN,306,0.2142857142857142,3.09,1,0
2026-09-28,IFSH,1250,0.179245283018868,4.13,1,1
2026-09-28,MBTO,176,0.1282051282051282,3.23,1,0
2026-09-25,BIPP,75,0.11940298507462677,3.06,1,0
2026-09-25,MBTO,206,0.33766233766233755,4.39,1,1
2026-09-25,MTLA,575,0.11650485436893199,4.95,1,1
2026-09-24,PMUI,114,0.10679611650485432,4.62,1,0
2026-09-24,GWSA,184,0.1870967741935483,3.59,0,0
2026-09-24,TMPO,170,0.10389610389610393,3.36,1,0
2026-09-24,MEJA,130,0.13043478260869557,3.5,0,1
2026-09-24,CBPE,555,0.11895161290322576,3.29,1,0
2026-09-24,BIPP,87,0.26086956521739135,4.62,1,1
2026-09-24,UNSP,320,0.4545454545454546,3.67,1,1
2026-09-23,GWSA,174,0.11538461538461542,3.37,1,0
2026-09-23,EMMI,420,0.25,4.18,1,0
2026-09-23,MPXL,220,0.30952380952380953,4.8,1,0
2026-09-22,DYAN,99,0.15116279069767447,4.97,1,0
2026-09-22,DSFI,108,0.24137931034482762,3.16,1,0
2026-09-22,BAIK,264,0.11864406779661008,4.41,1,0
