rule,n_disc,prec_disc,lift_disc,n_test,prec_test,lift_test,delta
ret_5d>5% AND vol_ratio_20>1.5,1044,0.16954022988505746,2.8878781086163308,1170,0.15042735042735042,2.8355868511208313,-0.019112879457707038
ret_5d>5% AND atr_high,722,0.16481994459833796,2.807474722616543,311,0.1414790996784566,2.6669104628708786,-0.023340844919881365
vol_ratio_20>1.5 AND ret_5d>3%,1242,0.15539452495974235,2.6469260253706057,1400,0.14,2.6390291262135923,-0.015394524959742334
vol_ratio_20>1.5 AND rsi_14>60,1234,0.1547811993517018,2.6364788907989767,1354,0.12998522895125553,2.450248608427897,-0.02479597040044626
ret_5d>5% AND ret_1d>1%,1250,0.1528,2.6027319609967496,1539,0.12345679012345678,2.3271861783188643,-0.029343209876543208
vol_ratio_20>1.5 AND atr_high,714,0.15126050420168066,2.5765088267159517,231,0.16883116883116883,3.1825026568438495,0.01757066462948817
vol_ratio_20>1.5 AND ret_1d>1%,1243,0.1504424778761062,2.5625749048408903,1382,0.11794500723589002,2.223287924192762,-0.032497470640216186
vol_ratio_20>1.5 AND px>2pct_above_sma20,1423,0.14898102600140548,2.537681138455143,1619,0.1260037059913527,2.3751960723002417,-0.022977320010052787
ret_5d>3% AND atr_high,915,0.14754098360655737,2.5131520522885102,373,0.13672922252010725,2.5773742902507317,-0.010811761086450128
ret_5d>5% AND rsi_14>60,1885,0.1389920424403183,2.3675329265944574,2097,0.1139723414401526,2.1484023474523077,-0.025019701000165692
ret_1d>1% AND rsi_14>60,1710,0.13391812865497077,2.2811059791044968,2085,0.09640287769784173,1.8172143006815074,-0.03751525095712904
ret_5d>3% AND ret_1d>1%,1605,0.13333333333333333,2.271144817623691,2034,0.1071779744346116,2.02032711586797,-0.026155358898721726
ret_5d>5% AND px>2pct_above_sma20,2240,0.13035714285714287,2.2204496208017335,2593,0.10566910913999229,1.991884691153447,-0.024688033717150573
ret_5d>5% AND ret_5d>3%,2401,0.12619741774260726,2.1495945847771085,2738,0.10482103725346968,1.9758983596559034,-0.021376380489137578
ret_5d>5%,2401,0.12619741774260726,2.1495945847771085,2738,0.10482103725346968,1.9758983596559034,-0.021376380489137578
ret_1d>1% AND atr_high,986,0.1257606490872211,2.142154848265753,309,0.11974110032362459,2.2571446525636363,-0.006019548763596505
px>2pct_above_sma20 AND ret_1d>1%,2062,0.12560620756547042,2.1395241553026283,2732,0.0911420204978038,1.7180460479690034,-0.034464187067666616
px>2pct_above_sma20 AND atr_high,1713,0.1243432574430823,2.118011585612286,685,0.11532846715328467,2.1739655992791844,-0.009014790289797639
rsi_14>60 AND atr_high,1475,0.12271186440677966,2.09022311181299,571,0.1190893169877408,2.244858401082365,-0.003622547419038849
ret_5d>3% AND rsi_14>60,2401,0.12203248646397334,2.078650869107897,2754,0.09912854030501089,1.868593607885441,-0.02290394615896245
ret_5d>3% AND px>2pct_above_sma20,2916,0.1135116598079561,1.9335106343452717,3544,0.09311512415349887,1.7552394623719878,-0.020396535654457232
vol_ratio_20>1.5,2603,0.10718401844026124,1.8257282100951107,2572,0.09797822706065319,1.8469099639130895,-0.009205791379608044
ret_5d>3%,3370,0.10415430267062314,1.7741212855769632,3955,0.08950695322376738,1.687224689686855,-0.014647349446855765
px>2pct_above_sma20 AND rsi_14>60,4036,0.10009910802775025,1.7050467783448424,4516,0.07772364924712134,1.4651069582768739,-0.02237545878062891
px>2pct_above_sma20,5123,0.09330470427483896,1.5893137168028366,6171,0.07308377896613191,1.3776444381812742,-0.020220925308707047
ret_1d>1%,3662,0.09202621518296013,1.5675364627372688,3968,0.07736895161290322,1.458420834079012,-0.014657263570056908
rsi_14>60,4500,0.09155555555555556,1.5595194414349345,4984,0.0728330658105939,1.372918443039919,-0.018722489744961657
atr_high,4153,0.08885143269925355,1.513458531850124,1078,0.08998144712430427,1.696168998427766,0.0011300144250507155
